BIN,Brand,Type,Category,Issuer,IssuerPhone,IssuerUrl,isoCode2,isoCode3,CountryName,BankDomain,LogoUrl
106500,UATP,CREDIT,UATP,SAUDI ARABIAN AIRLINES (SV),,,SA,SAU,SAUDI ARABIA,saudia.com,https://commons.wikimedia.org/wiki/File:Saudia_logo.svg
106501,UATP,CREDIT,UATP,SAUDI ARABIAN AIRLINES (SV),,,SA,SAU,SAUDI ARABIA,saudia.com,https://commons.wikimedia.org/wiki/File:Saudia_logo.svg
106502,UATP,CREDIT,UATP,SAUDI ARABIAN AIRLINES (SV),,,SA,SAU,SAUDI ARABIA,saudia.com,https://commons.wikimedia.org/wiki/File:Saudia_logo.svg
106503,UATP,CREDIT,UATP,SAUDI ARABIAN AIRLINES (SV),,,SA,SAU,SAUDI ARABIA,saudia.com,https://commons.wikimedia.org/wiki/File:Saudia_logo.svg
106504,UATP,CREDIT,UATP,SAUDI ARABIAN AIRLINES (SV),,,SA,SAU,SAUDI ARABIA,saudia.com,https://commons.wikimedia.org/wiki/File:Saudia_logo.svg
106505,UATP,CREDIT,UATP,SAUDI ARABIAN AIRLINES (SV),,,SA,SAU,SAUDI ARABIA,saudia.com,https://commons.wikimedia.org/wiki/File:Saudia_logo.svg
106506,UATP,CREDIT,UATP,SAUDI ARABIAN AIRLINES (SV),,,SA,SAU,SAUDI ARABIA,saudia.com,https://commons.wikimedia.org/wiki/File:Saudia_logo.svg
106507,UATP,CREDIT,UATP,SAUDI ARABIAN AIRLINES (SV),,,SA,SAU,SAUDI ARABIA,saudia.com,https://commons.wikimedia.org/wiki/File:Saudia_logo.svg
106508,UATP,CREDIT,UATP,SAUDI ARABIAN AIRLINES (SV),,,SA,SAU,SAUDI ARABIA,saudia.com,https://commons.wikimedia.org/wiki/File:Saudia_logo.svg
106509,UATP,CREDIT,UATP,SAUDI ARABIAN AIRLINES (SV),,,SA,SAU,SAUDI ARABIA,saudia.com,https://commons.wikimedia.org/wiki/File:Saudia_logo.svg
106510,UATP,CREDIT,UATP,SAUDI ARABIAN AIRLINES (SV),,,SA,SAU,SAUDI ARABIA,saudia.com,https://commons.wikimedia.org/wiki/File:Saudia_logo.svg
106511,UATP,CREDIT,UATP,SAUDI ARABIAN AIRLINES (SV),,,SA,SAU,SAUDI ARABIA,saudia.com,https://commons.wikimedia.org/wiki/File:Saudia_logo.svg
106512,UATP,CREDIT,UATP,SAUDI ARABIAN AIRLINES (SV),,,SA,SAU,SAUDI ARABIA,saudia.com,https://commons.wikimedia.org/wiki/File:Saudia_logo.svg
106513,UATP,CREDIT,UATP,SAUDI ARABIAN AIRLINES (SV),,,SA,SAU,SAUDI ARABIA,saudia.com,https://commons.wikimedia.org/wiki/File:Saudia_logo.svg
106514,UATP,CREDIT,UATP,SAUDI ARABIAN AIRLINES (SV),,,SA,SAU,SAUDI ARABIA,saudia.com,https://commons.wikimedia.org/wiki/File:Saudia_logo.svg
106515,UATP,CREDIT,UATP,SAUDI ARABIAN AIRLINES (SV),,,SA,SAU,SAUDI ARABIA,saudia.com,https://commons.wikimedia.org/wiki/File:Saudia_logo.svg
106516,UATP,CREDIT,UATP,SAUDI ARABIAN AIRLINES (SV),,,SA,SAU,SAUDI ARABIA,saudia.com,https://commons.wikimedia.org/wiki/File:Saudia_logo.svg
106517,UATP,CREDIT,UATP,SAUDI ARABIAN AIRLINES (SV),,,SA,SAU,SAUDI ARABIA,saudia.com,https://commons.wikimedia.org/wiki/File:Saudia_logo.svg
106518,UATP,CREDIT,UATP,SAUDI ARABIAN AIRLINES (SV),,,SA,SAU,SAUDI ARABIA,saudia.com,https://commons.wikimedia.org/wiki/File:Saudia_logo.svg
106519,UATP,CREDIT,UATP,SAUDI ARABIAN AIRLINES (SV),,,SA,SAU,SAUDI ARABIA,saudia.com,https://commons.wikimedia.org/wiki/File:Saudia_logo.svg
106520,UATP,CREDIT,UATP,SAUDI ARABIAN AIRLINES (SV),,,SA,SAU,SAUDI ARABIA,saudia.com,https://commons.wikimedia.org/wiki/File:Saudia_logo.svg
106521,UATP,CREDIT,UATP,SAUDI ARABIAN AIRLINES (SV),,,SA,SAU,SAUDI ARABIA,saudia.com,https://commons.wikimedia.org/wiki/File:Saudia_logo.svg
106522,UATP,CREDIT,UATP,SAUDI ARABIAN AIRLINES (SV),,,SA,SAU,SAUDI ARABIA,saudia.com,https://commons.wikimedia.org/wiki/File:Saudia_logo.svg
106523,UATP,CREDIT,UATP,SAUDI ARABIAN AIRLINES (SV),,,SA,SAU,SAUDI ARABIA,saudia.com,https://commons.wikimedia.org/wiki/File:Saudia_logo.svg
106524,UATP,CREDIT,UATP,SAUDI ARABIAN AIRLINES (SV),,,SA,SAU,SAUDI ARABIA,saudia.com,https://commons.wikimedia.org/wiki/File:Saudia_logo.svg
106525,UATP,CREDIT,UATP,SAUDI ARABIAN AIRLINES (SV),,,SA,SAU,SAUDI ARABIA,saudia.com,https://commons.wikimedia.org/wiki/File:Saudia_logo.svg
106526,UATP,CREDIT,UATP,SAUDI ARABIAN AIRLINES (SV),,,SA,SAU,SAUDI ARABIA,saudia.com,https://commons.wikimedia.org/wiki/File:Saudia_logo.svg
106527,UATP,CREDIT,UATP,SAUDI ARABIAN AIRLINES (SV),,,SA,SAU,SAUDI ARABIA,saudia.com,https://commons.wikimedia.org/wiki/File:Saudia_logo.svg
106528,UATP,CREDIT,UATP,SAUDI ARABIAN AIRLINES (SV),,,SA,SAU,SAUDI ARABIA,saudia.com,https://commons.wikimedia.org/wiki/File:Saudia_logo.svg
106529,UATP,CREDIT,UATP,SAUDI ARABIAN AIRLINES (SV),,,SA,SAU,SAUDI ARABIA,saudia.com,https://commons.wikimedia.org/wiki/File:Saudia_logo.svg
106530,UATP,CREDIT,UATP,SAUDI ARABIAN AIRLINES (SV),,,SA,SAU,SAUDI ARABIA,saudia.com,https://commons.wikimedia.org/wiki/File:Saudia_logo.svg
106531,UATP,CREDIT,UATP,SAUDI ARABIAN AIRLINES (SV),,,SA,SAU,SAUDI ARABIA,saudia.com,https://commons.wikimedia.org/wiki/File:Saudia_logo.svg
106532,UATP,CREDIT,UATP,SAUDI ARABIAN AIRLINES (SV),,,SA,SAU,SAUDI ARABIA,saudia.com,https://commons.wikimedia.org/wiki/File:Saudia_logo.svg
106533,UATP,CREDIT,UATP,SAUDI ARABIAN AIRLINES (SV),,,SA,SAU,SAUDI ARABIA,saudia.com,https://commons.wikimedia.org/wiki/File:Saudia_logo.svg
106534,UATP,CREDIT,UATP,SAUDI ARABIAN AIRLINES (SV),,,SA,SAU,SAUDI ARABIA,saudia.com,https://commons.wikimedia.org/wiki/File:Saudia_logo.svg
106535,UATP,CREDIT,UATP,SAUDI ARABIAN AIRLINES (SV),,,SA,SAU,SAUDI ARABIA,saudia.com,https://commons.wikimedia.org/wiki/File:Saudia_logo.svg
106536,UATP,CREDIT,UATP,SAUDI ARABIAN AIRLINES (SV),,,SA,SAU,SAUDI ARABIA,saudia.com,https://commons.wikimedia.org/wiki/File:Saudia_logo.svg
106537,UATP,CREDIT,UATP,SAUDI ARABIAN AIRLINES (SV),,,SA,SAU,SAUDI ARABIA,saudia.com,https://commons.wikimedia.org/wiki/File:Saudia_logo.svg
106538,UATP,CREDIT,UATP,SAUDI ARABIAN AIRLINES (SV),,,SA,SAU,SAUDI ARABIA,saudia.com,https://commons.wikimedia.org/wiki/File:Saudia_logo.svg
106539,UATP,CREDIT,UATP,SAUDI ARABIAN AIRLINES (SV),,,SA,SAU,SAUDI ARABIA,saudia.com,https://commons.wikimedia.org/wiki/File:Saudia_logo.svg
106540,UATP,CREDIT,UATP,SAUDI ARABIAN AIRLINES (SV),,,SA,SAU,SAUDI ARABIA,saudia.com,https://commons.wikimedia.org/wiki/File:Saudia_logo.svg
106541,UATP,CREDIT,UATP,SAUDI ARABIAN AIRLINES (SV),,,SA,SAU,SAUDI ARABIA,saudia.com,https://commons.wikimedia.org/wiki/File:Saudia_logo.svg
106542,UATP,CREDIT,UATP,SAUDI ARABIAN AIRLINES (SV),,,SA,SAU,SAUDI ARABIA,saudia.com,https://commons.wikimedia.org/wiki/File:Saudia_logo.svg
106543,UATP,CREDIT,UATP,SAUDI ARABIAN AIRLINES (SV),,,SA,SAU,SAUDI ARABIA,saudia.com,https://commons.wikimedia.org/wiki/File:Saudia_logo.svg
106544,UATP,CREDIT,UATP,SAUDI ARABIAN AIRLINES (SV),,,SA,SAU,SAUDI ARABIA,saudia.com,https://commons.wikimedia.org/wiki/File:Saudia_logo.svg
106545,UATP,CREDIT,UATP,SAUDI ARABIAN AIRLINES (SV),,,SA,SAU,SAUDI ARABIA,saudia.com,https://commons.wikimedia.org/wiki/File:Saudia_logo.svg
106546,UATP,CREDIT,UATP,SAUDI ARABIAN AIRLINES (SV),,,SA,SAU,SAUDI ARABIA,saudia.com,https://commons.wikimedia.org/wiki/File:Saudia_logo.svg
106547,UATP,CREDIT,UATP,SAUDI ARABIAN AIRLINES (SV),,,SA,SAU,SAUDI ARABIA,saudia.com,https://commons.wikimedia.org/wiki/File:Saudia_logo.svg
106548,UATP,CREDIT,UATP,SAUDI ARABIAN AIRLINES (SV),,,SA,SAU,SAUDI ARABIA,saudia.com,https://commons.wikimedia.org/wiki/File:Saudia_logo.svg
106549,UATP,CREDIT,UATP,SAUDI ARABIAN AIRLINES (SV),,,SA,SAU,SAUDI ARABIA,saudia.com,https://commons.wikimedia.org/wiki/File:Saudia_logo.svg
106550,UATP,CREDIT,UATP,SAUDI ARABIAN AIRLINES (SV),,,SA,SAU,SAUDI ARABIA,saudia.com,https://commons.wikimedia.org/wiki/File:Saudia_logo.svg
106551,UATP,CREDIT,UATP,SAUDI ARABIAN AIRLINES (SV),,,SA,SAU,SAUDI ARABIA,saudia.com,https://commons.wikimedia.org/wiki/File:Saudia_logo.svg
106552,UATP,CREDIT,UATP,SAUDI ARABIAN AIRLINES (SV),,,SA,SAU,SAUDI ARABIA,saudia.com,https://commons.wikimedia.org/wiki/File:Saudia_logo.svg
106553,UATP,CREDIT,UATP,SAUDI ARABIAN AIRLINES (SV),,,SA,SAU,SAUDI ARABIA,saudia.com,https://commons.wikimedia.org/wiki/File:Saudia_logo.svg
106554,UATP,CREDIT,UATP,SAUDI ARABIAN AIRLINES (SV),,,SA,SAU,SAUDI ARABIA,saudia.com,https://commons.wikimedia.org/wiki/File:Saudia_logo.svg
106555,UATP,CREDIT,UATP,SAUDI ARABIAN AIRLINES (SV),,,SA,SAU,SAUDI ARABIA,saudia.com,https://commons.wikimedia.org/wiki/File:Saudia_logo.svg
106556,UATP,CREDIT,UATP,SAUDI ARABIAN AIRLINES (SV),,,SA,SAU,SAUDI ARABIA,saudia.com,https://commons.wikimedia.org/wiki/File:Saudia_logo.svg
106557,UATP,CREDIT,UATP,SAUDI ARABIAN AIRLINES (SV),,,SA,SAU,SAUDI ARABIA,saudia.com,https://commons.wikimedia.org/wiki/File:Saudia_logo.svg
106558,UATP,CREDIT,UATP,SAUDI ARABIAN AIRLINES (SV),,,SA,SAU,SAUDI ARABIA,saudia.com,https://commons.wikimedia.org/wiki/File:Saudia_logo.svg
106559,UATP,CREDIT,UATP,SAUDI ARABIAN AIRLINES (SV),,,SA,SAU,SAUDI ARABIA,saudia.com,https://commons.wikimedia.org/wiki/File:Saudia_logo.svg
106560,UATP,CREDIT,UATP,SAUDI ARABIAN AIRLINES (SV),,,SA,SAU,SAUDI ARABIA,saudia.com,https://commons.wikimedia.org/wiki/File:Saudia_logo.svg
106561,UATP,CREDIT,UATP,SAUDI ARABIAN AIRLINES (SV),,,SA,SAU,SAUDI ARABIA,saudia.com,https://commons.wikimedia.org/wiki/File:Saudia_logo.svg
106562,UATP,CREDIT,UATP,SAUDI ARABIAN AIRLINES (SV),,,SA,SAU,SAUDI ARABIA,saudia.com,https://commons.wikimedia.org/wiki/File:Saudia_logo.svg
106563,UATP,CREDIT,UATP,SAUDI ARABIAN AIRLINES (SV),,,SA,SAU,SAUDI ARABIA,saudia.com,https://commons.wikimedia.org/wiki/File:Saudia_logo.svg
106564,UATP,CREDIT,UATP,SAUDI ARABIAN AIRLINES (SV),,,SA,SAU,SAUDI ARABIA,saudia.com,https://commons.wikimedia.org/wiki/File:Saudia_logo.svg
106565,UATP,CREDIT,UATP,SAUDI ARABIAN AIRLINES (SV),,,SA,SAU,SAUDI ARABIA,saudia.com,https://commons.wikimedia.org/wiki/File:Saudia_logo.svg
106566,UATP,CREDIT,UATP,SAUDI ARABIAN AIRLINES (SV),,,SA,SAU,SAUDI ARABIA,saudia.com,https://commons.wikimedia.org/wiki/File:Saudia_logo.svg
106567,UATP,CREDIT,UATP,SAUDI ARABIAN AIRLINES (SV),,,SA,SAU,SAUDI ARABIA,saudia.com,https://commons.wikimedia.org/wiki/File:Saudia_logo.svg
106568,UATP,CREDIT,UATP,SAUDI ARABIAN AIRLINES (SV),,,SA,SAU,SAUDI ARABIA,saudia.com,https://commons.wikimedia.org/wiki/File:Saudia_logo.svg
106569,UATP,CREDIT,UATP,SAUDI ARABIAN AIRLINES (SV),,,SA,SAU,SAUDI ARABIA,saudia.com,https://commons.wikimedia.org/wiki/File:Saudia_logo.svg
106570,UATP,CREDIT,UATP,SAUDI ARABIAN AIRLINES (SV),,,SA,SAU,SAUDI ARABIA,saudia.com,https://commons.wikimedia.org/wiki/File:Saudia_logo.svg
106571,UATP,CREDIT,UATP,SAUDI ARABIAN AIRLINES (SV),,,SA,SAU,SAUDI ARABIA,saudia.com,https://commons.wikimedia.org/wiki/File:Saudia_logo.svg
106572,UATP,CREDIT,UATP,SAUDI ARABIAN AIRLINES (SV),,,SA,SAU,SAUDI ARABIA,saudia.com,https://commons.wikimedia.org/wiki/File:Saudia_logo.svg
106573,UATP,CREDIT,UATP,SAUDI ARABIAN AIRLINES (SV),,,SA,SAU,SAUDI ARABIA,saudia.com,https://commons.wikimedia.org/wiki/File:Saudia_logo.svg
106574,UATP,CREDIT,UATP,SAUDI ARABIAN AIRLINES (SV),,,SA,SAU,SAUDI ARABIA,saudia.com,https://commons.wikimedia.org/wiki/File:Saudia_logo.svg
106575,UATP,CREDIT,UATP,SAUDI ARABIAN AIRLINES (SV),,,SA,SAU,SAUDI ARABIA,saudia.com,https://commons.wikimedia.org/wiki/File:Saudia_logo.svg
106576,UATP,CREDIT,UATP,SAUDI ARABIAN AIRLINES (SV),,,SA,SAU,SAUDI ARABIA,saudia.com,https://commons.wikimedia.org/wiki/File:Saudia_logo.svg
106577,UATP,CREDIT,UATP,SAUDI ARABIAN AIRLINES (SV),,,SA,SAU,SAUDI ARABIA,saudia.com,https://commons.wikimedia.org/wiki/File:Saudia_logo.svg
106578,UATP,CREDIT,UATP,SAUDI ARABIAN AIRLINES (SV),,,SA,SAU,SAUDI ARABIA,saudia.com,https://commons.wikimedia.org/wiki/File:Saudia_logo.svg
106579,UATP,CREDIT,UATP,SAUDI ARABIAN AIRLINES (SV),,,SA,SAU,SAUDI ARABIA,saudia.com,https://commons.wikimedia.org/wiki/File:Saudia_logo.svg
106580,UATP,CREDIT,UATP,SAUDI ARABIAN AIRLINES (SV),,,SA,SAU,SAUDI ARABIA,saudia.com,https://commons.wikimedia.org/wiki/File:Saudia_logo.svg
106581,UATP,CREDIT,UATP,SAUDI ARABIAN AIRLINES (SV),,,SA,SAU,SAUDI ARABIA,saudia.com,https://commons.wikimedia.org/wiki/File:Saudia_logo.svg
106582,UATP,CREDIT,UATP,SAUDI ARABIAN AIRLINES (SV),,,SA,SAU,SAUDI ARABIA,saudia.com,https://commons.wikimedia.org/wiki/File:Saudia_logo.svg
106583,UATP,CREDIT,UATP,SAUDI ARABIAN AIRLINES (SV),,,SA,SAU,SAUDI ARABIA,saudia.com,https://commons.wikimedia.org/wiki/File:Saudia_logo.svg
106584,UATP,CREDIT,UATP,SAUDI ARABIAN AIRLINES (SV),,,SA,SAU,SAUDI ARABIA,saudia.com,https://commons.wikimedia.org/wiki/File:Saudia_logo.svg
106585,UATP,CREDIT,UATP,SAUDI ARABIAN AIRLINES (SV),,,SA,SAU,SAUDI ARABIA,saudia.com,https://commons.wikimedia.org/wiki/File:Saudia_logo.svg
106586,UATP,CREDIT,UATP,SAUDI ARABIAN AIRLINES (SV),,,SA,SAU,SAUDI ARABIA,saudia.com,https://commons.wikimedia.org/wiki/File:Saudia_logo.svg
106587,UATP,CREDIT,UATP,SAUDI ARABIAN AIRLINES (SV),,,SA,SAU,SAUDI ARABIA,saudia.com,https://commons.wikimedia.org/wiki/File:Saudia_logo.svg
106588,UATP,CREDIT,UATP,SAUDI ARABIAN AIRLINES (SV),,,SA,SAU,SAUDI ARABIA,saudia.com,https://commons.wikimedia.org/wiki/File:Saudia_logo.svg
106589,UATP,CREDIT,UATP,SAUDI ARABIAN AIRLINES (SV),,,SA,SAU,SAUDI ARABIA,saudia.com,https://commons.wikimedia.org/wiki/File:Saudia_logo.svg
106590,UATP,CREDIT,UATP,SAUDI ARABIAN AIRLINES (SV),,,SA,SAU,SAUDI ARABIA,saudia.com,https://commons.wikimedia.org/wiki/File:Saudia_logo.svg
106591,UATP,CREDIT,UATP,SAUDI ARABIAN AIRLINES (SV),,,SA,SAU,SAUDI ARABIA,saudia.com,https://commons.wikimedia.org/wiki/File:Saudia_logo.svg
106592,UATP,CREDIT,UATP,SAUDI ARABIAN AIRLINES (SV),,,SA,SAU,SAUDI ARABIA,saudia.com,https://commons.wikimedia.org/wiki/File:Saudia_logo.svg
106593,UATP,CREDIT,UATP,SAUDI ARABIAN AIRLINES (SV),,,SA,SAU,SAUDI ARABIA,saudia.com,https://commons.wikimedia.org/wiki/File:Saudia_logo.svg
106594,UATP,CREDIT,UATP,SAUDI ARABIAN AIRLINES (SV),,,SA,SAU,SAUDI ARABIA,saudia.com,https://commons.wikimedia.org/wiki/File:Saudia_logo.svg
106595,UATP,CREDIT,UATP,SAUDI ARABIAN AIRLINES (SV),,,SA,SAU,SAUDI ARABIA,saudia.com,https://commons.wikimedia.org/wiki/File:Saudia_logo.svg
106596,UATP,CREDIT,UATP,SAUDI ARABIAN AIRLINES (SV),,,SA,SAU,SAUDI ARABIA,saudia.com,https://commons.wikimedia.org/wiki/File:Saudia_logo.svg
106597,UATP,CREDIT,UATP,SAUDI ARABIAN AIRLINES (SV),,,SA,SAU,SAUDI ARABIA,saudia.com,https://commons.wikimedia.org/wiki/File:Saudia_logo.svg
106598,UATP,CREDIT,UATP,SAUDI ARABIAN AIRLINES (SV),,,SA,SAU,SAUDI ARABIA,saudia.com,https://commons.wikimedia.org/wiki/File:Saudia_logo.svg
106599,UATP,CREDIT,UATP,SAUDI ARABIAN AIRLINES (SV),,,SA,SAU,SAUDI ARABIA,saudia.com,https://commons.wikimedia.org/wiki/File:Saudia_logo.svg
111400,UATP,CREDIT,UATP,EL AL ISRAELI AIRLINES (LY),,,IL,ISR,ISRAEL,elal.com,https://commons.wikimedia.org/wiki/File:El_Al_Logo.svg
111401,UATP,CREDIT,UATP,EL AL ISRAELI AIRLINES (LY),,,IL,ISR,ISRAEL,elal.com,https://commons.wikimedia.org/wiki/File:El_Al_Logo.svg
111402,UATP,CREDIT,UATP,EL AL ISRAELI AIRLINES (LY),,,IL,ISR,ISRAEL,elal.com,https://commons.wikimedia.org/wiki/File:El_Al_Logo.svg
111403,UATP,CREDIT,UATP,EL AL ISRAELI AIRLINES (LY),,,IL,ISR,ISRAEL,elal.com,https://commons.wikimedia.org/wiki/File:El_Al_Logo.svg
111404,UATP,CREDIT,UATP,EL AL ISRAELI AIRLINES (LY),,,IL,ISR,ISRAEL,elal.com,https://commons.wikimedia.org/wiki/File:El_Al_Logo.svg
111405,UATP,CREDIT,UATP,EL AL ISRAELI AIRLINES (LY),,,IL,ISR,ISRAEL,elal.com,https://commons.wikimedia.org/wiki/File:El_Al_Logo.svg
111406,UATP,CREDIT,UATP,EL AL ISRAELI AIRLINES (LY),,,IL,ISR,ISRAEL,elal.com,https://commons.wikimedia.org/wiki/File:El_Al_Logo.svg
111407,UATP,CREDIT,UATP,EL AL ISRAELI AIRLINES (LY),,,IL,ISR,ISRAEL,elal.com,https://commons.wikimedia.org/wiki/File:El_Al_Logo.svg
111408,UATP,CREDIT,UATP,EL AL ISRAELI AIRLINES (LY),,,IL,ISR,ISRAEL,elal.com,https://commons.wikimedia.org/wiki/File:El_Al_Logo.svg
111409,UATP,CREDIT,UATP,EL AL ISRAELI AIRLINES (LY),,,IL,ISR,ISRAEL,elal.com,https://commons.wikimedia.org/wiki/File:El_Al_Logo.svg
111410,UATP,CREDIT,UATP,EL AL ISRAELI AIRLINES (LY),,,IL,ISR,ISRAEL,elal.com,https://commons.wikimedia.org/wiki/File:El_Al_Logo.svg
111411,UATP,CREDIT,UATP,EL AL ISRAELI AIRLINES (LY),,,IL,ISR,ISRAEL,elal.com,https://commons.wikimedia.org/wiki/File:El_Al_Logo.svg
111412,UATP,CREDIT,UATP,EL AL ISRAELI AIRLINES (LY),,,IL,ISR,ISRAEL,elal.com,https://commons.wikimedia.org/wiki/File:El_Al_Logo.svg
111413,UATP,CREDIT,UATP,EL AL ISRAELI AIRLINES (LY),,,IL,ISR,ISRAEL,elal.com,https://commons.wikimedia.org/wiki/File:El_Al_Logo.svg
111414,UATP,CREDIT,UATP,EL AL ISRAELI AIRLINES (LY),,,IL,ISR,ISRAEL,elal.com,https://commons.wikimedia.org/wiki/File:El_Al_Logo.svg
111415,UATP,CREDIT,UATP,EL AL ISRAELI AIRLINES (LY),,,IL,ISR,ISRAEL,elal.com,https://commons.wikimedia.org/wiki/File:El_Al_Logo.svg
111416,UATP,CREDIT,UATP,EL AL ISRAELI AIRLINES (LY),,,IL,ISR,ISRAEL,elal.com,https://commons.wikimedia.org/wiki/File:El_Al_Logo.svg
111417,UATP,CREDIT,UATP,EL AL ISRAELI AIRLINES (LY),,,IL,ISR,ISRAEL,elal.com,https://commons.wikimedia.org/wiki/File:El_Al_Logo.svg
111418,UATP,CREDIT,UATP,EL AL ISRAELI AIRLINES (LY),,,IL,ISR,ISRAEL,elal.com,https://commons.wikimedia.org/wiki/File:El_Al_Logo.svg
111419,UATP,CREDIT,UATP,EL AL ISRAELI AIRLINES (LY),,,IL,ISR,ISRAEL,elal.com,https://commons.wikimedia.org/wiki/File:El_Al_Logo.svg
111420,UATP,CREDIT,UATP,EL AL ISRAELI AIRLINES (LY),,,IL,ISR,ISRAEL,elal.com,https://commons.wikimedia.org/wiki/File:El_Al_Logo.svg
111421,UATP,CREDIT,UATP,EL AL ISRAELI AIRLINES (LY),,,IL,ISR,ISRAEL,elal.com,https://commons.wikimedia.org/wiki/File:El_Al_Logo.svg
111422,UATP,CREDIT,UATP,EL AL ISRAELI AIRLINES (LY),,,IL,ISR,ISRAEL,elal.com,https://commons.wikimedia.org/wiki/File:El_Al_Logo.svg
111423,UATP,CREDIT,UATP,EL AL ISRAELI AIRLINES (LY),,,IL,ISR,ISRAEL,elal.com,https://commons.wikimedia.org/wiki/File:El_Al_Logo.svg
111424,UATP,CREDIT,UATP,EL AL ISRAELI AIRLINES (LY),,,IL,ISR,ISRAEL,elal.com,https://commons.wikimedia.org/wiki/File:El_Al_Logo.svg
111425,UATP,CREDIT,UATP,EL AL ISRAELI AIRLINES (LY),,,IL,ISR,ISRAEL,elal.com,https://commons.wikimedia.org/wiki/File:El_Al_Logo.svg
111426,UATP,CREDIT,UATP,EL AL ISRAELI AIRLINES (LY),,,IL,ISR,ISRAEL,elal.com,https://commons.wikimedia.org/wiki/File:El_Al_Logo.svg
111427,UATP,CREDIT,UATP,EL AL ISRAELI AIRLINES (LY),,,IL,ISR,ISRAEL,elal.com,https://commons.wikimedia.org/wiki/File:El_Al_Logo.svg
111428,UATP,CREDIT,UATP,EL AL ISRAELI AIRLINES (LY),,,IL,ISR,ISRAEL,elal.com,https://commons.wikimedia.org/wiki/File:El_Al_Logo.svg
111429,UATP,CREDIT,UATP,EL AL ISRAELI AIRLINES (LY),,,IL,ISR,ISRAEL,elal.com,https://commons.wikimedia.org/wiki/File:El_Al_Logo.svg
111430,UATP,CREDIT,UATP,EL AL ISRAELI AIRLINES (LY),,,IL,ISR,ISRAEL,elal.com,https://commons.wikimedia.org/wiki/File:El_Al_Logo.svg
111431,UATP,CREDIT,UATP,EL AL ISRAELI AIRLINES (LY),,,IL,ISR,ISRAEL,elal.com,https://commons.wikimedia.org/wiki/File:El_Al_Logo.svg
111432,UATP,CREDIT,UATP,EL AL ISRAELI AIRLINES (LY),,,IL,ISR,ISRAEL,elal.com,https://commons.wikimedia.org/wiki/File:El_Al_Logo.svg
111433,UATP,CREDIT,UATP,EL AL ISRAELI AIRLINES (LY),,,IL,ISR,ISRAEL,elal.com,https://commons.wikimedia.org/wiki/File:El_Al_Logo.svg
111434,UATP,CREDIT,UATP,EL AL ISRAELI AIRLINES (LY),,,IL,ISR,ISRAEL,elal.com,https://commons.wikimedia.org/wiki/File:El_Al_Logo.svg
111435,UATP,CREDIT,UATP,EL AL ISRAELI AIRLINES (LY),,,IL,ISR,ISRAEL,elal.com,https://commons.wikimedia.org/wiki/File:El_Al_Logo.svg
111436,UATP,CREDIT,UATP,EL AL ISRAELI AIRLINES (LY),,,IL,ISR,ISRAEL,elal.com,https://commons.wikimedia.org/wiki/File:El_Al_Logo.svg
111437,UATP,CREDIT,UATP,EL AL ISRAELI AIRLINES (LY),,,IL,ISR,ISRAEL,elal.com,https://commons.wikimedia.org/wiki/File:El_Al_Logo.svg
111438,UATP,CREDIT,UATP,EL AL ISRAELI AIRLINES (LY),,,IL,ISR,ISRAEL,elal.com,https://commons.wikimedia.org/wiki/File:El_Al_Logo.svg
111439,UATP,CREDIT,UATP,EL AL ISRAELI AIRLINES (LY),,,IL,ISR,ISRAEL,elal.com,https://commons.wikimedia.org/wiki/File:El_Al_Logo.svg
111440,UATP,CREDIT,UATP,EL AL ISRAELI AIRLINES (LY),,,IL,ISR,ISRAEL,elal.com,https://commons.wikimedia.org/wiki/File:El_Al_Logo.svg
111441,UATP,CREDIT,UATP,EL AL ISRAELI AIRLINES (LY),,,IL,ISR,ISRAEL,elal.com,https://commons.wikimedia.org/wiki/File:El_Al_Logo.svg
111442,UATP,CREDIT,UATP,EL AL ISRAELI AIRLINES (LY),,,IL,ISR,ISRAEL,elal.com,https://commons.wikimedia.org/wiki/File:El_Al_Logo.svg
111443,UATP,CREDIT,UATP,EL AL ISRAELI AIRLINES (LY),,,IL,ISR,ISRAEL,elal.com,https://commons.wikimedia.org/wiki/File:El_Al_Logo.svg
111444,UATP,CREDIT,UATP,EL AL ISRAELI AIRLINES (LY),,,IL,ISR,ISRAEL,elal.com,https://commons.wikimedia.org/wiki/File:El_Al_Logo.svg
111445,UATP,CREDIT,UATP,EL AL ISRAELI AIRLINES (LY),,,IL,ISR,ISRAEL,elal.com,https://commons.wikimedia.org/wiki/File:El_Al_Logo.svg
111446,UATP,CREDIT,UATP,EL AL ISRAELI AIRLINES (LY),,,IL,ISR,ISRAEL,elal.com,https://commons.wikimedia.org/wiki/File:El_Al_Logo.svg
111447,UATP,CREDIT,UATP,EL AL ISRAELI AIRLINES (LY),,,IL,ISR,ISRAEL,elal.com,https://commons.wikimedia.org/wiki/File:El_Al_Logo.svg
111448,UATP,CREDIT,UATP,EL AL ISRAELI AIRLINES (LY),,,IL,ISR,ISRAEL,elal.com,https://commons.wikimedia.org/wiki/File:El_Al_Logo.svg
111449,UATP,CREDIT,UATP,EL AL ISRAELI AIRLINES (LY),,,IL,ISR,ISRAEL,elal.com,https://commons.wikimedia.org/wiki/File:El_Al_Logo.svg
111450,UATP,CREDIT,UATP,EL AL ISRAELI AIRLINES (LY),,,IL,ISR,ISRAEL,elal.com,https://commons.wikimedia.org/wiki/File:El_Al_Logo.svg
111451,UATP,CREDIT,UATP,EL AL ISRAELI AIRLINES (LY),,,IL,ISR,ISRAEL,elal.com,https://commons.wikimedia.org/wiki/File:El_Al_Logo.svg
111452,UATP,CREDIT,UATP,EL AL ISRAELI AIRLINES (LY),,,IL,ISR,ISRAEL,elal.com,https://commons.wikimedia.org/wiki/File:El_Al_Logo.svg
111453,UATP,CREDIT,UATP,EL AL ISRAELI AIRLINES (LY),,,IL,ISR,ISRAEL,elal.com,https://commons.wikimedia.org/wiki/File:El_Al_Logo.svg
111454,UATP,CREDIT,UATP,EL AL ISRAELI AIRLINES (LY),,,IL,ISR,ISRAEL,elal.com,https://commons.wikimedia.org/wiki/File:El_Al_Logo.svg
111455,UATP,CREDIT,UATP,EL AL ISRAELI AIRLINES (LY),,,IL,ISR,ISRAEL,elal.com,https://commons.wikimedia.org/wiki/File:El_Al_Logo.svg
111456,UATP,CREDIT,UATP,EL AL ISRAELI AIRLINES (LY),,,IL,ISR,ISRAEL,elal.com,https://commons.wikimedia.org/wiki/File:El_Al_Logo.svg
111457,UATP,CREDIT,UATP,EL AL ISRAELI AIRLINES (LY),,,IL,ISR,ISRAEL,elal.com,https://commons.wikimedia.org/wiki/File:El_Al_Logo.svg
111458,UATP,CREDIT,UATP,EL AL ISRAELI AIRLINES (LY),,,IL,ISR,ISRAEL,elal.com,https://commons.wikimedia.org/wiki/File:El_Al_Logo.svg
111459,UATP,CREDIT,UATP,EL AL ISRAELI AIRLINES (LY),,,IL,ISR,ISRAEL,elal.com,https://commons.wikimedia.org/wiki/File:El_Al_Logo.svg
111460,UATP,CREDIT,UATP,EL AL ISRAELI AIRLINES (LY),,,IL,ISR,ISRAEL,elal.com,https://commons.wikimedia.org/wiki/File:El_Al_Logo.svg
111461,UATP,CREDIT,UATP,EL AL ISRAELI AIRLINES (LY),,,IL,ISR,ISRAEL,elal.com,https://commons.wikimedia.org/wiki/File:El_Al_Logo.svg
111462,UATP,CREDIT,UATP,EL AL ISRAELI AIRLINES (LY),,,IL,ISR,ISRAEL,elal.com,https://commons.wikimedia.org/wiki/File:El_Al_Logo.svg
111463,UATP,CREDIT,UATP,EL AL ISRAELI AIRLINES (LY),,,IL,ISR,ISRAEL,elal.com,https://commons.wikimedia.org/wiki/File:El_Al_Logo.svg
111464,UATP,CREDIT,UATP,EL AL ISRAELI AIRLINES (LY),,,IL,ISR,ISRAEL,elal.com,https://commons.wikimedia.org/wiki/File:El_Al_Logo.svg
111465,UATP,CREDIT,UATP,EL AL ISRAELI AIRLINES (LY),,,IL,ISR,ISRAEL,elal.com,https://commons.wikimedia.org/wiki/File:El_Al_Logo.svg
111466,UATP,CREDIT,UATP,EL AL ISRAELI AIRLINES (LY),,,IL,ISR,ISRAEL,elal.com,https://commons.wikimedia.org/wiki/File:El_Al_Logo.svg
111467,UATP,CREDIT,UATP,EL AL ISRAELI AIRLINES (LY),,,IL,ISR,ISRAEL,elal.com,https://commons.wikimedia.org/wiki/File:El_Al_Logo.svg
111468,UATP,CREDIT,UATP,EL AL ISRAELI AIRLINES (LY),,,IL,ISR,ISRAEL,elal.com,https://commons.wikimedia.org/wiki/File:El_Al_Logo.svg
111469,UATP,CREDIT,UATP,EL AL ISRAELI AIRLINES (LY),,,IL,ISR,ISRAEL,elal.com,https://commons.wikimedia.org/wiki/File:El_Al_Logo.svg
111470,UATP,CREDIT,UATP,EL AL ISRAELI AIRLINES (LY),,,IL,ISR,ISRAEL,elal.com,https://commons.wikimedia.org/wiki/File:El_Al_Logo.svg
111471,UATP,CREDIT,UATP,EL AL ISRAELI AIRLINES (LY),,,IL,ISR,ISRAEL,elal.com,https://commons.wikimedia.org/wiki/File:El_Al_Logo.svg
111472,UATP,CREDIT,UATP,EL AL ISRAELI AIRLINES (LY),,,IL,ISR,ISRAEL,elal.com,https://commons.wikimedia.org/wiki/File:El_Al_Logo.svg
111473,UATP,CREDIT,UATP,EL AL ISRAELI AIRLINES (LY),,,IL,ISR,ISRAEL,elal.com,https://commons.wikimedia.org/wiki/File:El_Al_Logo.svg
111474,UATP,CREDIT,UATP,EL AL ISRAELI AIRLINES (LY),,,IL,ISR,ISRAEL,elal.com,https://commons.wikimedia.org/wiki/File:El_Al_Logo.svg
111475,UATP,CREDIT,UATP,EL AL ISRAELI AIRLINES (LY),,,IL,ISR,ISRAEL,elal.com,https://commons.wikimedia.org/wiki/File:El_Al_Logo.svg
111476,UATP,CREDIT,UATP,EL AL ISRAELI AIRLINES (LY),,,IL,ISR,ISRAEL,elal.com,https://commons.wikimedia.org/wiki/File:El_Al_Logo.svg
111477,UATP,CREDIT,UATP,EL AL ISRAELI AIRLINES (LY),,,IL,ISR,ISRAEL,elal.com,https://commons.wikimedia.org/wiki/File:El_Al_Logo.svg
111478,UATP,CREDIT,UATP,EL AL ISRAELI AIRLINES (LY),,,IL,ISR,ISRAEL,elal.com,https://commons.wikimedia.org/wiki/File:El_Al_Logo.svg
111479,UATP,CREDIT,UATP,EL AL ISRAELI AIRLINES (LY),,,IL,ISR,ISRAEL,elal.com,https://commons.wikimedia.org/wiki/File:El_Al_Logo.svg
111480,UATP,CREDIT,UATP,EL AL ISRAELI AIRLINES (LY),,,IL,ISR,ISRAEL,elal.com,https://commons.wikimedia.org/wiki/File:El_Al_Logo.svg
111481,UATP,CREDIT,UATP,EL AL ISRAELI AIRLINES (LY),,,IL,ISR,ISRAEL,elal.com,https://commons.wikimedia.org/wiki/File:El_Al_Logo.svg
111482,UATP,CREDIT,UATP,EL AL ISRAELI AIRLINES (LY),,,IL,ISR,ISRAEL,elal.com,https://commons.wikimedia.org/wiki/File:El_Al_Logo.svg
111483,UATP,CREDIT,UATP,EL AL ISRAELI AIRLINES (LY),,,IL,ISR,ISRAEL,elal.com,https://commons.wikimedia.org/wiki/File:El_Al_Logo.svg
111484,UATP,CREDIT,UATP,EL AL ISRAELI AIRLINES (LY),,,IL,ISR,ISRAEL,elal.com,https://commons.wikimedia.org/wiki/File:El_Al_Logo.svg
111485,UATP,CREDIT,UATP,EL AL ISRAELI AIRLINES (LY),,,IL,ISR,ISRAEL,elal.com,https://commons.wikimedia.org/wiki/File:El_Al_Logo.svg
111486,UATP,CREDIT,UATP,EL AL ISRAELI AIRLINES (LY),,,IL,ISR,ISRAEL,elal.com,https://commons.wikimedia.org/wiki/File:El_Al_Logo.svg
111487,UATP,CREDIT,UATP,EL AL ISRAELI AIRLINES (LY),,,IL,ISR,ISRAEL,elal.com,https://commons.wikimedia.org/wiki/File:El_Al_Logo.svg
111488,UATP,CREDIT,UATP,EL AL ISRAELI AIRLINES (LY),,,IL,ISR,ISRAEL,elal.com,https://commons.wikimedia.org/wiki/File:El_Al_Logo.svg
111489,UATP,CREDIT,UATP,EL AL ISRAELI AIRLINES (LY),,,IL,ISR,ISRAEL,elal.com,https://commons.wikimedia.org/wiki/File:El_Al_Logo.svg
111490,UATP,CREDIT,UATP,EL AL ISRAELI AIRLINES (LY),,,IL,ISR,ISRAEL,elal.com,https://commons.wikimedia.org/wiki/File:El_Al_Logo.svg
111491,UATP,CREDIT,UATP,EL AL ISRAELI AIRLINES (LY),,,IL,ISR,ISRAEL,elal.com,https://commons.wikimedia.org/wiki/File:El_Al_Logo.svg
111492,UATP,CREDIT,UATP,EL AL ISRAELI AIRLINES (LY),,,IL,ISR,ISRAEL,elal.com,https://commons.wikimedia.org/wiki/File:El_Al_Logo.svg
111493,UATP,CREDIT,UATP,EL AL ISRAELI AIRLINES (LY),,,IL,ISR,ISRAEL,elal.com,https://commons.wikimedia.org/wiki/File:El_Al_Logo.svg
111494,UATP,CREDIT,UATP,EL AL ISRAELI AIRLINES (LY),,,IL,ISR,ISRAEL,elal.com,https://commons.wikimedia.org/wiki/File:El_Al_Logo.svg
111495,UATP,CREDIT,UATP,EL AL ISRAELI AIRLINES (LY),,,IL,ISR,ISRAEL,elal.com,https://commons.wikimedia.org/wiki/File:El_Al_Logo.svg
111496,UATP,CREDIT,UATP,EL AL ISRAELI AIRLINES (LY),,,IL,ISR,ISRAEL,elal.com,https://commons.wikimedia.org/wiki/File:El_Al_Logo.svg
111497,UATP,CREDIT,UATP,EL AL ISRAELI AIRLINES (LY),,,IL,ISR,ISRAEL,elal.com,https://commons.wikimedia.org/wiki/File:El_Al_Logo.svg
111498,UATP,CREDIT,UATP,EL AL ISRAELI AIRLINES (LY),,,IL,ISR,ISRAEL,elal.com,https://commons.wikimedia.org/wiki/File:El_Al_Logo.svg
111499,UATP,CREDIT,UATP,EL AL ISRAELI AIRLINES (LY),,,IL,ISR,ISRAEL,elal.com,https://commons.wikimedia.org/wiki/File:El_Al_Logo.svg
115700,UATP,CREDIT,UATP,QATAR AIRWAYS (QR),,,QA,QAT,QATAR,qatarairways.com,https://commons.wikimedia.org/wiki/File:Qatar_Airways_logo.svg
115701,UATP,CREDIT,UATP,QATAR AIRWAYS (QR),,,QA,QAT,QATAR,qatarairways.com,https://commons.wikimedia.org/wiki/File:Qatar_Airways_logo.svg
115702,UATP,CREDIT,UATP,QATAR AIRWAYS (QR),,,QA,QAT,QATAR,qatarairways.com,https://commons.wikimedia.org/wiki/File:Qatar_Airways_logo.svg
115703,UATP,CREDIT,UATP,QATAR AIRWAYS (QR),,,QA,QAT,QATAR,qatarairways.com,https://commons.wikimedia.org/wiki/File:Qatar_Airways_logo.svg
115704,UATP,CREDIT,UATP,QATAR AIRWAYS (QR),,,QA,QAT,QATAR,qatarairways.com,https://commons.wikimedia.org/wiki/File:Qatar_Airways_logo.svg
115705,UATP,CREDIT,UATP,QATAR AIRWAYS (QR),,,QA,QAT,QATAR,qatarairways.com,https://commons.wikimedia.org/wiki/File:Qatar_Airways_logo.svg
115706,UATP,CREDIT,UATP,QATAR AIRWAYS (QR),,,QA,QAT,QATAR,qatarairways.com,https://commons.wikimedia.org/wiki/File:Qatar_Airways_logo.svg
115707,UATP,CREDIT,UATP,QATAR AIRWAYS (QR),,,QA,QAT,QATAR,qatarairways.com,https://commons.wikimedia.org/wiki/File:Qatar_Airways_logo.svg
115708,UATP,CREDIT,UATP,QATAR AIRWAYS (QR),,,QA,QAT,QATAR,qatarairways.com,https://commons.wikimedia.org/wiki/File:Qatar_Airways_logo.svg
115709,UATP,CREDIT,UATP,QATAR AIRWAYS (QR),,,QA,QAT,QATAR,qatarairways.com,https://commons.wikimedia.org/wiki/File:Qatar_Airways_logo.svg
115710,UATP,CREDIT,UATP,QATAR AIRWAYS (QR),,,QA,QAT,QATAR,qatarairways.com,https://commons.wikimedia.org/wiki/File:Qatar_Airways_logo.svg
115711,UATP,CREDIT,UATP,QATAR AIRWAYS (QR),,,QA,QAT,QATAR,qatarairways.com,https://commons.wikimedia.org/wiki/File:Qatar_Airways_logo.svg
115712,UATP,CREDIT,UATP,QATAR AIRWAYS (QR),,,QA,QAT,QATAR,qatarairways.com,https://commons.wikimedia.org/wiki/File:Qatar_Airways_logo.svg
115713,UATP,CREDIT,UATP,QATAR AIRWAYS (QR),,,QA,QAT,QATAR,qatarairways.com,https://commons.wikimedia.org/wiki/File:Qatar_Airways_logo.svg
115714,UATP,CREDIT,UATP,QATAR AIRWAYS (QR),,,QA,QAT,QATAR,qatarairways.com,https://commons.wikimedia.org/wiki/File:Qatar_Airways_logo.svg
115715,UATP,CREDIT,UATP,QATAR AIRWAYS (QR),,,QA,QAT,QATAR,qatarairways.com,https://commons.wikimedia.org/wiki/File:Qatar_Airways_logo.svg
115716,UATP,CREDIT,UATP,QATAR AIRWAYS (QR),,,QA,QAT,QATAR,qatarairways.com,https://commons.wikimedia.org/wiki/File:Qatar_Airways_logo.svg
115717,UATP,CREDIT,UATP,QATAR AIRWAYS (QR),,,QA,QAT,QATAR,qatarairways.com,https://commons.wikimedia.org/wiki/File:Qatar_Airways_logo.svg
115718,UATP,CREDIT,UATP,QATAR AIRWAYS (QR),,,QA,QAT,QATAR,qatarairways.com,https://commons.wikimedia.org/wiki/File:Qatar_Airways_logo.svg
115719,UATP,CREDIT,UATP,QATAR AIRWAYS (QR),,,QA,QAT,QATAR,qatarairways.com,https://commons.wikimedia.org/wiki/File:Qatar_Airways_logo.svg
115720,UATP,CREDIT,UATP,QATAR AIRWAYS (QR),,,QA,QAT,QATAR,qatarairways.com,https://commons.wikimedia.org/wiki/File:Qatar_Airways_logo.svg
115721,UATP,CREDIT,UATP,QATAR AIRWAYS (QR),,,QA,QAT,QATAR,qatarairways.com,https://commons.wikimedia.org/wiki/File:Qatar_Airways_logo.svg
115722,UATP,CREDIT,UATP,QATAR AIRWAYS (QR),,,QA,QAT,QATAR,qatarairways.com,https://commons.wikimedia.org/wiki/File:Qatar_Airways_logo.svg
115723,UATP,CREDIT,UATP,QATAR AIRWAYS (QR),,,QA,QAT,QATAR,qatarairways.com,https://commons.wikimedia.org/wiki/File:Qatar_Airways_logo.svg
115724,UATP,CREDIT,UATP,QATAR AIRWAYS (QR),,,QA,QAT,QATAR,qatarairways.com,https://commons.wikimedia.org/wiki/File:Qatar_Airways_logo.svg
115725,UATP,CREDIT,UATP,QATAR AIRWAYS (QR),,,QA,QAT,QATAR,qatarairways.com,https://commons.wikimedia.org/wiki/File:Qatar_Airways_logo.svg
115726,UATP,CREDIT,UATP,QATAR AIRWAYS (QR),,,QA,QAT,QATAR,qatarairways.com,https://commons.wikimedia.org/wiki/File:Qatar_Airways_logo.svg
115727,UATP,CREDIT,UATP,QATAR AIRWAYS (QR),,,QA,QAT,QATAR,qatarairways.com,https://commons.wikimedia.org/wiki/File:Qatar_Airways_logo.svg
115728,UATP,CREDIT,UATP,QATAR AIRWAYS (QR),,,QA,QAT,QATAR,qatarairways.com,https://commons.wikimedia.org/wiki/File:Qatar_Airways_logo.svg
115729,UATP,CREDIT,UATP,QATAR AIRWAYS (QR),,,QA,QAT,QATAR,qatarairways.com,https://commons.wikimedia.org/wiki/File:Qatar_Airways_logo.svg
115730,UATP,CREDIT,UATP,QATAR AIRWAYS (QR),,,QA,QAT,QATAR,qatarairways.com,https://commons.wikimedia.org/wiki/File:Qatar_Airways_logo.svg
115731,UATP,CREDIT,UATP,QATAR AIRWAYS (QR),,,QA,QAT,QATAR,qatarairways.com,https://commons.wikimedia.org/wiki/File:Qatar_Airways_logo.svg
115732,UATP,CREDIT,UATP,QATAR AIRWAYS (QR),,,QA,QAT,QATAR,qatarairways.com,https://commons.wikimedia.org/wiki/File:Qatar_Airways_logo.svg
115733,UATP,CREDIT,UATP,QATAR AIRWAYS (QR),,,QA,QAT,QATAR,qatarairways.com,https://commons.wikimedia.org/wiki/File:Qatar_Airways_logo.svg
115734,UATP,CREDIT,UATP,QATAR AIRWAYS (QR),,,QA,QAT,QATAR,qatarairways.com,https://commons.wikimedia.org/wiki/File:Qatar_Airways_logo.svg
115735,UATP,CREDIT,UATP,QATAR AIRWAYS (QR),,,QA,QAT,QATAR,qatarairways.com,https://commons.wikimedia.org/wiki/File:Qatar_Airways_logo.svg
115736,UATP,CREDIT,UATP,QATAR AIRWAYS (QR),,,QA,QAT,QATAR,qatarairways.com,https://commons.wikimedia.org/wiki/File:Qatar_Airways_logo.svg
115737,UATP,CREDIT,UATP,QATAR AIRWAYS (QR),,,QA,QAT,QATAR,qatarairways.com,https://commons.wikimedia.org/wiki/File:Qatar_Airways_logo.svg
115738,UATP,CREDIT,UATP,QATAR AIRWAYS (QR),,,QA,QAT,QATAR,qatarairways.com,https://commons.wikimedia.org/wiki/File:Qatar_Airways_logo.svg
115739,UATP,CREDIT,UATP,QATAR AIRWAYS (QR),,,QA,QAT,QATAR,qatarairways.com,https://commons.wikimedia.org/wiki/File:Qatar_Airways_logo.svg
115740,UATP,CREDIT,UATP,QATAR AIRWAYS (QR),,,QA,QAT,QATAR,qatarairways.com,https://commons.wikimedia.org/wiki/File:Qatar_Airways_logo.svg
115741,UATP,CREDIT,UATP,QATAR AIRWAYS (QR),,,QA,QAT,QATAR,qatarairways.com,https://commons.wikimedia.org/wiki/File:Qatar_Airways_logo.svg
115742,UATP,CREDIT,UATP,QATAR AIRWAYS (QR),,,QA,QAT,QATAR,qatarairways.com,https://commons.wikimedia.org/wiki/File:Qatar_Airways_logo.svg
115743,UATP,CREDIT,UATP,QATAR AIRWAYS (QR),,,QA,QAT,QATAR,qatarairways.com,https://commons.wikimedia.org/wiki/File:Qatar_Airways_logo.svg
115744,UATP,CREDIT,UATP,QATAR AIRWAYS (QR),,,QA,QAT,QATAR,qatarairways.com,https://commons.wikimedia.org/wiki/File:Qatar_Airways_logo.svg
115745,UATP,CREDIT,UATP,QATAR AIRWAYS (QR),,,QA,QAT,QATAR,qatarairways.com,https://commons.wikimedia.org/wiki/File:Qatar_Airways_logo.svg
115746,UATP,CREDIT,UATP,QATAR AIRWAYS (QR),,,QA,QAT,QATAR,qatarairways.com,https://commons.wikimedia.org/wiki/File:Qatar_Airways_logo.svg
115747,UATP,CREDIT,UATP,QATAR AIRWAYS (QR),,,QA,QAT,QATAR,qatarairways.com,https://commons.wikimedia.org/wiki/File:Qatar_Airways_logo.svg
115748,UATP,CREDIT,UATP,QATAR AIRWAYS (QR),,,QA,QAT,QATAR,qatarairways.com,https://commons.wikimedia.org/wiki/File:Qatar_Airways_logo.svg
115749,UATP,CREDIT,UATP,QATAR AIRWAYS (QR),,,QA,QAT,QATAR,qatarairways.com,https://commons.wikimedia.org/wiki/File:Qatar_Airways_logo.svg
115750,UATP,CREDIT,UATP,QATAR AIRWAYS (QR),,,QA,QAT,QATAR,qatarairways.com,https://commons.wikimedia.org/wiki/File:Qatar_Airways_logo.svg
115751,UATP,CREDIT,UATP,QATAR AIRWAYS (QR),,,QA,QAT,QATAR,qatarairways.com,https://commons.wikimedia.org/wiki/File:Qatar_Airways_logo.svg
115752,UATP,CREDIT,UATP,QATAR AIRWAYS (QR),,,QA,QAT,QATAR,qatarairways.com,https://commons.wikimedia.org/wiki/File:Qatar_Airways_logo.svg
115753,UATP,CREDIT,UATP,QATAR AIRWAYS (QR),,,QA,QAT,QATAR,qatarairways.com,https://commons.wikimedia.org/wiki/File:Qatar_Airways_logo.svg
115754,UATP,CREDIT,UATP,QATAR AIRWAYS (QR),,,QA,QAT,QATAR,qatarairways.com,https://commons.wikimedia.org/wiki/File:Qatar_Airways_logo.svg
115755,UATP,CREDIT,UATP,QATAR AIRWAYS (QR),,,QA,QAT,QATAR,qatarairways.com,https://commons.wikimedia.org/wiki/File:Qatar_Airways_logo.svg
115756,UATP,CREDIT,UATP,QATAR AIRWAYS (QR),,,QA,QAT,QATAR,qatarairways.com,https://commons.wikimedia.org/wiki/File:Qatar_Airways_logo.svg
115757,UATP,CREDIT,UATP,QATAR AIRWAYS (QR),,,QA,QAT,QATAR,qatarairways.com,https://commons.wikimedia.org/wiki/File:Qatar_Airways_logo.svg
115758,UATP,CREDIT,UATP,QATAR AIRWAYS (QR),,,QA,QAT,QATAR,qatarairways.com,https://commons.wikimedia.org/wiki/File:Qatar_Airways_logo.svg
115759,UATP,CREDIT,UATP,QATAR AIRWAYS (QR),,,QA,QAT,QATAR,qatarairways.com,https://commons.wikimedia.org/wiki/File:Qatar_Airways_logo.svg
115760,UATP,CREDIT,UATP,QATAR AIRWAYS (QR),,,QA,QAT,QATAR,qatarairways.com,https://commons.wikimedia.org/wiki/File:Qatar_Airways_logo.svg
115761,UATP,CREDIT,UATP,QATAR AIRWAYS (QR),,,QA,QAT,QATAR,qatarairways.com,https://commons.wikimedia.org/wiki/File:Qatar_Airways_logo.svg
115762,UATP,CREDIT,UATP,QATAR AIRWAYS (QR),,,QA,QAT,QATAR,qatarairways.com,https://commons.wikimedia.org/wiki/File:Qatar_Airways_logo.svg
115763,UATP,CREDIT,UATP,QATAR AIRWAYS (QR),,,QA,QAT,QATAR,qatarairways.com,https://commons.wikimedia.org/wiki/File:Qatar_Airways_logo.svg
115764,UATP,CREDIT,UATP,QATAR AIRWAYS (QR),,,QA,QAT,QATAR,qatarairways.com,https://commons.wikimedia.org/wiki/File:Qatar_Airways_logo.svg
115765,UATP,CREDIT,UATP,QATAR AIRWAYS (QR),,,QA,QAT,QATAR,qatarairways.com,https://commons.wikimedia.org/wiki/File:Qatar_Airways_logo.svg
115766,UATP,CREDIT,UATP,QATAR AIRWAYS (QR),,,QA,QAT,QATAR,qatarairways.com,https://commons.wikimedia.org/wiki/File:Qatar_Airways_logo.svg
115767,UATP,CREDIT,UATP,QATAR AIRWAYS (QR),,,QA,QAT,QATAR,qatarairways.com,https://commons.wikimedia.org/wiki/File:Qatar_Airways_logo.svg
115768,UATP,CREDIT,UATP,QATAR AIRWAYS (QR),,,QA,QAT,QATAR,qatarairways.com,https://commons.wikimedia.org/wiki/File:Qatar_Airways_logo.svg
115769,UATP,CREDIT,UATP,QATAR AIRWAYS (QR),,,QA,QAT,QATAR,qatarairways.com,https://commons.wikimedia.org/wiki/File:Qatar_Airways_logo.svg
115770,UATP,CREDIT,UATP,QATAR AIRWAYS (QR),,,QA,QAT,QATAR,qatarairways.com,https://commons.wikimedia.org/wiki/File:Qatar_Airways_logo.svg
115771,UATP,CREDIT,UATP,QATAR AIRWAYS (QR),,,QA,QAT,QATAR,qatarairways.com,https://commons.wikimedia.org/wiki/File:Qatar_Airways_logo.svg
115772,UATP,CREDIT,UATP,QATAR AIRWAYS (QR),,,QA,QAT,QATAR,qatarairways.com,https://commons.wikimedia.org/wiki/File:Qatar_Airways_logo.svg
115773,UATP,CREDIT,UATP,QATAR AIRWAYS (QR),,,QA,QAT,QATAR,qatarairways.com,https://commons.wikimedia.org/wiki/File:Qatar_Airways_logo.svg
115774,UATP,CREDIT,UATP,QATAR AIRWAYS (QR),,,QA,QAT,QATAR,qatarairways.com,https://commons.wikimedia.org/wiki/File:Qatar_Airways_logo.svg
115775,UATP,CREDIT,UATP,QATAR AIRWAYS (QR),,,QA,QAT,QATAR,qatarairways.com,https://commons.wikimedia.org/wiki/File:Qatar_Airways_logo.svg
115776,UATP,CREDIT,UATP,QATAR AIRWAYS (QR),,,QA,QAT,QATAR,qatarairways.com,https://commons.wikimedia.org/wiki/File:Qatar_Airways_logo.svg
115777,UATP,CREDIT,UATP,QATAR AIRWAYS (QR),,,QA,QAT,QATAR,qatarairways.com,https://commons.wikimedia.org/wiki/File:Qatar_Airways_logo.svg
115778,UATP,CREDIT,UATP,QATAR AIRWAYS (QR),,,QA,QAT,QATAR,qatarairways.com,https://commons.wikimedia.org/wiki/File:Qatar_Airways_logo.svg
115779,UATP,CREDIT,UATP,QATAR AIRWAYS (QR),,,QA,QAT,QATAR,qatarairways.com,https://commons.wikimedia.org/wiki/File:Qatar_Airways_logo.svg
115780,UATP,CREDIT,UATP,QATAR AIRWAYS (QR),,,QA,QAT,QATAR,qatarairways.com,https://commons.wikimedia.org/wiki/File:Qatar_Airways_logo.svg
115781,UATP,CREDIT,UATP,QATAR AIRWAYS (QR),,,QA,QAT,QATAR,qatarairways.com,https://commons.wikimedia.org/wiki/File:Qatar_Airways_logo.svg
115782,UATP,CREDIT,UATP,QATAR AIRWAYS (QR),,,QA,QAT,QATAR,qatarairways.com,https://commons.wikimedia.org/wiki/File:Qatar_Airways_logo.svg
115783,UATP,CREDIT,UATP,QATAR AIRWAYS (QR),,,QA,QAT,QATAR,qatarairways.com,https://commons.wikimedia.org/wiki/File:Qatar_Airways_logo.svg
115784,UATP,CREDIT,UATP,QATAR AIRWAYS (QR),,,QA,QAT,QATAR,qatarairways.com,https://commons.wikimedia.org/wiki/File:Qatar_Airways_logo.svg
115785,UATP,CREDIT,UATP,QATAR AIRWAYS (QR),,,QA,QAT,QATAR,qatarairways.com,https://commons.wikimedia.org/wiki/File:Qatar_Airways_logo.svg
115786,UATP,CREDIT,UATP,QATAR AIRWAYS (QR),,,QA,QAT,QATAR,qatarairways.com,https://commons.wikimedia.org/wiki/File:Qatar_Airways_logo.svg
115787,UATP,CREDIT,UATP,QATAR AIRWAYS (QR),,,QA,QAT,QATAR,qatarairways.com,https://commons.wikimedia.org/wiki/File:Qatar_Airways_logo.svg
115788,UATP,CREDIT,UATP,QATAR AIRWAYS (QR),,,QA,QAT,QATAR,qatarairways.com,https://commons.wikimedia.org/wiki/File:Qatar_Airways_logo.svg
115789,UATP,CREDIT,UATP,QATAR AIRWAYS (QR),,,QA,QAT,QATAR,qatarairways.com,https://commons.wikimedia.org/wiki/File:Qatar_Airways_logo.svg
115790,UATP,CREDIT,UATP,QATAR AIRWAYS (QR),,,QA,QAT,QATAR,qatarairways.com,https://commons.wikimedia.org/wiki/File:Qatar_Airways_logo.svg
115791,UATP,CREDIT,UATP,QATAR AIRWAYS (QR),,,QA,QAT,QATAR,qatarairways.com,https://commons.wikimedia.org/wiki/File:Qatar_Airways_logo.svg
115792,UATP,CREDIT,UATP,QATAR AIRWAYS (QR),,,QA,QAT,QATAR,qatarairways.com,https://commons.wikimedia.org/wiki/File:Qatar_Airways_logo.svg
115793,UATP,CREDIT,UATP,QATAR AIRWAYS (QR),,,QA,QAT,QATAR,qatarairways.com,https://commons.wikimedia.org/wiki/File:Qatar_Airways_logo.svg
115794,UATP,CREDIT,UATP,QATAR AIRWAYS (QR),,,QA,QAT,QATAR,qatarairways.com,https://commons.wikimedia.org/wiki/File:Qatar_Airways_logo.svg
115795,UATP,CREDIT,UATP,QATAR AIRWAYS (QR),,,QA,QAT,QATAR,qatarairways.com,https://commons.wikimedia.org/wiki/File:Qatar_Airways_logo.svg
115796,UATP,CREDIT,UATP,QATAR AIRWAYS (QR),,,QA,QAT,QATAR,qatarairways.com,https://commons.wikimedia.org/wiki/File:Qatar_Airways_logo.svg
115797,UATP,CREDIT,UATP,QATAR AIRWAYS (QR),,,QA,QAT,QATAR,qatarairways.com,https://commons.wikimedia.org/wiki/File:Qatar_Airways_logo.svg
115798,UATP,CREDIT,UATP,QATAR AIRWAYS (QR),,,QA,QAT,QATAR,qatarairways.com,https://commons.wikimedia.org/wiki/File:Qatar_Airways_logo.svg
115799,UATP,CREDIT,UATP,QATAR AIRWAYS (QR),,,QA,QAT,QATAR,qatarairways.com,https://commons.wikimedia.org/wiki/File:Qatar_Airways_logo.svg
160700,UATP,CREDIT,UATP,ETIHAD AIRWAYS (EY),,,AE,ARE,UNITED ARAB EMIRATES,etihad.com,https://commons.wikimedia.org/wiki/File:Etihad_Airways_logo.svg
160701,UATP,CREDIT,UATP,ETIHAD AIRWAYS (EY),,,AE,ARE,UNITED ARAB EMIRATES,etihad.com,https://commons.wikimedia.org/wiki/File:Etihad_Airways_logo.svg
160702,UATP,CREDIT,UATP,ETIHAD AIRWAYS (EY),,,AE,ARE,UNITED ARAB EMIRATES,etihad.com,https://commons.wikimedia.org/wiki/File:Etihad_Airways_logo.svg
160703,UATP,CREDIT,UATP,ETIHAD AIRWAYS (EY),,,AE,ARE,UNITED ARAB EMIRATES,etihad.com,https://commons.wikimedia.org/wiki/File:Etihad_Airways_logo.svg
160704,UATP,CREDIT,UATP,ETIHAD AIRWAYS (EY),,,AE,ARE,UNITED ARAB EMIRATES,etihad.com,https://commons.wikimedia.org/wiki/File:Etihad_Airways_logo.svg
160705,UATP,CREDIT,UATP,ETIHAD AIRWAYS (EY),,,AE,ARE,UNITED ARAB EMIRATES,etihad.com,https://commons.wikimedia.org/wiki/File:Etihad_Airways_logo.svg
160706,UATP,CREDIT,UATP,ETIHAD AIRWAYS (EY),,,AE,ARE,UNITED ARAB EMIRATES,etihad.com,https://commons.wikimedia.org/wiki/File:Etihad_Airways_logo.svg
160707,UATP,CREDIT,UATP,ETIHAD AIRWAYS (EY),,,AE,ARE,UNITED ARAB EMIRATES,etihad.com,https://commons.wikimedia.org/wiki/File:Etihad_Airways_logo.svg
160708,UATP,CREDIT,UATP,ETIHAD AIRWAYS (EY),,,AE,ARE,UNITED ARAB EMIRATES,etihad.com,https://commons.wikimedia.org/wiki/File:Etihad_Airways_logo.svg
160709,UATP,CREDIT,UATP,ETIHAD AIRWAYS (EY),,,AE,ARE,UNITED ARAB EMIRATES,etihad.com,https://commons.wikimedia.org/wiki/File:Etihad_Airways_logo.svg
160710,UATP,CREDIT,UATP,ETIHAD AIRWAYS (EY),,,AE,ARE,UNITED ARAB EMIRATES,etihad.com,https://commons.wikimedia.org/wiki/File:Etihad_Airways_logo.svg
160711,UATP,CREDIT,UATP,ETIHAD AIRWAYS (EY),,,AE,ARE,UNITED ARAB EMIRATES,etihad.com,https://commons.wikimedia.org/wiki/File:Etihad_Airways_logo.svg
160712,UATP,CREDIT,UATP,ETIHAD AIRWAYS (EY),,,AE,ARE,UNITED ARAB EMIRATES,etihad.com,https://commons.wikimedia.org/wiki/File:Etihad_Airways_logo.svg
160713,UATP,CREDIT,UATP,ETIHAD AIRWAYS (EY),,,AE,ARE,UNITED ARAB EMIRATES,etihad.com,https://commons.wikimedia.org/wiki/File:Etihad_Airways_logo.svg
160714,UATP,CREDIT,UATP,ETIHAD AIRWAYS (EY),,,AE,ARE,UNITED ARAB EMIRATES,etihad.com,https://commons.wikimedia.org/wiki/File:Etihad_Airways_logo.svg
160715,UATP,CREDIT,UATP,ETIHAD AIRWAYS (EY),,,AE,ARE,UNITED ARAB EMIRATES,etihad.com,https://commons.wikimedia.org/wiki/File:Etihad_Airways_logo.svg
160716,UATP,CREDIT,UATP,ETIHAD AIRWAYS (EY),,,AE,ARE,UNITED ARAB EMIRATES,etihad.com,https://commons.wikimedia.org/wiki/File:Etihad_Airways_logo.svg
160717,UATP,CREDIT,UATP,ETIHAD AIRWAYS (EY),,,AE,ARE,UNITED ARAB EMIRATES,etihad.com,https://commons.wikimedia.org/wiki/File:Etihad_Airways_logo.svg
160718,UATP,CREDIT,UATP,ETIHAD AIRWAYS (EY),,,AE,ARE,UNITED ARAB EMIRATES,etihad.com,https://commons.wikimedia.org/wiki/File:Etihad_Airways_logo.svg
160719,UATP,CREDIT,UATP,ETIHAD AIRWAYS (EY),,,AE,ARE,UNITED ARAB EMIRATES,etihad.com,https://commons.wikimedia.org/wiki/File:Etihad_Airways_logo.svg
160720,UATP,CREDIT,UATP,ETIHAD AIRWAYS (EY),,,AE,ARE,UNITED ARAB EMIRATES,etihad.com,https://commons.wikimedia.org/wiki/File:Etihad_Airways_logo.svg
160721,UATP,CREDIT,UATP,ETIHAD AIRWAYS (EY),,,AE,ARE,UNITED ARAB EMIRATES,etihad.com,https://commons.wikimedia.org/wiki/File:Etihad_Airways_logo.svg
160722,UATP,CREDIT,UATP,ETIHAD AIRWAYS (EY),,,AE,ARE,UNITED ARAB EMIRATES,etihad.com,https://commons.wikimedia.org/wiki/File:Etihad_Airways_logo.svg
160723,UATP,CREDIT,UATP,ETIHAD AIRWAYS (EY),,,AE,ARE,UNITED ARAB EMIRATES,etihad.com,https://commons.wikimedia.org/wiki/File:Etihad_Airways_logo.svg
160724,UATP,CREDIT,UATP,ETIHAD AIRWAYS (EY),,,AE,ARE,UNITED ARAB EMIRATES,etihad.com,https://commons.wikimedia.org/wiki/File:Etihad_Airways_logo.svg
160725,UATP,CREDIT,UATP,ETIHAD AIRWAYS (EY),,,AE,ARE,UNITED ARAB EMIRATES,etihad.com,https://commons.wikimedia.org/wiki/File:Etihad_Airways_logo.svg
160726,UATP,CREDIT,UATP,ETIHAD AIRWAYS (EY),,,AE,ARE,UNITED ARAB EMIRATES,etihad.com,https://commons.wikimedia.org/wiki/File:Etihad_Airways_logo.svg
160727,UATP,CREDIT,UATP,ETIHAD AIRWAYS (EY),,,AE,ARE,UNITED ARAB EMIRATES,etihad.com,https://commons.wikimedia.org/wiki/File:Etihad_Airways_logo.svg
160728,UATP,CREDIT,UATP,ETIHAD AIRWAYS (EY),,,AE,ARE,UNITED ARAB EMIRATES,etihad.com,https://commons.wikimedia.org/wiki/File:Etihad_Airways_logo.svg
160729,UATP,CREDIT,UATP,ETIHAD AIRWAYS (EY),,,AE,ARE,UNITED ARAB EMIRATES,etihad.com,https://commons.wikimedia.org/wiki/File:Etihad_Airways_logo.svg
160730,UATP,CREDIT,UATP,ETIHAD AIRWAYS (EY),,,AE,ARE,UNITED ARAB EMIRATES,etihad.com,https://commons.wikimedia.org/wiki/File:Etihad_Airways_logo.svg
160731,UATP,CREDIT,UATP,ETIHAD AIRWAYS (EY),,,AE,ARE,UNITED ARAB EMIRATES,etihad.com,https://commons.wikimedia.org/wiki/File:Etihad_Airways_logo.svg
160732,UATP,CREDIT,UATP,ETIHAD AIRWAYS (EY),,,AE,ARE,UNITED ARAB EMIRATES,etihad.com,https://commons.wikimedia.org/wiki/File:Etihad_Airways_logo.svg
160733,UATP,CREDIT,UATP,ETIHAD AIRWAYS (EY),,,AE,ARE,UNITED ARAB EMIRATES,etihad.com,https://commons.wikimedia.org/wiki/File:Etihad_Airways_logo.svg
160734,UATP,CREDIT,UATP,ETIHAD AIRWAYS (EY),,,AE,ARE,UNITED ARAB EMIRATES,etihad.com,https://commons.wikimedia.org/wiki/File:Etihad_Airways_logo.svg
160735,UATP,CREDIT,UATP,ETIHAD AIRWAYS (EY),,,AE,ARE,UNITED ARAB EMIRATES,etihad.com,https://commons.wikimedia.org/wiki/File:Etihad_Airways_logo.svg
160736,UATP,CREDIT,UATP,ETIHAD AIRWAYS (EY),,,AE,ARE,UNITED ARAB EMIRATES,etihad.com,https://commons.wikimedia.org/wiki/File:Etihad_Airways_logo.svg
160737,UATP,CREDIT,UATP,ETIHAD AIRWAYS (EY),,,AE,ARE,UNITED ARAB EMIRATES,etihad.com,https://commons.wikimedia.org/wiki/File:Etihad_Airways_logo.svg
160738,UATP,CREDIT,UATP,ETIHAD AIRWAYS (EY),,,AE,ARE,UNITED ARAB EMIRATES,etihad.com,https://commons.wikimedia.org/wiki/File:Etihad_Airways_logo.svg
160739,UATP,CREDIT,UATP,ETIHAD AIRWAYS (EY),,,AE,ARE,UNITED ARAB EMIRATES,etihad.com,https://commons.wikimedia.org/wiki/File:Etihad_Airways_logo.svg
160740,UATP,CREDIT,UATP,ETIHAD AIRWAYS (EY),,,AE,ARE,UNITED ARAB EMIRATES,etihad.com,https://commons.wikimedia.org/wiki/File:Etihad_Airways_logo.svg
160741,UATP,CREDIT,UATP,ETIHAD AIRWAYS (EY),,,AE,ARE,UNITED ARAB EMIRATES,etihad.com,https://commons.wikimedia.org/wiki/File:Etihad_Airways_logo.svg
160742,UATP,CREDIT,UATP,ETIHAD AIRWAYS (EY),,,AE,ARE,UNITED ARAB EMIRATES,etihad.com,https://commons.wikimedia.org/wiki/File:Etihad_Airways_logo.svg
160743,UATP,CREDIT,UATP,ETIHAD AIRWAYS (EY),,,AE,ARE,UNITED ARAB EMIRATES,etihad.com,https://commons.wikimedia.org/wiki/File:Etihad_Airways_logo.svg
160744,UATP,CREDIT,UATP,ETIHAD AIRWAYS (EY),,,AE,ARE,UNITED ARAB EMIRATES,etihad.com,https://commons.wikimedia.org/wiki/File:Etihad_Airways_logo.svg
160745,UATP,CREDIT,UATP,ETIHAD AIRWAYS (EY),,,AE,ARE,UNITED ARAB EMIRATES,etihad.com,https://commons.wikimedia.org/wiki/File:Etihad_Airways_logo.svg
160746,UATP,CREDIT,UATP,ETIHAD AIRWAYS (EY),,,AE,ARE,UNITED ARAB EMIRATES,etihad.com,https://commons.wikimedia.org/wiki/File:Etihad_Airways_logo.svg
160747,UATP,CREDIT,UATP,ETIHAD AIRWAYS (EY),,,AE,ARE,UNITED ARAB EMIRATES,etihad.com,https://commons.wikimedia.org/wiki/File:Etihad_Airways_logo.svg
160748,UATP,CREDIT,UATP,ETIHAD AIRWAYS (EY),,,AE,ARE,UNITED ARAB EMIRATES,etihad.com,https://commons.wikimedia.org/wiki/File:Etihad_Airways_logo.svg
160749,UATP,CREDIT,UATP,ETIHAD AIRWAYS (EY),,,AE,ARE,UNITED ARAB EMIRATES,etihad.com,https://commons.wikimedia.org/wiki/File:Etihad_Airways_logo.svg
160750,UATP,CREDIT,UATP,ETIHAD AIRWAYS (EY),,,AE,ARE,UNITED ARAB EMIRATES,etihad.com,https://commons.wikimedia.org/wiki/File:Etihad_Airways_logo.svg
160751,UATP,CREDIT,UATP,ETIHAD AIRWAYS (EY),,,AE,ARE,UNITED ARAB EMIRATES,etihad.com,https://commons.wikimedia.org/wiki/File:Etihad_Airways_logo.svg
160752,UATP,CREDIT,UATP,ETIHAD AIRWAYS (EY),,,AE,ARE,UNITED ARAB EMIRATES,etihad.com,https://commons.wikimedia.org/wiki/File:Etihad_Airways_logo.svg
160753,UATP,CREDIT,UATP,ETIHAD AIRWAYS (EY),,,AE,ARE,UNITED ARAB EMIRATES,etihad.com,https://commons.wikimedia.org/wiki/File:Etihad_Airways_logo.svg
160754,UATP,CREDIT,UATP,ETIHAD AIRWAYS (EY),,,AE,ARE,UNITED ARAB EMIRATES,etihad.com,https://commons.wikimedia.org/wiki/File:Etihad_Airways_logo.svg
160755,UATP,CREDIT,UATP,ETIHAD AIRWAYS (EY),,,AE,ARE,UNITED ARAB EMIRATES,etihad.com,https://commons.wikimedia.org/wiki/File:Etihad_Airways_logo.svg
160756,UATP,CREDIT,UATP,ETIHAD AIRWAYS (EY),,,AE,ARE,UNITED ARAB EMIRATES,etihad.com,https://commons.wikimedia.org/wiki/File:Etihad_Airways_logo.svg
160757,UATP,CREDIT,UATP,ETIHAD AIRWAYS (EY),,,AE,ARE,UNITED ARAB EMIRATES,etihad.com,https://commons.wikimedia.org/wiki/File:Etihad_Airways_logo.svg
160758,UATP,CREDIT,UATP,ETIHAD AIRWAYS (EY),,,AE,ARE,UNITED ARAB EMIRATES,etihad.com,https://commons.wikimedia.org/wiki/File:Etihad_Airways_logo.svg
160759,UATP,CREDIT,UATP,ETIHAD AIRWAYS (EY),,,AE,ARE,UNITED ARAB EMIRATES,etihad.com,https://commons.wikimedia.org/wiki/File:Etihad_Airways_logo.svg
160760,UATP,CREDIT,UATP,ETIHAD AIRWAYS (EY),,,AE,ARE,UNITED ARAB EMIRATES,etihad.com,https://commons.wikimedia.org/wiki/File:Etihad_Airways_logo.svg
160761,UATP,CREDIT,UATP,ETIHAD AIRWAYS (EY),,,AE,ARE,UNITED ARAB EMIRATES,etihad.com,https://commons.wikimedia.org/wiki/File:Etihad_Airways_logo.svg
160762,UATP,CREDIT,UATP,ETIHAD AIRWAYS (EY),,,AE,ARE,UNITED ARAB EMIRATES,etihad.com,https://commons.wikimedia.org/wiki/File:Etihad_Airways_logo.svg
160763,UATP,CREDIT,UATP,ETIHAD AIRWAYS (EY),,,AE,ARE,UNITED ARAB EMIRATES,etihad.com,https://commons.wikimedia.org/wiki/File:Etihad_Airways_logo.svg
160764,UATP,CREDIT,UATP,ETIHAD AIRWAYS (EY),,,AE,ARE,UNITED ARAB EMIRATES,etihad.com,https://commons.wikimedia.org/wiki/File:Etihad_Airways_logo.svg
160765,UATP,CREDIT,UATP,ETIHAD AIRWAYS (EY),,,AE,ARE,UNITED ARAB EMIRATES,etihad.com,https://commons.wikimedia.org/wiki/File:Etihad_Airways_logo.svg
160766,UATP,CREDIT,UATP,ETIHAD AIRWAYS (EY),,,AE,ARE,UNITED ARAB EMIRATES,etihad.com,https://commons.wikimedia.org/wiki/File:Etihad_Airways_logo.svg
160767,UATP,CREDIT,UATP,ETIHAD AIRWAYS (EY),,,AE,ARE,UNITED ARAB EMIRATES,etihad.com,https://commons.wikimedia.org/wiki/File:Etihad_Airways_logo.svg
160768,UATP,CREDIT,UATP,ETIHAD AIRWAYS (EY),,,AE,ARE,UNITED ARAB EMIRATES,etihad.com,https://commons.wikimedia.org/wiki/File:Etihad_Airways_logo.svg
160769,UATP,CREDIT,UATP,ETIHAD AIRWAYS (EY),,,AE,ARE,UNITED ARAB EMIRATES,etihad.com,https://commons.wikimedia.org/wiki/File:Etihad_Airways_logo.svg
160770,UATP,CREDIT,UATP,ETIHAD AIRWAYS (EY),,,AE,ARE,UNITED ARAB EMIRATES,etihad.com,https://commons.wikimedia.org/wiki/File:Etihad_Airways_logo.svg
160771,UATP,CREDIT,UATP,ETIHAD AIRWAYS (EY),,,AE,ARE,UNITED ARAB EMIRATES,etihad.com,https://commons.wikimedia.org/wiki/File:Etihad_Airways_logo.svg
160772,UATP,CREDIT,UATP,ETIHAD AIRWAYS (EY),,,AE,ARE,UNITED ARAB EMIRATES,etihad.com,https://commons.wikimedia.org/wiki/File:Etihad_Airways_logo.svg
160773,UATP,CREDIT,UATP,ETIHAD AIRWAYS (EY),,,AE,ARE,UNITED ARAB EMIRATES,etihad.com,https://commons.wikimedia.org/wiki/File:Etihad_Airways_logo.svg
160774,UATP,CREDIT,UATP,ETIHAD AIRWAYS (EY),,,AE,ARE,UNITED ARAB EMIRATES,etihad.com,https://commons.wikimedia.org/wiki/File:Etihad_Airways_logo.svg
160775,UATP,CREDIT,UATP,ETIHAD AIRWAYS (EY),,,AE,ARE,UNITED ARAB EMIRATES,etihad.com,https://commons.wikimedia.org/wiki/File:Etihad_Airways_logo.svg
160776,UATP,CREDIT,UATP,ETIHAD AIRWAYS (EY),,,AE,ARE,UNITED ARAB EMIRATES,etihad.com,https://commons.wikimedia.org/wiki/File:Etihad_Airways_logo.svg
160777,UATP,CREDIT,UATP,ETIHAD AIRWAYS (EY),,,AE,ARE,UNITED ARAB EMIRATES,etihad.com,https://commons.wikimedia.org/wiki/File:Etihad_Airways_logo.svg
160778,UATP,CREDIT,UATP,ETIHAD AIRWAYS (EY),,,AE,ARE,UNITED ARAB EMIRATES,etihad.com,https://commons.wikimedia.org/wiki/File:Etihad_Airways_logo.svg
160779,UATP,CREDIT,UATP,ETIHAD AIRWAYS (EY),,,AE,ARE,UNITED ARAB EMIRATES,etihad.com,https://commons.wikimedia.org/wiki/File:Etihad_Airways_logo.svg
160780,UATP,CREDIT,UATP,ETIHAD AIRWAYS (EY),,,AE,ARE,UNITED ARAB EMIRATES,etihad.com,https://commons.wikimedia.org/wiki/File:Etihad_Airways_logo.svg
160781,UATP,CREDIT,UATP,ETIHAD AIRWAYS (EY),,,AE,ARE,UNITED ARAB EMIRATES,etihad.com,https://commons.wikimedia.org/wiki/File:Etihad_Airways_logo.svg
160782,UATP,CREDIT,UATP,ETIHAD AIRWAYS (EY),,,AE,ARE,UNITED ARAB EMIRATES,etihad.com,https://commons.wikimedia.org/wiki/File:Etihad_Airways_logo.svg
160783,UATP,CREDIT,UATP,ETIHAD AIRWAYS (EY),,,AE,ARE,UNITED ARAB EMIRATES,etihad.com,https://commons.wikimedia.org/wiki/File:Etihad_Airways_logo.svg
160784,UATP,CREDIT,UATP,ETIHAD AIRWAYS (EY),,,AE,ARE,UNITED ARAB EMIRATES,etihad.com,https://commons.wikimedia.org/wiki/File:Etihad_Airways_logo.svg
160785,UATP,CREDIT,UATP,ETIHAD AIRWAYS (EY),,,AE,ARE,UNITED ARAB EMIRATES,etihad.com,https://commons.wikimedia.org/wiki/File:Etihad_Airways_logo.svg
160786,UATP,CREDIT,UATP,ETIHAD AIRWAYS (EY),,,AE,ARE,UNITED ARAB EMIRATES,etihad.com,https://commons.wikimedia.org/wiki/File:Etihad_Airways_logo.svg
160787,UATP,CREDIT,UATP,ETIHAD AIRWAYS (EY),,,AE,ARE,UNITED ARAB EMIRATES,etihad.com,https://commons.wikimedia.org/wiki/File:Etihad_Airways_logo.svg
160788,UATP,CREDIT,UATP,ETIHAD AIRWAYS (EY),,,AE,ARE,UNITED ARAB EMIRATES,etihad.com,https://commons.wikimedia.org/wiki/File:Etihad_Airways_logo.svg
160789,UATP,CREDIT,UATP,ETIHAD AIRWAYS (EY),,,AE,ARE,UNITED ARAB EMIRATES,etihad.com,https://commons.wikimedia.org/wiki/File:Etihad_Airways_logo.svg
160790,UATP,CREDIT,UATP,ETIHAD AIRWAYS (EY),,,AE,ARE,UNITED ARAB EMIRATES,etihad.com,https://commons.wikimedia.org/wiki/File:Etihad_Airways_logo.svg
160791,UATP,CREDIT,UATP,ETIHAD AIRWAYS (EY),,,AE,ARE,UNITED ARAB EMIRATES,etihad.com,https://commons.wikimedia.org/wiki/File:Etihad_Airways_logo.svg
160792,UATP,CREDIT,UATP,ETIHAD AIRWAYS (EY),,,AE,ARE,UNITED ARAB EMIRATES,etihad.com,https://commons.wikimedia.org/wiki/File:Etihad_Airways_logo.svg
160793,UATP,CREDIT,UATP,ETIHAD AIRWAYS (EY),,,AE,ARE,UNITED ARAB EMIRATES,etihad.com,https://commons.wikimedia.org/wiki/File:Etihad_Airways_logo.svg
160794,UATP,CREDIT,UATP,ETIHAD AIRWAYS (EY),,,AE,ARE,UNITED ARAB EMIRATES,etihad.com,https://commons.wikimedia.org/wiki/File:Etihad_Airways_logo.svg
160795,UATP,CREDIT,UATP,ETIHAD AIRWAYS (EY),,,AE,ARE,UNITED ARAB EMIRATES,etihad.com,https://commons.wikimedia.org/wiki/File:Etihad_Airways_logo.svg
160796,UATP,CREDIT,UATP,ETIHAD AIRWAYS (EY),,,AE,ARE,UNITED ARAB EMIRATES,etihad.com,https://commons.wikimedia.org/wiki/File:Etihad_Airways_logo.svg
160797,UATP,CREDIT,UATP,ETIHAD AIRWAYS (EY),,,AE,ARE,UNITED ARAB EMIRATES,etihad.com,https://commons.wikimedia.org/wiki/File:Etihad_Airways_logo.svg
160798,UATP,CREDIT,UATP,ETIHAD AIRWAYS (EY),,,AE,ARE,UNITED ARAB EMIRATES,etihad.com,https://commons.wikimedia.org/wiki/File:Etihad_Airways_logo.svg
160799,UATP,CREDIT,UATP,ETIHAD AIRWAYS (EY),,,AE,ARE,UNITED ARAB EMIRATES,etihad.com,https://commons.wikimedia.org/wiki/File:Etihad_Airways_logo.svg
222698,MASTERCARD,DEBIT,PREPAID,"EGYPTIAN BANKS CO. FOR TECHNOLOGICAL ADVANCEMENT, S.A.E.",,,EG,EGY,EGYPT,ebc-egypt.com,https://img.logo.dev/ebc-egypt.com?format=png&size=400
222699,MASTERCARD,DEBIT,STANDARD,"EGYPTIAN BANKS CO. FOR TECHNOLOGICAL ADVANCEMENT, S.A.E.",,,EG,EGY,EGYPT,ebc-egypt.com,https://img.logo.dev/ebc-egypt.com?format=png&size=400
222702,MASTERCARD,DEBIT,PREPAID,FRANSABANK SAL,,,LB,LBN,LEBANON,fransabank.com,https://commons.wikimedia.org/wiki/File:Fransabank_logo.svg
222722,MASTERCARD,DEBIT,PREPAID,MASTERCARD - PROCESSING MEA,,,AE,ARE,UNITED ARAB EMIRATES,mastercard.com,https://commons.wikimedia.org/wiki/File:Mastercard-logo.svg
222723,MASTERCARD,DEBIT,PREPAID,MASTERCARD - PROCESSING MEA,,,AE,ARE,UNITED ARAB EMIRATES,mastercard.com,https://commons.wikimedia.org/wiki/File:Mastercard-logo.svg
222724,MASTERCARD,DEBIT,PREPAID,MASTERCARD - PROCESSING MEA,,,AE,ARE,UNITED ARAB EMIRATES,mastercard.com,https://commons.wikimedia.org/wiki/File:Mastercard-logo.svg
222725,MASTERCARD,DEBIT,PREPAID,MASTERCARD - PROCESSING MEA,,,AE,ARE,UNITED ARAB EMIRATES,mastercard.com,https://commons.wikimedia.org/wiki/File:Mastercard-logo.svg
222726,MASTERCARD,DEBIT,PREPAID,MASTERCARD - PROCESSING MEA,,,AE,ARE,UNITED ARAB EMIRATES,mastercard.com,https://commons.wikimedia.org/wiki/File:Mastercard-logo.svg
222728,MASTERCARD,DEBIT,PREPAID,MASTERCARD - PROCESSING MEA,,,AE,ARE,UNITED ARAB EMIRATES,mastercard.com,https://commons.wikimedia.org/wiki/File:Mastercard-logo.svg
222729,MASTERCARD,DEBIT,PREPAID,MASTERCARD - PROCESSING MEA,,,AE,ARE,UNITED ARAB EMIRATES,mastercard.com,https://commons.wikimedia.org/wiki/File:Mastercard-logo.svg
222730,MASTERCARD,DEBIT,PREPAID,MASTERCARD - PROCESSING MEA,,,AE,ARE,UNITED ARAB EMIRATES,mastercard.com,https://commons.wikimedia.org/wiki/File:Mastercard-logo.svg
222731,MASTERCARD,DEBIT,PREPAID,MASTERCARD - PROCESSING MEA,,,AE,ARE,UNITED ARAB EMIRATES,mastercard.com,https://commons.wikimedia.org/wiki/File:Mastercard-logo.svg
222732,MASTERCARD,DEBIT,PREPAID,MASTERCARD - PROCESSING MEA,,,AE,ARE,UNITED ARAB EMIRATES,mastercard.com,https://commons.wikimedia.org/wiki/File:Mastercard-logo.svg
222733,MASTERCARD,DEBIT,PREPAID,MASTERCARD - PROCESSING MEA,,,AE,ARE,UNITED ARAB EMIRATES,mastercard.com,https://commons.wikimedia.org/wiki/File:Mastercard-logo.svg
222734,MASTERCARD,DEBIT,PREPAID,MASTERCARD - PROCESSING MEA,,,AE,ARE,UNITED ARAB EMIRATES,mastercard.com,https://commons.wikimedia.org/wiki/File:Mastercard-logo.svg
222735,MASTERCARD,DEBIT,PREPAID,MASTERCARD - PROCESSING MEA,,,AE,ARE,UNITED ARAB EMIRATES,mastercard.com,https://commons.wikimedia.org/wiki/File:Mastercard-logo.svg
222736,MASTERCARD,DEBIT,PREPAID,MASTERCARD - PROCESSING MEA,,,AE,ARE,UNITED ARAB EMIRATES,mastercard.com,https://commons.wikimedia.org/wiki/File:Mastercard-logo.svg
222738,MASTERCARD,DEBIT,PREPAID,MASTERCARD - PROCESSING MEA,,,AE,ARE,UNITED ARAB EMIRATES,mastercard.com,https://commons.wikimedia.org/wiki/File:Mastercard-logo.svg
222739,MASTERCARD,DEBIT,PREPAID,MASTERCARD - PROCESSING MEA,,,AE,ARE,UNITED ARAB EMIRATES,mastercard.com,https://commons.wikimedia.org/wiki/File:Mastercard-logo.svg
222740,MASTERCARD,DEBIT,PREPAID,MASTERCARD - PROCESSING MEA,,,AE,ARE,UNITED ARAB EMIRATES,mastercard.com,https://commons.wikimedia.org/wiki/File:Mastercard-logo.svg
222748,MASTERCARD,DEBIT,PREPAID,MASTERCARD - PROCESSING MEA,,,AE,ARE,UNITED ARAB EMIRATES,mastercard.com,https://commons.wikimedia.org/wiki/File:Mastercard-logo.svg
222753,MASTERCARD,CREDIT,STANDARD,MASTERCARD - PROCESSING MEA,,,AE,ARE,UNITED ARAB EMIRATES,mastercard.com,https://commons.wikimedia.org/wiki/File:Mastercard-logo.svg
222759,MASTERCARD,CREDIT,STANDARD,MASTERCARD - PROCESSING MEA,,,QA,QAT,QATAR,mastercard.com,https://commons.wikimedia.org/wiki/File:Mastercard-logo.svg
222760,MASTERCARD,CREDIT,PLATINUM,AGRICULTURAL BANK EGYPT,,,EG,EGY,EGYPT,abe.com.eg,https://img.logo.dev/abe.com.eg?format=png&size=400
222761,MASTERCARD,CREDIT,STANDARD,MASTERCARD - PROCESSING MEA,,,EG,EGY,EGYPT,mastercard.com,https://commons.wikimedia.org/wiki/File:Mastercard-logo.svg
222762,MASTERCARD,CREDIT,STANDARD,MASTERCARD - PROCESSING MEA,,,SA,SAU,SAUDI ARABIA,mastercard.com,https://commons.wikimedia.org/wiki/File:Mastercard-logo.svg
222765,MASTERCARD,DEBIT,PREPAID,MASTERCARD - MIDDLE EAST/AFRICA REGION,,,EG,EGY,EGYPT,mastercard.com,https://commons.wikimedia.org/wiki/File:Mastercard-logo.svg
222782,MASTERCARD,DEBIT,,MASTERCARD - MIDDLE EAST/AFRICA REGION,,,EG,EGY,EGYPT,mastercard.com,https://commons.wikimedia.org/wiki/File:Mastercard-logo.svg
222783,MASTERCARD,DEBIT,,MASTERCARD - MIDDLE EAST/AFRICA REGION,,,EG,EGY,EGYPT,mastercard.com,https://commons.wikimedia.org/wiki/File:Mastercard-logo.svg
222784,MASTERCARD,DEBIT,,MASTERCARD - MIDDLE EAST/AFRICA REGION,,,EG,EGY,EGYPT,mastercard.com,https://commons.wikimedia.org/wiki/File:Mastercard-logo.svg
222785,MASTERCARD,DEBIT,,MASTERCARD - MIDDLE EAST/AFRICA REGION,,,EG,EGY,EGYPT,mastercard.com,https://commons.wikimedia.org/wiki/File:Mastercard-logo.svg
222786,MASTERCARD,DEBIT,,MASTERCARD - MIDDLE EAST/AFRICA REGION,,,EG,EGY,EGYPT,mastercard.com,https://commons.wikimedia.org/wiki/File:Mastercard-logo.svg
222789,MASTERCARD,DEBIT,,MASTERCARD - MIDDLE EAST/AFRICA REGION,,,EG,EGY,EGYPT,mastercard.com,https://commons.wikimedia.org/wiki/File:Mastercard-logo.svg
222790,MASTERCARD,DEBIT,,MASTERCARD - MIDDLE EAST/AFRICA REGION,,,EG,EGY,EGYPT,mastercard.com,https://commons.wikimedia.org/wiki/File:Mastercard-logo.svg
222791,MASTERCARD,DEBIT,,MASTERCARD - MIDDLE EAST/AFRICA REGION,,,EG,EGY,EGYPT,mastercard.com,https://commons.wikimedia.org/wiki/File:Mastercard-logo.svg
222792,MASTERCARD,DEBIT,,MASTERCARD - MIDDLE EAST/AFRICA REGION,,,EG,EGY,EGYPT,mastercard.com,https://commons.wikimedia.org/wiki/File:Mastercard-logo.svg
222793,MASTERCARD,DEBIT,,MASTERCARD - MIDDLE EAST/AFRICA REGION,,,EG,EGY,EGYPT,mastercard.com,https://commons.wikimedia.org/wiki/File:Mastercard-logo.svg
222794,MASTERCARD,DEBIT,,MASTERCARD - MIDDLE EAST/AFRICA REGION,,,EG,EGY,EGYPT,mastercard.com,https://commons.wikimedia.org/wiki/File:Mastercard-logo.svg
222795,MASTERCARD,DEBIT,,MASTERCARD - MIDDLE EAST/AFRICA REGION,,,EG,EGY,EGYPT,mastercard.com,https://commons.wikimedia.org/wiki/File:Mastercard-logo.svg
222796,MASTERCARD,DEBIT,,MASTERCARD - MIDDLE EAST/AFRICA REGION,,,EG,EGY,EGYPT,mastercard.com,https://commons.wikimedia.org/wiki/File:Mastercard-logo.svg
222798,MASTERCARD,DEBIT,,MASTERCARD - MIDDLE EAST/AFRICA REGION,,,EG,EGY,EGYPT,mastercard.com,https://commons.wikimedia.org/wiki/File:Mastercard-logo.svg
222799,MASTERCARD,DEBIT,,MASTERCARD - MIDDLE EAST/AFRICA REGION,,,EG,EGY,EGYPT,mastercard.com,https://commons.wikimedia.org/wiki/File:Mastercard-logo.svg
222800,MASTERCARD,DEBIT,,MASTERCARD - MIDDLE EAST/AFRICA REGION,,,EG,EGY,EGYPT,mastercard.com,https://commons.wikimedia.org/wiki/File:Mastercard-logo.svg
222801,MASTERCARD,DEBIT,,MASTERCARD - MIDDLE EAST/AFRICA REGION,,,EG,EGY,EGYPT,mastercard.com,https://commons.wikimedia.org/wiki/File:Mastercard-logo.svg
222802,MASTERCARD,DEBIT,,MASTERCARD - MIDDLE EAST/AFRICA REGION,,,EG,EGY,EGYPT,mastercard.com,https://commons.wikimedia.org/wiki/File:Mastercard-logo.svg
222804,MASTERCARD,DEBIT,,MASTERCARD - MIDDLE EAST/AFRICA REGION,,,EG,EGY,EGYPT,mastercard.com,https://commons.wikimedia.org/wiki/File:Mastercard-logo.svg
222805,MASTERCARD,DEBIT,,MASTERCARD - MIDDLE EAST/AFRICA REGION,,,EG,EGY,EGYPT,mastercard.com,https://commons.wikimedia.org/wiki/File:Mastercard-logo.svg
222807,MASTERCARD,DEBIT,PREPAID,MASTERCARD - MIDDLE EAST/AFRICA REGION,,,EG,EGY,EGYPT,mastercard.com,https://commons.wikimedia.org/wiki/File:Mastercard-logo.svg
222808,MASTERCARD,DEBIT,PREPAID,MASTERCARD - MIDDLE EAST/AFRICA REGION,,,EG,EGY,EGYPT,mastercard.com,https://commons.wikimedia.org/wiki/File:Mastercard-logo.svg
222809,MASTERCARD,DEBIT,PREPAID,MASTERCARD - MIDDLE EAST/AFRICA REGION,,,EG,EGY,EGYPT,mastercard.com,https://commons.wikimedia.org/wiki/File:Mastercard-logo.svg
222810,MASTERCARD,DEBIT,PREPAID,MASTERCARD - MIDDLE EAST/AFRICA REGION,,,EG,EGY,EGYPT,mastercard.com,https://commons.wikimedia.org/wiki/File:Mastercard-logo.svg
222811,MASTERCARD,DEBIT,PREPAID,MASTERCARD - MIDDLE EAST/AFRICA REGION,,,EG,EGY,EGYPT,mastercard.com,https://commons.wikimedia.org/wiki/File:Mastercard-logo.svg
222812,MASTERCARD,DEBIT,PREPAID,MASTERCARD - MIDDLE EAST/AFRICA REGION,,,EG,EGY,EGYPT,mastercard.com,https://commons.wikimedia.org/wiki/File:Mastercard-logo.svg
222813,MASTERCARD,DEBIT,PREPAID,MASTERCARD - MIDDLE EAST/AFRICA REGION,,,EG,EGY,EGYPT,mastercard.com,https://commons.wikimedia.org/wiki/File:Mastercard-logo.svg
222814,MASTERCARD,DEBIT,PREPAID,MASTERCARD - MIDDLE EAST/AFRICA REGION,,,EG,EGY,EGYPT,mastercard.com,https://commons.wikimedia.org/wiki/File:Mastercard-logo.svg
222815,MASTERCARD,DEBIT,PREPAID,MASTERCARD - MIDDLE EAST/AFRICA REGION,,,EG,EGY,EGYPT,mastercard.com,https://commons.wikimedia.org/wiki/File:Mastercard-logo.svg
222816,MASTERCARD,DEBIT,,MASTERCARD - MIDDLE EAST/AFRICA REGION,,,EG,EGY,EGYPT,mastercard.com,https://commons.wikimedia.org/wiki/File:Mastercard-logo.svg
222817,MASTERCARD,DEBIT,PREPAID,MASTERCARD - MIDDLE EAST/AFRICA REGION,,,EG,EGY,EGYPT,mastercard.com,https://commons.wikimedia.org/wiki/File:Mastercard-logo.svg
222818,MASTERCARD,DEBIT,,MASTERCARD - MIDDLE EAST/AFRICA REGION,,,EG,EGY,EGYPT,mastercard.com,https://commons.wikimedia.org/wiki/File:Mastercard-logo.svg
222820,MASTERCARD,DEBIT,,MASTERCARD - MIDDLE EAST/AFRICA REGION,,,EG,EGY,EGYPT,mastercard.com,https://commons.wikimedia.org/wiki/File:Mastercard-logo.svg
222821,MASTERCARD,DEBIT,,MASTERCARD - MIDDLE EAST/AFRICA REGION,,,EG,EGY,EGYPT,mastercard.com,https://commons.wikimedia.org/wiki/File:Mastercard-logo.svg
222822,MASTERCARD,DEBIT,,MASTERCARD - MIDDLE EAST/AFRICA REGION,,,EG,EGY,EGYPT,mastercard.com,https://commons.wikimedia.org/wiki/File:Mastercard-logo.svg
222823,MASTERCARD,DEBIT,PREPAID,MASTERCARD - MIDDLE EAST/AFRICA REGION,,,EG,EGY,EGYPT,mastercard.com,https://commons.wikimedia.org/wiki/File:Mastercard-logo.svg
222824,MASTERCARD,DEBIT,PREPAID,MASTERCARD - MIDDLE EAST/AFRICA REGION,,,EG,EGY,EGYPT,mastercard.com,https://commons.wikimedia.org/wiki/File:Mastercard-logo.svg
222825,MASTERCARD,DEBIT,PREPAID,MASTERCARD - MIDDLE EAST/AFRICA REGION,,,EG,EGY,EGYPT,mastercard.com,https://commons.wikimedia.org/wiki/File:Mastercard-logo.svg
222826,MASTERCARD,DEBIT,PREPAID,MASTERCARD - MIDDLE EAST/AFRICA REGION,,,EG,EGY,EGYPT,mastercard.com,https://commons.wikimedia.org/wiki/File:Mastercard-logo.svg
222827,MASTERCARD,DEBIT,PREPAID,MASTERCARD - MIDDLE EAST/AFRICA REGION,,,EG,EGY,EGYPT,mastercard.com,https://commons.wikimedia.org/wiki/File:Mastercard-logo.svg
222828,MASTERCARD,DEBIT,PREPAID,MASTERCARD - MIDDLE EAST/AFRICA REGION,,,EG,EGY,EGYPT,mastercard.com,https://commons.wikimedia.org/wiki/File:Mastercard-logo.svg
222829,MASTERCARD,DEBIT,PREPAID,MASTERCARD - MIDDLE EAST/AFRICA REGION,,,EG,EGY,EGYPT,mastercard.com,https://commons.wikimedia.org/wiki/File:Mastercard-logo.svg
222830,MASTERCARD,DEBIT,PREPAID,MASTERCARD - MIDDLE EAST/AFRICA REGION,,,EG,EGY,EGYPT,mastercard.com,https://commons.wikimedia.org/wiki/File:Mastercard-logo.svg
222831,MASTERCARD,DEBIT,PREPAID,MASTERCARD - MIDDLE EAST/AFRICA REGION,,,EG,EGY,EGYPT,mastercard.com,https://commons.wikimedia.org/wiki/File:Mastercard-logo.svg
222832,MASTERCARD,DEBIT,PREPAID,MASTERCARD - MIDDLE EAST/AFRICA REGION,,,EG,EGY,EGYPT,mastercard.com,https://commons.wikimedia.org/wiki/File:Mastercard-logo.svg
222833,MASTERCARD,DEBIT,PREPAID,MASTERCARD - MIDDLE EAST/AFRICA REGION,,,EG,EGY,EGYPT,mastercard.com,https://commons.wikimedia.org/wiki/File:Mastercard-logo.svg
222834,MASTERCARD,DEBIT,PREPAID,MASTERCARD - MIDDLE EAST/AFRICA REGION,,,EG,EGY,EGYPT,mastercard.com,https://commons.wikimedia.org/wiki/File:Mastercard-logo.svg
222835,MASTERCARD,DEBIT,PREPAID,MASTERCARD - MIDDLE EAST/AFRICA REGION,,,EG,EGY,EGYPT,mastercard.com,https://commons.wikimedia.org/wiki/File:Mastercard-logo.svg
222836,MASTERCARD,DEBIT,PREPAID,MASTERCARD - MIDDLE EAST/AFRICA REGION,,,EG,EGY,EGYPT,mastercard.com,https://commons.wikimedia.org/wiki/File:Mastercard-logo.svg
222999,MASTERCARD,CREDIT,WORLD ELITE,QATAR NATIONAL BANK,+97444622724,http://www.qnb.com.qa,QA,QAT,QATAR,qnb.com,https://commons.wikimedia.org/wiki/File:Qatar_National_Bank_Logo.svg
223002,MASTERCARD,DEBIT,PREPAID,"SUEZ CANAL BANK, S.A.E.",,,EG,EGY,EGYPT,scbank.com.eg,https://commons.wikimedia.org/wiki/File:Suez_Canal_Bank_logo.svg
223003,MASTERCARD,DEBIT,PREPAID PLATINUM TRAVEL,NATIONAL BANK OF RAS AL-KHAIMAH (RAKBANK),,,AE,ARE,UNITED ARAB EMIRATES,rakbank.ae,https://commons.wikimedia.org/wiki/File:Rakbank_logo.svg
223191,MASTERCARD,CREDIT,WORLD ELITE EXCLUSIVE,COMMERCIAL BANK INTERNATIONAL,+97142275265,http://www.cbiuae.com,AE,ARE,UNITED ARAB EMIRATES,cbiuae.com,https://img.logo.dev/cbiuae.com?format=png&size=400
223224,MASTERCARD,DEBIT,PREPAID,BANQUE DU CAIRE,+20222648410,http://www.bdc.com.eg,EG,EGY,EGYPT,bdc.com.eg,https://commons.wikimedia.org/wiki/File:Banque_du_Caire_logo.svg
223280,MASTERCARD,DEBIT,PREPAID,BANQUE MISR,+20223912150,http://www.banquemisr.com,EG,EGY,EGYPT,banquemisr.com,https://commons.wikimedia.org/wiki/File:Banque_Misr_logo.svg
223359,MASTERCARD,CREDIT,PLATINUM,COMMERCIAL BANK OF QATAR Q.S.C,,,QA,QAT,QATAR,cbq.qa,https://commons.wikimedia.org/wiki/File:Commercial_Bank_of_Qatar_Logo.svg
223371,MASTERCARD,DEBIT,STANDARD,TWEEQ INTERNATIONAL COMPANY,,,SA,SAU,SAUDI ARABIA,tweeq.com,https://img.logo.dev/tweeq.com?format=png&size=400
223379,MASTERCARD,DEBIT,PLATINUM FLEX,THE SAUDI NATIONAL BANK,,,SA,SAU,SAUDI ARABIA,alahli.com,https://commons.wikimedia.org/wiki/File:Saudi_National_Bank_Logo.svg
223388,MASTERCARD,CREDIT,WORLD ELITE EXCLUSIVE,NATIONAL BANK OF BAHRAIN,,,BH,BHR,BAHRAIN,nbbonline.com,https://commons.wikimedia.org/wiki/File:National_Bank_of_Bahrain_logo.svg
223398,MASTERCARD,CREDIT,INSTALLMENT PAYMENTS P,THE SAUDI NATIONAL BANK,,,SA,SAU,SAUDI ARABIA,alahli.com,https://commons.wikimedia.org/wiki/File:Saudi_National_Bank_Logo.svg
223444,MASTERCARD,CREDIT,CORPORATE PURCHASING,NETWORK INTERNATIONAL LLC,,,AE,ARE,UNITED ARAB EMIRATES,network.ae,https://img.logo.dev/network.ae?format=png&size=400
223446,MASTERCARD,DEBIT,,COMMERCIAL BANK OF KUWAIT S.A.K.,,,KW,KWT,KUWAIT,cbk.com,https://commons.wikimedia.org/wiki/File:Commercial_Bank_of_Kuwait_logo.svg
223448,MASTERCARD,CREDIT,INSTALLMENTS PREMIUM,SAUDI AWWAL BANK,,,SA,SAU,SAUDI ARABIA,sab.com,https://commons.wikimedia.org/wiki/File:Saudi_Awwal_Bank_Logo.svg
223463,MASTERCARD,DEBIT,STANDARD,RIYAD BANK,,http://www.riyadbank.com,SA,SAU,SAUDI ARABIA,riyadbank.com,https://commons.wikimedia.org/wiki/File:Riyad_Bank_logo.svg
223516,MASTERCARD,CREDIT,B2B,HSBC BANK MIDDLE EAST,+97142241000,http://www.hsbc.ae,AE,ARE,UNITED ARAB EMIRATES,hsbc.com,https://commons.wikimedia.org/wiki/File:HSBC_logo_(2018).svg
223614,MASTERCARD,DEBIT,,NATIONAL BANK OF BAHRAIN,,,BH,BHR,BAHRAIN,nbbonline.com,https://commons.wikimedia.org/wiki/File:National_Bank_of_Bahrain_logo.svg
223696,MASTERCARD,DEBIT,PREPAID WORLD,INFINIOS FINANCIAL SERVICES B.S.C. CLOSED,,,BH,BHR,BAHRAIN,infinios.com,https://img.logo.dev/infinios.com?format=png&size=400
224020,MASTERCARD,DEBIT,STANDARD,ARAB NATIONAL BANK,,,SA,SAU,SAUDI ARABIA,anb.com.sa,https://commons.wikimedia.org/wiki/File:Anb_new_logo.svg
228822,MASTERCARD,CREDIT,PLATINUM,QATAR NATIONAL BANK,+97444622724,http://www.qnb.com.qa,QA,QAT,QATAR,qnb.com,https://commons.wikimedia.org/wiki/File:Qatar_National_Bank_Logo.svg
228888,MASTERCARD,CREDIT,PLATINUM,QATAR NATIONAL BANK,+97444622724,http://www.qnb.com.qa,QA,QAT,QATAR,qnb.com,https://commons.wikimedia.org/wiki/File:Qatar_National_Bank_Logo.svg
230343,MASTERCARD,CREDIT,MIXED BIN,NATIONAL BANK OF RAS AL-KHAIMAH (RAKBANK),,,AE,ARE,UNITED ARAB EMIRATES,rakbank.ae,https://commons.wikimedia.org/wiki/File:Rakbank_logo.svg
230752,MASTERCARD,DEBIT,PREPAID,FIRST ABU DHABI BANK PJSC,+971600525500,https://www.bankfab.com,AE,ARE,UNITED ARAB EMIRATES,bankfab.com,https://commons.wikimedia.org/wiki/File:First_Abu_Dhabi_Bank_Logo.svg
230754,MASTERCARD,DEBIT,GOLD,ABU DHABI ISLAMIC BANK,,http://www.adib.ae,EG,EGY,EGYPT,adib.ae,https://commons.wikimedia.org/wiki/File:Abu_Dhabi_Islamic_Bank_Logo.svg
232120,MASTERCARD,CREDIT,WORLD ELITE,RIYAD BANK,,http://www.riyadbank.com,SA,SAU,SAUDI ARABIA,riyadbank.com,https://commons.wikimedia.org/wiki/File:Riyad_Bank_logo.svg
232520,MASTERCARD,CREDIT,WORLD,RIYAD BANK,,http://www.riyadbank.com,SA,SAU,SAUDI ARABIA,riyadbank.com,https://commons.wikimedia.org/wiki/File:Riyad_Bank_logo.svg
242030,MASTERCARD,DEBIT,STANDARD,TWEEQ INTERNATIONAL COMPANY,,,SA,SAU,SAUDI ARABIA,tweeq.com,https://img.logo.dev/tweeq.com?format=png&size=400
271797,MASTERCARD,DEBIT,PREPAID,QATAR NATIONAL BANK AL-AHLI S.A.E,,,EG,EGY,EGYPT,qnb.com,https://commons.wikimedia.org/wiki/File:Qatar_National_Bank_Logo.svg
271832,MASTERCARD,DEBIT,PREPAID,BANQUE MISR,+20223912150,http://www.banquemisr.com,EG,EGY,EGYPT,banquemisr.com,https://commons.wikimedia.org/wiki/File:Banque_Misr_logo.svg
271939,MASTERCARD,DEBIT,PREPAID,BANQUE MISR,+20223912150,http://www.banquemisr.com,EG,EGY,EGYPT,banquemisr.com,https://commons.wikimedia.org/wiki/File:Banque_Misr_logo.svg
300030,DINERS CLUB INTERNATIONAL,CREDIT,STANDARD,,,,JO,JOR,JORDAN,,
300740,DINERS CLUB INTERNATIONAL,CREDIT,STANDARD,,,,PS,PSE,"PALESTINIAN TERRITORY, OCCUPIED",,
301256,DINERS CLUB INTERNATIONAL,CREDIT,STANDARD,,,,QA,QAT,QATAR,,
301446,DINERS CLUB INTERNATIONAL,CREDIT,STANDARD,,,,EG,EGY,EGYPT,,
301680,DINERS CLUB INTERNATIONAL,CREDIT,STANDARD,,,,SY,SYR,SYRIAN ARAB REPUBLIC,,
302923,DINERS CLUB INTERNATIONAL,CREDIT,STANDARD,,,,EG,EGY,EGYPT,,
319597,DINERS CLUB INTERNATIONAL,CREDIT,,,,,EG,EGY,EGYPT,,
321564,DINERS CLUB INTERNATIONAL,CREDIT,,,,,EG,EGY,EGYPT,,
340011,AMERICAN EXPRESS,CREDIT,STANDARD,,,,EG,EGY,EGYPT,,
340030,AMERICAN EXPRESS,CREDIT,SMALL BUSINESS,AMERICAN EXPRESS SAUDI ARABIA,,,SA,SAU,SAUDI ARABIA,americanexpress.com,https://commons.wikimedia.org/wiki/File:American_Express_logo_(2018).svg
340031,AMERICAN EXPRESS,CREDIT,PERSONAL,AMERICAN EXPRESS SAUDI ARABIA,,,SA,SAU,SAUDI ARABIA,americanexpress.com,https://commons.wikimedia.org/wiki/File:American_Express_logo_(2018).svg
341000,AMERICAN EXPRESS,CREDIT,STANDARD,,,,EG,EGY,EGYPT,,
341100,AMERICAN EXPRESS,CREDIT,STANDARD,,,,EG,EGY,EGYPT,,
341400,AMERICAN EXPRESS,CREDIT,STANDARD,,,,EG,EGY,EGYPT,,
342100,AMERICAN EXPRESS,CREDIT,,,,,SY,SYR,SYRIAN ARAB REPUBLIC,,
342429,AMERICAN EXPRESS,CREDIT,STANDARD,,,,JO,JOR,JORDAN,,
343435,AMERICAN EXPRESS,CREDIT,STANDARD,,,,EG,EGY,EGYPT,,
344046,AMERICAN EXPRESS,CREDIT,STANDARD,,,,EG,EGY,EGYPT,,
346531,AMERICAN EXPRESS,CREDIT,STANDARD,,,,JO,JOR,JORDAN,,
347695,AMERICAN EXPRESS,CREDIT,STANDARD,,,,LB,LBN,LEBANON,,
348200,AMERICAN EXPRESS,CREDIT,,,,,SY,SYR,SYRIAN ARAB REPUBLIC,,
348433,AMERICAN EXPRESS,CREDIT,STANDARD,,,,EG,EGY,EGYPT,,
348573,AMERICAN EXPRESS,CREDIT,STANDARD,,,,EG,EGY,EGYPT,,
349135,AMERICAN EXPRESS,CREDIT,,,,,EG,EGY,EGYPT,,
349183,AMERICAN EXPRESS,CREDIT,STANDARD,,,,IL,ISR,ISRAEL,,
350010,PRIVATE LABEL,CREDIT,STANDARD,,,,IL,ISR,ISRAEL,,
351257,PRIVATE LABEL,CREDIT,,,,,EG,EGY,EGYPT,,
352717,PRIVATE LABEL,DEBIT,,,,,KW,KWT,KUWAIT,,
356076,JCB,CREDIT,GOLD,,,,LB,LBN,LEBANON,,
356461,JCB,CREDIT,STANDARD,,,,AE,ARE,UNITED ARAB EMIRATES,,
356462,JCB,CREDIT,STANDARD,,,,AE,ARE,UNITED ARAB EMIRATES,,
356463,JCB,CREDIT,BUSINESS,,,,AE,ARE,UNITED ARAB EMIRATES,,
356464,JCB,CREDIT,STANDARD,,,,BH,BHR,BAHRAIN,,
356465,JCB,CREDIT,BUSINESS,,,,BH,BHR,BAHRAIN,,
360042,DINERS CLUB INTERNATIONAL,CREDIT,BUSINESS,DC UAE,,,AE,ARE,UNITED ARAB EMIRATES,,
360086,DINERS CLUB INTERNATIONAL,CREDIT,STANDARD,,,,SA,SAU,SAUDI ARABIA,,
360098,DINERS CLUB INTERNATIONAL,CREDIT,STANDARD,,,,EG,EGY,EGYPT,,
360099,DINERS CLUB INTERNATIONAL,CREDIT,,,,,EG,EGY,EGYPT,,
360134,DINERS CLUB INTERNATIONAL,CREDIT,STANDARD,DC BAHRAIN,,,BH,BHR,BAHRAIN,,
360195,DINERS CLUB INTERNATIONAL,CREDIT,PERSONAL,DC QATAR,,,QA,QAT,QATAR,,
360797,DINERS CLUB INTERNATIONAL,CREDIT,PERSONAL,DC QATAR,,,QA,QAT,QATAR,,
360798,DINERS CLUB INTERNATIONAL,CREDIT,PERSONAL,DC QATAR,,,QA,QAT,QATAR,,
360799,DINERS CLUB INTERNATIONAL,CREDIT,PERSONAL,DC QATAR,,,QA,QAT,QATAR,,
360800,DINERS CLUB INTERNATIONAL,CREDIT,,DC UAE,,,AE,ARE,UNITED ARAB EMIRATES,,
361218,DINERS CLUB INTERNATIONAL,CREDIT,,,,,LB,LBN,LEBANON,,
361271,DINERS CLUB INTERNATIONAL,CREDIT,PERSONAL,DC ISRAEL,,,IL,ISR,ISRAEL,isracard.co.il,https://commons.wikimedia.org/wiki/File:Isracard_logo.svg
361272,DINERS CLUB INTERNATIONAL,CREDIT,PERSONAL,DC ISRAEL,,,IL,ISR,ISRAEL,isracard.co.il,https://commons.wikimedia.org/wiki/File:Isracard_logo.svg
361511,DINERS CLUB INTERNATIONAL,CREDIT,,DC UAE,,,AE,ARE,UNITED ARAB EMIRATES,,
361558,DINERS CLUB INTERNATIONAL,CREDIT,PERSONAL,DC UAE,,,AE,ARE,UNITED ARAB EMIRATES,,
361760,DINERS CLUB INTERNATIONAL,CREDIT,STANDARD,,,,EG,EGY,EGYPT,,
361761,DINERS CLUB INTERNATIONAL,CREDIT,STANDARD,,,,EG,EGY,EGYPT,,
361762,DINERS CLUB INTERNATIONAL,CREDIT,PERSONAL,DC EGYPT,,,EG,EGY,EGYPT,,
361885,DINERS CLUB INTERNATIONAL,CREDIT,PERSONAL,DC UAE,,,AE,ARE,UNITED ARAB EMIRATES,,
362051,DINERS CLUB INTERNATIONAL,CREDIT,PERSONAL,DC ISRAEL,,,IL,ISR,ISRAEL,isracard.co.il,https://commons.wikimedia.org/wiki/File:Isracard_logo.svg
362052,DINERS CLUB INTERNATIONAL,CREDIT,PERSONAL,DC ISRAEL,,,IL,ISR,ISRAEL,isracard.co.il,https://commons.wikimedia.org/wiki/File:Isracard_logo.svg
362053,DINERS CLUB INTERNATIONAL,CREDIT,PERSONAL,DC ISRAEL,,,IL,ISR,ISRAEL,isracard.co.il,https://commons.wikimedia.org/wiki/File:Isracard_logo.svg
362066,DINERS CLUB INTERNATIONAL,CREDIT,PERSONAL,DC ISRAEL,,,IL,ISR,ISRAEL,isracard.co.il,https://commons.wikimedia.org/wiki/File:Isracard_logo.svg
362067,DINERS CLUB INTERNATIONAL,CREDIT,PERSONAL,DC ISRAEL,,,IL,ISR,ISRAEL,isracard.co.il,https://commons.wikimedia.org/wiki/File:Isracard_logo.svg
362068,DINERS CLUB INTERNATIONAL,CREDIT,PERSONAL,DC ISRAEL,,,IL,ISR,ISRAEL,isracard.co.il,https://commons.wikimedia.org/wiki/File:Isracard_logo.svg
362345,DINERS CLUB INTERNATIONAL,CREDIT,PERSONAL,DC KUWAIT,,,KW,KWT,KUWAIT,,
362352,DINERS CLUB INTERNATIONAL,CREDIT,STANDARD,DC UAE,,,AE,ARE,UNITED ARAB EMIRATES,,
362607,DINERS CLUB INTERNATIONAL,CREDIT,,,,,LB,LBN,LEBANON,,
362800,DINERS CLUB INTERNATIONAL,CREDIT,PERSONAL,DC UAE,,,AE,ARE,UNITED ARAB EMIRATES,,
363352,DINERS CLUB INTERNATIONAL,CREDIT,PERSONAL,DC QATAR,,,QA,QAT,QATAR,,
363412,DINERS CLUB INTERNATIONAL,CREDIT,BUSINESS,,,,QA,QAT,QATAR,,
363468,DINERS CLUB INTERNATIONAL,CREDIT,BUSINESS,,,,LB,LBN,LEBANON,,
363493,DINERS CLUB INTERNATIONAL,CREDIT,STANDARD,DC EGYPT,,,EG,EGY,EGYPT,,
363520,DINERS CLUB INTERNATIONAL,CREDIT,STANDARD,,,,QA,QAT,QATAR,,
363549,DINERS CLUB INTERNATIONAL,CREDIT,BUSINESS,,,,EG,EGY,EGYPT,,
364053,DINERS CLUB INTERNATIONAL,CREDIT,STANDARD,,,,OM,OMN,OMAN,,
364094,DINERS CLUB INTERNATIONAL,CREDIT,PERSONAL,DC ISRAEL,,,IL,ISR,ISRAEL,isracard.co.il,https://commons.wikimedia.org/wiki/File:Isracard_logo.svg
364095,DINERS CLUB INTERNATIONAL,CREDIT,PERSONAL,DC ISRAEL,,,IL,ISR,ISRAEL,isracard.co.il,https://commons.wikimedia.org/wiki/File:Isracard_logo.svg
364096,DINERS CLUB INTERNATIONAL,CREDIT,PERSONAL,DC ISRAEL,,,IL,ISR,ISRAEL,isracard.co.il,https://commons.wikimedia.org/wiki/File:Isracard_logo.svg
364097,DINERS CLUB INTERNATIONAL,CREDIT,PERSONAL,DC ISRAEL,,,IL,ISR,ISRAEL,isracard.co.il,https://commons.wikimedia.org/wiki/File:Isracard_logo.svg
364098,DINERS CLUB INTERNATIONAL,CREDIT,PERSONAL,DC ISRAEL,,,IL,ISR,ISRAEL,isracard.co.il,https://commons.wikimedia.org/wiki/File:Isracard_logo.svg
364099,DINERS CLUB INTERNATIONAL,CREDIT,PERSONAL,DC ISRAEL,,,IL,ISR,ISRAEL,isracard.co.il,https://commons.wikimedia.org/wiki/File:Isracard_logo.svg
364205,DINERS CLUB INTERNATIONAL,CREDIT,PERSONAL,DC KUWAIT,,,KW,KWT,KUWAIT,,
364206,DINERS CLUB INTERNATIONAL,CREDIT,,,,,SA,SAU,SAUDI ARABIA,,
364209,DINERS CLUB INTERNATIONAL,CREDIT,,,,,SA,SAU,SAUDI ARABIA,,
364222,DINERS CLUB INTERNATIONAL,CREDIT,PERSONAL,DC UAE,,,AE,ARE,UNITED ARAB EMIRATES,,
364226,DINERS CLUB INTERNATIONAL,CREDIT,COMMERCIAL,,,,SA,SAU,SAUDI ARABIA,,
364227,DINERS CLUB INTERNATIONAL,CREDIT,COMMERCIAL,,,,SA,SAU,SAUDI ARABIA,,
364228,DINERS CLUB INTERNATIONAL,CREDIT,COMMERCIAL,,,,SA,SAU,SAUDI ARABIA,,
364269,DINERS CLUB INTERNATIONAL,CREDIT,PERSONAL,DC ISRAEL,,,IL,ISR,ISRAEL,isracard.co.il,https://commons.wikimedia.org/wiki/File:Isracard_logo.svg
364286,DINERS CLUB INTERNATIONAL,CREDIT,,,,,OM,OMN,OMAN,,
364289,DINERS CLUB INTERNATIONAL,CREDIT,PERSONAL,DC KUWAIT,,,KW,KWT,KUWAIT,,
364311,DINERS CLUB INTERNATIONAL,CREDIT,PERSONAL,DC QATAR,,,QA,QAT,QATAR,,
364318,DINERS CLUB INTERNATIONAL,CREDIT,PERSONAL,DC KUWAIT,,,KW,KWT,KUWAIT,,
364334,DINERS CLUB INTERNATIONAL,CREDIT,PERSONAL,DC ISRAEL,,,IL,ISR,ISRAEL,isracard.co.il,https://commons.wikimedia.org/wiki/File:Isracard_logo.svg
364370,DINERS CLUB INTERNATIONAL,CREDIT,PERSONAL,DC ISRAEL,,,IL,ISR,ISRAEL,isracard.co.il,https://commons.wikimedia.org/wiki/File:Isracard_logo.svg
364399,DINERS CLUB INTERNATIONAL,CREDIT,STANDARD,,,,OM,OMN,OMAN,,
364466,DINERS CLUB INTERNATIONAL,CREDIT,,,,,KW,KWT,KUWAIT,,
364490,DINERS CLUB INTERNATIONAL,CREDIT,,,,,LB,LBN,LEBANON,,
364492,DINERS CLUB INTERNATIONAL,CREDIT,,,,,JO,JOR,JORDAN,,
364598,DINERS CLUB INTERNATIONAL,CREDIT,STANDARD,,,,OM,OMN,OMAN,,
364599,DINERS CLUB INTERNATIONAL,CREDIT,,,,,OM,OMN,OMAN,,
364709,DINERS CLUB INTERNATIONAL,CREDIT,,,,,OM,OMN,OMAN,,
364726,DINERS CLUB INTERNATIONAL,CREDIT,STANDARD,DC BAHRAIN,,,BH,BHR,BAHRAIN,,
364872,DINERS CLUB INTERNATIONAL,CREDIT,,,,,OM,OMN,OMAN,,
364873,DINERS CLUB INTERNATIONAL,CREDIT,STANDARD,,,,OM,OMN,OMAN,,
364874,DINERS CLUB INTERNATIONAL,CREDIT,,,,,OM,OMN,OMAN,,
365118,DINERS CLUB INTERNATIONAL,CREDIT,STANDARD,,,,OM,OMN,OMAN,,
365119,DINERS CLUB INTERNATIONAL,CREDIT,,,,,OM,OMN,OMAN,,
365145,DINERS CLUB INTERNATIONAL,CREDIT,PERSONAL,DC ISRAEL,,,IL,ISR,ISRAEL,isracard.co.il,https://commons.wikimedia.org/wiki/File:Isracard_logo.svg
365146,DINERS CLUB INTERNATIONAL,CREDIT,PERSONAL,DC ISRAEL,,,IL,ISR,ISRAEL,isracard.co.il,https://commons.wikimedia.org/wiki/File:Isracard_logo.svg
365159,DINERS CLUB INTERNATIONAL,CREDIT,,,,,LB,LBN,LEBANON,,
365165,DINERS CLUB INTERNATIONAL,CREDIT,,,,,LB,LBN,LEBANON,,
365185,DINERS CLUB INTERNATIONAL,CREDIT,PERSONAL,DC ISRAEL,,,IL,ISR,ISRAEL,isracard.co.il,https://commons.wikimedia.org/wiki/File:Isracard_logo.svg
365186,DINERS CLUB INTERNATIONAL,CREDIT,PERSONAL,DC ISRAEL,,,IL,ISR,ISRAEL,isracard.co.il,https://commons.wikimedia.org/wiki/File:Isracard_logo.svg
365187,DINERS CLUB INTERNATIONAL,CREDIT,PERSONAL,DC ISRAEL,,,IL,ISR,ISRAEL,isracard.co.il,https://commons.wikimedia.org/wiki/File:Isracard_logo.svg
365220,DINERS CLUB INTERNATIONAL,CREDIT,,,,,LB,LBN,LEBANON,,
365221,DINERS CLUB INTERNATIONAL,CREDIT,STANDARD,,,,LB,LBN,LEBANON,,
365450,DINERS CLUB INTERNATIONAL,CREDIT,STANDARD,DC UAE,,,AE,ARE,UNITED ARAB EMIRATES,,
365451,DINERS CLUB INTERNATIONAL,CREDIT,,,,,SA,SAU,SAUDI ARABIA,,
365530,DINERS CLUB INTERNATIONAL,CREDIT,STANDARD,,,,LB,LBN,LEBANON,,
365531,DINERS CLUB INTERNATIONAL,CREDIT,,,,,LB,LBN,LEBANON,,
365532,DINERS CLUB INTERNATIONAL,CREDIT,STANDARD,,,,LB,LBN,LEBANON,,
365533,DINERS CLUB INTERNATIONAL,CREDIT,,,,,LB,LBN,LEBANON,,
365536,DINERS CLUB INTERNATIONAL,CREDIT,,,,,LB,LBN,LEBANON,,
365537,DINERS CLUB INTERNATIONAL,CREDIT,STANDARD,,,,LB,LBN,LEBANON,,
365560,DINERS CLUB INTERNATIONAL,CREDIT,PERSONAL,DC ISRAEL,,,IL,ISR,ISRAEL,isracard.co.il,https://commons.wikimedia.org/wiki/File:Isracard_logo.svg
365561,DINERS CLUB INTERNATIONAL,CREDIT,PERSONAL,DC ISRAEL,,,IL,ISR,ISRAEL,isracard.co.il,https://commons.wikimedia.org/wiki/File:Isracard_logo.svg
365562,DINERS CLUB INTERNATIONAL,CREDIT,PERSONAL,DC ISRAEL,,,IL,ISR,ISRAEL,isracard.co.il,https://commons.wikimedia.org/wiki/File:Isracard_logo.svg
365563,DINERS CLUB INTERNATIONAL,CREDIT,PERSONAL,DC ISRAEL,,,IL,ISR,ISRAEL,isracard.co.il,https://commons.wikimedia.org/wiki/File:Isracard_logo.svg
365564,DINERS CLUB INTERNATIONAL,CREDIT,PERSONAL,DC ISRAEL,,,IL,ISR,ISRAEL,isracard.co.il,https://commons.wikimedia.org/wiki/File:Isracard_logo.svg
365567,DINERS CLUB INTERNATIONAL,CREDIT,PERSONAL,DC ISRAEL,,,IL,ISR,ISRAEL,isracard.co.il,https://commons.wikimedia.org/wiki/File:Isracard_logo.svg
365569,DINERS CLUB INTERNATIONAL,CREDIT,PERSONAL,DC ISRAEL,,,IL,ISR,ISRAEL,isracard.co.il,https://commons.wikimedia.org/wiki/File:Isracard_logo.svg
365648,DINERS CLUB INTERNATIONAL,CREDIT,,,,,LB,LBN,LEBANON,,
365836,DINERS CLUB INTERNATIONAL,CREDIT,STANDARD,,,,KW,KWT,KUWAIT,,
367283,DINERS CLUB INTERNATIONAL,CREDIT,STANDARD,,,,PS,PSE,"PALESTINIAN TERRITORY, OCCUPIED",,
367328,DINERS CLUB INTERNATIONAL,CREDIT,STANDARD,,,,EG,EGY,EGYPT,,
369369,DINERS CLUB INTERNATIONAL,CREDIT,STANDARD,,,,KW,KWT,KUWAIT,,
369848,DINERS CLUB INTERNATIONAL,CREDIT,STANDARD,,,,EG,EGY,EGYPT,,
370278,AMERICAN EXPRESS,CREDIT,CORPORATE,AEME REVOLVE,,,BH,BHR,BAHRAIN,revolve.com,https://img.logo.dev/revolve.com?format=png&size=400
370298,AMERICAN EXPRESS,CREDIT,CORPORATE,AMERICAN EXPRESS SAUDI ARABIA,,,SA,SAU,SAUDI ARABIA,americanexpress.com,https://commons.wikimedia.org/wiki/File:American_Express_logo_(2018).svg
370946,AMERICAN EXPRESS,CREDIT,,AMERICAN EXPRESS,,https://www.americanexpress.com,IL,ISR,ISRAEL,americanexpress.com,https://commons.wikimedia.org/wiki/File:American_Express_logo_(2018).svg
374311,AMERICAN EXPRESS,CREDIT,CORPORATE,AMERICAN EXPRESS SAUDI ARABIA,,,SA,SAU,SAUDI ARABIA,americanexpress.com,https://commons.wikimedia.org/wiki/File:American_Express_logo_(2018).svg
374312,AMERICAN EXPRESS,CREDIT,CORPORATE,AMERICAN EXPRESS SAUDI ARABIA,,,SA,SAU,SAUDI ARABIA,americanexpress.com,https://commons.wikimedia.org/wiki/File:American_Express_logo_(2018).svg
374400,AMERICAN EXPRESS,CREDIT,PERSONAL,AEME REVOLVE,,,BH,BHR,BAHRAIN,revolve.com,https://img.logo.dev/revolve.com?format=png&size=400
374401,AMERICAN EXPRESS,CREDIT,PERSONAL,AEME REVOLVE,,,BH,BHR,BAHRAIN,revolve.com,https://img.logo.dev/revolve.com?format=png&size=400
374402,AMERICAN EXPRESS,CREDIT,PERSONAL,AEME REVOLVE,,,BH,BHR,BAHRAIN,revolve.com,https://img.logo.dev/revolve.com?format=png&size=400
374403,AMERICAN EXPRESS,CREDIT,PERSONAL,AEME REVOLVE,,,BH,BHR,BAHRAIN,revolve.com,https://img.logo.dev/revolve.com?format=png&size=400
374404,AMERICAN EXPRESS,CREDIT,PERSONAL,AEME REVOLVE,,,BH,BHR,BAHRAIN,revolve.com,https://img.logo.dev/revolve.com?format=png&size=400
374405,AMERICAN EXPRESS,CREDIT,PERSONAL,AEME REVOLVE,,,BH,BHR,BAHRAIN,revolve.com,https://img.logo.dev/revolve.com?format=png&size=400
374406,AMERICAN EXPRESS,CREDIT,PERSONAL,AEME REVOLVE,,,BH,BHR,BAHRAIN,revolve.com,https://img.logo.dev/revolve.com?format=png&size=400
374407,AMERICAN EXPRESS,CREDIT,PERSONAL,AEME REVOLVE,,,BH,BHR,BAHRAIN,revolve.com,https://img.logo.dev/revolve.com?format=png&size=400
374408,AMERICAN EXPRESS,CREDIT,PERSONAL,AEME REVOLVE,,,BH,BHR,BAHRAIN,revolve.com,https://img.logo.dev/revolve.com?format=png&size=400
374409,AMERICAN EXPRESS,CREDIT,PERSONAL,AEME REVOLVE,,,BH,BHR,BAHRAIN,revolve.com,https://img.logo.dev/revolve.com?format=png&size=400
374410,AMERICAN EXPRESS,CREDIT,PERSONAL,AEME REVOLVE,,,BH,BHR,BAHRAIN,revolve.com,https://img.logo.dev/revolve.com?format=png&size=400
374411,AMERICAN EXPRESS,CREDIT,SMALL BUSINESS,AEME REVOLVE,,,BH,BHR,BAHRAIN,revolve.com,https://img.logo.dev/revolve.com?format=png&size=400
374418,AMERICAN EXPRESS,CREDIT,CORPORATE,AEME REVOLVE,,,BH,BHR,BAHRAIN,revolve.com,https://img.logo.dev/revolve.com?format=png&size=400
374420,AMERICAN EXPRESS,CREDIT,PERSONAL,AEME REVOLVE,,,BH,BHR,BAHRAIN,revolve.com,https://img.logo.dev/revolve.com?format=png&size=400
374430,AMERICAN EXPRESS,CREDIT,PERSONAL,AEME REVOLVE,,,BH,BHR,BAHRAIN,revolve.com,https://img.logo.dev/revolve.com?format=png&size=400
374440,AMERICAN EXPRESS,CREDIT,PERSONAL,AEME REVOLVE,,,BH,BHR,BAHRAIN,revolve.com,https://img.logo.dev/revolve.com?format=png&size=400
374441,AMERICAN EXPRESS,CREDIT,PERSONAL,AEME REVOLVE,,,BH,BHR,BAHRAIN,revolve.com,https://img.logo.dev/revolve.com?format=png&size=400
374448,AMERICAN EXPRESS,CREDIT,PERSONAL,AEME REVOLVE,,,BH,BHR,BAHRAIN,revolve.com,https://img.logo.dev/revolve.com?format=png&size=400
374460,AMERICAN EXPRESS,CREDIT,PERSONAL,AEME REVOLVE,,,BH,BHR,BAHRAIN,revolve.com,https://img.logo.dev/revolve.com?format=png&size=400
374470,AMERICAN EXPRESS,CREDIT,PERSONAL,AEME REVOLVE,,,BH,BHR,BAHRAIN,revolve.com,https://img.logo.dev/revolve.com?format=png&size=400
374480,AMERICAN EXPRESS,CREDIT,PERSONAL,AEME REVOLVE,,,BH,BHR,BAHRAIN,revolve.com,https://img.logo.dev/revolve.com?format=png&size=400
374481,AMERICAN EXPRESS,CREDIT,PERSONAL,AEME REVOLVE,,,BH,BHR,BAHRAIN,revolve.com,https://img.logo.dev/revolve.com?format=png&size=400
374482,AMERICAN EXPRESS,CREDIT,PERSONAL,AEME REVOLVE,,,BH,BHR,BAHRAIN,revolve.com,https://img.logo.dev/revolve.com?format=png&size=400
374483,AMERICAN EXPRESS,CREDIT,PERSONAL,AEME REVOLVE,,,BH,BHR,BAHRAIN,revolve.com,https://img.logo.dev/revolve.com?format=png&size=400
374484,AMERICAN EXPRESS,CREDIT,PERSONAL,AEME REVOLVE,,,BH,BHR,BAHRAIN,revolve.com,https://img.logo.dev/revolve.com?format=png&size=400
374485,AMERICAN EXPRESS,CREDIT,PERSONAL,AEME REVOLVE,,,BH,BHR,BAHRAIN,revolve.com,https://img.logo.dev/revolve.com?format=png&size=400
374486,AMERICAN EXPRESS,CREDIT,PERSONAL,AEME REVOLVE,,,BH,BHR,BAHRAIN,revolve.com,https://img.logo.dev/revolve.com?format=png&size=400
374487,AMERICAN EXPRESS,CREDIT,PERSONAL,AEME REVOLVE,,,BH,BHR,BAHRAIN,revolve.com,https://img.logo.dev/revolve.com?format=png&size=400
374488,AMERICAN EXPRESS,CREDIT,PERSONAL,AEME REVOLVE,,,BH,BHR,BAHRAIN,revolve.com,https://img.logo.dev/revolve.com?format=png&size=400
374489,AMERICAN EXPRESS,CREDIT,PERSONAL,AEME REVOLVE,,,BH,BHR,BAHRAIN,revolve.com,https://img.logo.dev/revolve.com?format=png&size=400
374490,AMERICAN EXPRESS,CREDIT,CORPORATE,AEME REVOLVE,,,BH,BHR,BAHRAIN,revolve.com,https://img.logo.dev/revolve.com?format=png&size=400
374491,AMERICAN EXPRESS,CREDIT,CORPORATE,AEME REVOLVE,,,BH,BHR,BAHRAIN,revolve.com,https://img.logo.dev/revolve.com?format=png&size=400
374492,AMERICAN EXPRESS,CREDIT,CORPORATE,AEME REVOLVE,,,BH,BHR,BAHRAIN,revolve.com,https://img.logo.dev/revolve.com?format=png&size=400
374493,AMERICAN EXPRESS,CREDIT,CORPORATE,AEME REVOLVE,,,BH,BHR,BAHRAIN,revolve.com,https://img.logo.dev/revolve.com?format=png&size=400
374494,AMERICAN EXPRESS,CREDIT,CORPORATE,AEME REVOLVE,,,BH,BHR,BAHRAIN,revolve.com,https://img.logo.dev/revolve.com?format=png&size=400
374495,AMERICAN EXPRESS,CREDIT,CORPORATE,AEME REVOLVE,,,BH,BHR,BAHRAIN,revolve.com,https://img.logo.dev/revolve.com?format=png&size=400
374496,AMERICAN EXPRESS,CREDIT,CORPORATE,AEME REVOLVE,,,BH,BHR,BAHRAIN,revolve.com,https://img.logo.dev/revolve.com?format=png&size=400
374497,AMERICAN EXPRESS,CREDIT,CORPORATE,AEME REVOLVE,,,BH,BHR,BAHRAIN,revolve.com,https://img.logo.dev/revolve.com?format=png&size=400
374498,AMERICAN EXPRESS,CREDIT,CORPORATE,AEME REVOLVE,,,BH,BHR,BAHRAIN,revolve.com,https://img.logo.dev/revolve.com?format=png&size=400
374499,AMERICAN EXPRESS,CREDIT,CORPORATE,AEME REVOLVE,,,BH,BHR,BAHRAIN,revolve.com,https://img.logo.dev/revolve.com?format=png&size=400
375509,AMERICAN EXPRESS,CREDIT,,AMERICAN EXPRESS COMPANY,,http://www.americanexpress.com,IL,ISR,ISRAEL,americanexpress.com,https://commons.wikimedia.org/wiki/File:American_Express_logo_(2018).svg
375510,AMERICAN EXPRESS,CREDIT,PERSONAL,ISRACARD,,,IL,ISR,ISRAEL,isracard.co.il,https://commons.wikimedia.org/wiki/File:Isracard_logo.svg
375511,AMERICAN EXPRESS,CREDIT,PERSONAL,ISRACARD,,,IL,ISR,ISRAEL,isracard.co.il,https://commons.wikimedia.org/wiki/File:Isracard_logo.svg
375512,AMERICAN EXPRESS,CREDIT,PERSONAL,ISRACARD,,,IL,ISR,ISRAEL,isracard.co.il,https://commons.wikimedia.org/wiki/File:Isracard_logo.svg
375513,AMERICAN EXPRESS,CREDIT,PERSONAL,ISRACARD,,,IL,ISR,ISRAEL,isracard.co.il,https://commons.wikimedia.org/wiki/File:Isracard_logo.svg
375514,AMERICAN EXPRESS,CREDIT,PERSONAL,ISRACARD,,,IL,ISR,ISRAEL,isracard.co.il,https://commons.wikimedia.org/wiki/File:Isracard_logo.svg
375515,AMERICAN EXPRESS,CREDIT,PERSONAL,ISRACARD,,,IL,ISR,ISRAEL,isracard.co.il,https://commons.wikimedia.org/wiki/File:Isracard_logo.svg
375516,AMERICAN EXPRESS,CREDIT,PERSONAL,ISRACARD,,,IL,ISR,ISRAEL,isracard.co.il,https://commons.wikimedia.org/wiki/File:Isracard_logo.svg
375517,AMERICAN EXPRESS,CREDIT,PERSONAL,ISRACARD,,,IL,ISR,ISRAEL,isracard.co.il,https://commons.wikimedia.org/wiki/File:Isracard_logo.svg
375518,AMERICAN EXPRESS,CREDIT,PERSONAL,ISRACARD,,,IL,ISR,ISRAEL,isracard.co.il,https://commons.wikimedia.org/wiki/File:Isracard_logo.svg
375519,AMERICAN EXPRESS,CREDIT,PERSONAL,ISRACARD,,,IL,ISR,ISRAEL,isracard.co.il,https://commons.wikimedia.org/wiki/File:Isracard_logo.svg
376556,AMERICAN EXPRESS,CREDIT,,,,,SA,SAU,SAUDI ARABIA,,
376655,AMERICAN EXPRESS,CREDIT,PERSONAL,AMERICAN EXPRESS SAUDI ARABIA,,,SA,SAU,SAUDI ARABIA,americanexpress.com,https://commons.wikimedia.org/wiki/File:American_Express_logo_(2018).svg
376656,AMERICAN EXPRESS,CREDIT,CORPORATE,AMERICAN EXPRESS SAUDI ARABIA,,,SA,SAU,SAUDI ARABIA,americanexpress.com,https://commons.wikimedia.org/wiki/File:American_Express_logo_(2018).svg
377314,AMERICAN EXPRESS,CREDIT,CORPORATE,AMERICAN EXPRESS SAUDI ARABIA,,,SA,SAU,SAUDI ARABIA,americanexpress.com,https://commons.wikimedia.org/wiki/File:American_Express_logo_(2018).svg
377347,AMERICAN EXPRESS,CREDIT,CORPORATE,AMERICAN EXPRESS SAUDI ARABIA,,,SA,SAU,SAUDI ARABIA,americanexpress.com,https://commons.wikimedia.org/wiki/File:American_Express_logo_(2018).svg
377870,AMERICAN EXPRESS,CREDIT,PERSONAL,AEME REVOLVE,,,BH,BHR,BAHRAIN,revolve.com,https://img.logo.dev/revolve.com?format=png&size=400
377871,AMERICAN EXPRESS,CREDIT,PERSONAL,AEME REVOLVE,,,BH,BHR,BAHRAIN,revolve.com,https://img.logo.dev/revolve.com?format=png&size=400
377922,AMERICAN EXPRESS,CREDIT,SMALL BUSINESS,ISRACARD,,,IL,ISR,ISRAEL,isracard.co.il,https://commons.wikimedia.org/wiki/File:Isracard_logo.svg
377923,AMERICAN EXPRESS,CREDIT,SMALL BUSINESS,AEME REVOLVE,,,BH,BHR,BAHRAIN,revolve.com,https://img.logo.dev/revolve.com?format=png&size=400
378333,AMERICAN EXPRESS,CREDIT,PERSONAL,ISRACARD,,,IL,ISR,ISRAEL,isracard.co.il,https://commons.wikimedia.org/wiki/File:Isracard_logo.svg
379187,AMERICAN EXPRESS,CREDIT,PERSONAL,AEME REVOLVE,,,BH,BHR,BAHRAIN,revolve.com,https://img.logo.dev/revolve.com?format=png&size=400
379334,AMERICAN EXPRESS,CREDIT,CORPORATE,MERICAN EXPRESS SAUDI ARABIA,,,SA,SAU,SAUDI ARABIA,americanexpress.com,https://commons.wikimedia.org/wiki/File:American_Express_logo_(2018).svg
379335,AMERICAN EXPRESS,CREDIT,CORPORATE,AEME REVOLVE,,,BH,BHR,BAHRAIN,revolve.com,https://img.logo.dev/revolve.com?format=png&size=400
379336,AMERICAN EXPRESS,CREDIT,PERSONAL,AEME REVOLVE,,,BH,BHR,BAHRAIN,revolve.com,https://img.logo.dev/revolve.com?format=png&size=400
379847,AMERICAN EXPRESS,CREDIT,CORPORATE,AEME (REVOLVE),,,BH,BHR,BAHRAIN,revolve.com,https://img.logo.dev/revolve.com?format=png&size=400
384384,DINERS CLUB INTERNATIONAL,CREDIT,STANDARD,,,,JO,JOR,JORDAN,,
386136,DINERS CLUB INTERNATIONAL,CREDIT,STANDARD,,,,JO,JOR,JORDAN,,
386436,DINERS CLUB INTERNATIONAL,CREDIT,STANDARD,,,,EG,EGY,EGYPT,,
386628,DINERS CLUB INTERNATIONAL,CREDIT,STANDARD,,,,JO,JOR,JORDAN,,
400067,VISA,CREDIT,SIGNATURE,AL RAJHI BANKING AND INVESTMENT CORP.,4433 92 000 + 966 OR 33 334 601 +966,http://www.alrajhibank.com.sa,SA,SAU,SAUDI ARABIA,alrajhibank.com.sa,https://commons.wikimedia.org/wiki/File:Al_Rajhi_Bank_Logo.svg
400112,VISA,CREDIT,REWARDS,MASHREQBANK,,http://www.mashreqbank.com,EG,EGY,EGYPT,mashreqbank.com,https://commons.wikimedia.org/wiki/File:Mashreq_bank_logo.svg
400133,VISA,DEBIT,PREPAID CLASSIC,AL-JANOOB ISLAMIC BANK FOR INVESTMENT AND FINANCING,,,IQ,IRQ,IRAQ,,
400152,VISA,CREDIT,INFINITE,,,,JO,JOR,JORDAN,,
400155,VISA,CREDIT,,"COMMERCIAL BANK OF KUWAIT, S.A.K.",00971 2 6447944,http://www.cbk.com,KW,KWT,KUWAIT,cbk.com,https://commons.wikimedia.org/wiki/File:Commercial_Bank_of_Kuwait_logo.svg
400156,VISA,CREDIT,,"COMMERCIAL BANK OF KUWAIT, S.A.K.",00971 2 6447944,http://www.cbk.com,KW,KWT,KUWAIT,cbk.com,https://commons.wikimedia.org/wiki/File:Commercial_Bank_of_Kuwait_logo.svg
400159,VISA,CREDIT,CORPORATE T&E,"ISRACARD, LTD.",,,IL,ISR,ISRAEL,isracard.co.il,https://commons.wikimedia.org/wiki/File:Isracard_logo.svg
400208,VISA,DEBIT,ELECTRON,FIRST ABU DHABI BANK PJSC,+97317228800,https://www.bankfab.com,BH,BHR,BAHRAIN,bankfab.com,https://commons.wikimedia.org/wiki/File:First_Abu_Dhabi_Bank_Logo.svg
400240,VISA,CREDIT,,,,,AE,ARE,UNITED ARAB EMIRATES,,
400273,VISA,DEBIT,CLASSIC,BANK OF PALESTINE PLC,+97022965010,http://www.bankofpalestine.com,PS,PSE,"PALESTINIAN TERRITORY, OCCUPIED",bankofpalestine.com,https://commons.wikimedia.org/wiki/File:Bank_of_Palestine_logo.svg
400274,VISA,DEBIT,BUSINESS ENHANCED,ARAB BANK PLC,4600900,http://www.arabbank.jo,JO,JOR,JORDAN,arabbank.com,https://commons.wikimedia.org/wiki/File:Arab_Bank_logo.svg
400282,VISA,DEBIT,PREPAID CLASSIC,MYZOI FINANCIAL INCLUSION TECHNOLOGIES L.L.C.,,,AE,ARE,UNITED ARAB EMIRATES,,
400286,VISA,CREDIT,,,,,AE,ARE,UNITED ARAB EMIRATES,,
400291,VISA,CREDIT,CLASSIC,FIRST ABU DHABI BANK PJSC,+971600525500,https://www.bankfab.com,AE,ARE,UNITED ARAB EMIRATES,bankfab.com,https://commons.wikimedia.org/wiki/File:First_Abu_Dhabi_Bank_Logo.svg
400393,VISA,DEBIT,CLASSIC,EGYPTIAN NATIONAL POST ORGANISATION,44 (0)207 582 5220,http://www.balancingact-africa.com,EG,EGY,EGYPT,balancingact-africa.com,https://img.logo.dev/balancingact-africa.com?format=png&size=400
400399,VISA,CREDIT,PLATINUM,NATIONAL COMMERCIAL BANK,96626464060,,SA,SAU,SAUDI ARABIA,alahli.com,https://commons.wikimedia.org/wiki/File:Saudi_National_Bank_Logo.svg
400536,VISA,DEBIT,PLATINUM,EMIRATES NBD BANK (P.J.S.C.),+971800456,http://www.emiratesnbd.com,AE,ARE,UNITED ARAB EMIRATES,emiratesnbd.com,https://commons.wikimedia.org/wiki/File:Emirates_NBD_logo.svg
400576,VISA,CREDIT,CLASSIC,AL-JANOOB ISLAMIC BANK FOR INVESTMENT AND FINANCING,,,IQ,IRQ,IRAQ,,
400598,VISA,CREDIT,REWARDS,DUBAI ISLAMIC BANK,,http://www.alislami.ae,AE,ARE,UNITED ARAB EMIRATES,alislami.ae,https://commons.wikimedia.org/wiki/File:Dubai_Islamic_Bank_logo.svg
400601,VISA,DEBIT,PREPAID PLATINUM,KUWAIT FINANCE HOUSE,+9651803333,http://www.kfh.com,KW,KWT,KUWAIT,financehouse.ae,https://img.logo.dev/financehouse.ae?format=png&size=400
400690,VISA,CREDIT,PLATINUM,SUEZ CANAL BANK,27943433,http://www.scbank.com.eg,EG,EGY,EGYPT,scbank.com.eg,https://commons.wikimedia.org/wiki/File:Suez_Canal_Bank_logo.svg
400693,VISA,DEBIT,PREPAID CLASSIC,"PYYPL, LTD.",,,AE,ARE,UNITED ARAB EMIRATES,,
400725,VISA,DEBIT,PREPAID CLASSIC,ARAB INTERNATIONAL BANK,23918794,http://www.aib.com.eg,EG,EGY,EGYPT,aib.com.eg,https://img.logo.dev/aib.com.eg?format=png&size=400
400794,VISA,CREDIT,CLASSIC,INTERNATIONAL DEVELOPMENT BANK FOR INVESTMENT AND FINANCE,,,IQ,IRQ,IRAQ,,
400795,VISA,CREDIT,SIGNATURE BUSINESS,AL BILAD BANK,9662918884,http://www.bankalbilad.com,SA,SAU,SAUDI ARABIA,bankalbilad.com,https://commons.wikimedia.org/wiki/File:Bank_Albilad_Logo.svg
400825,VISA,CREDIT,SIGNATURE BUSINESS,THE COMMERCIAL BANK OF QATAR (Q.S.C.),,,QA,QAT,QATAR,cbq.qa,https://commons.wikimedia.org/wiki/File:Commercial_Bank_of_Qatar_Logo.svg
400826,VISA,CREDIT,CORPORATE T&E,THE COMMERCIAL BANK OF QATAR (Q.S.C.),,,QA,QAT,QATAR,cbq.qa,https://commons.wikimedia.org/wiki/File:Commercial_Bank_of_Qatar_Logo.svg
400861,VISA,DEBIT,CLASSIC,AL RAJHI BANKING AND INVESTMENT CORP.,4433 92 000 + 966 OR 33 334 601 +966,http://www.alrajhibank.com.sa,SA,SAU,SAUDI ARABIA,alrajhibank.com.sa,https://commons.wikimedia.org/wiki/File:Al_Rajhi_Bank_Logo.svg
400868,VISA,CREDIT,SIGNATURE,AL-JANOOB ISLAMIC BANK FOR INVESTMENT AND FINANCING,,,IQ,IRQ,IRAQ,,
400949,VISA,DEBIT,REWARDS,ABU DHABI ISLAMIC BANK EGYPT,,,EG,EGY,EGYPT,adib.ae,https://commons.wikimedia.org/wiki/File:Abu_Dhabi_Islamic_Bank_Logo.svg
400960,VISA,CREDIT,PLATINUM,INVEST BANK PLC,58 (212) 92 98 31,http://www.investbank.jo,JO,JOR,JORDAN,investbank.jo,https://img.logo.dev/investbank.jo?format=png&size=400
401047,VISA,CREDIT,PERSONAL,BANK LEUMI LE-ISRAEL BM,,,IL,ISR,ISRAEL,leumi.co.il,https://commons.wikimedia.org/wiki/File:Bank_Leumi_Logo.svg
401048,VISA,DEBIT,PREPAID BUSINESS,BANK LEUMI LE-ISRAEL BM,,,IL,ISR,ISRAEL,leumi.co.il,https://commons.wikimedia.org/wiki/File:Bank_Leumi_Logo.svg
401084,VISA,CREDIT,INFINITE,BYBLOS BANK SAL,,,IQ,IRQ,IRAQ,byblosbank.com,https://commons.wikimedia.org/wiki/File:Byblos_Bank_logo.svg
401177,VISA,DEBIT,PLATINUM,ARAB BANK PLC,+97144450000,http://www.arabbank.jo,AE,ARE,UNITED ARAB EMIRATES,arabbank.com,https://commons.wikimedia.org/wiki/File:Arab_Bank_logo.svg
401317,VISA,DEBIT,CLASSIC,AL-QURTAS ISLAMIC BANK FOR INVESTMENT AND FINANCE PRIVATE SHAREHOLDI,,,IQ,IRQ,IRAQ,,
401319,VISA,DEBIT,SIGNATURE,THE HOUSING BANK FOR TRADE & FINANCE,,,JO,JOR,JORDAN,hbtf.com,https://commons.wikimedia.org/wiki/File:Housing_Bank_for_Trade_and_Finance_logo.svg
401335,VISA,DEBIT,CLASSIC,BYBLOS BANK SAL,,,LB,LBN,LEBANON,byblosbank.com,https://commons.wikimedia.org/wiki/File:Byblos_Bank_logo.svg
401340,VISA,DEBIT,INFINITE,THE HOUSING BANK FOR TRADE & FINANCE,,,JO,JOR,JORDAN,hbtf.com,https://commons.wikimedia.org/wiki/File:Housing_Bank_for_Trade_and_Finance_logo.svg
401352,VISA,CREDIT,CORPORATE T&E,BLOM BANK S.A.L.,(961-1) 738938 - 743300 OR (961-1) 372780 - 370830 - 373102,http://www.blom.com.lb,LB,LBN,LEBANON,blom.com.lb,https://commons.wikimedia.org/wiki/File:BLOM_Bank_logo.svg
401359,VISA,CREDIT,SIGNATURE,BANK OF PALESTINE PLC,+97022965010,http://www.bankofpalestine.com,PS,PSE,"PALESTINIAN TERRITORY, OCCUPIED",bankofpalestine.com,https://commons.wikimedia.org/wiki/File:Bank_of_Palestine_logo.svg
401560,VISA,CREDIT,PLATINUM,RIYAD BANK,,http://www.riyadbank.com,SA,SAU,SAUDI ARABIA,riyadbank.com,https://commons.wikimedia.org/wiki/File:Riyad_Bank_logo.svg
401575,VISA,CREDIT,PLATINUM,"NATIONAL BANK OF KUWAIT, S.A.K.",+97317583333,http://www.nbk.com,BH,BHR,BAHRAIN,nbk.com,https://commons.wikimedia.org/wiki/File:National_Bank_of_Kuwait_logo.svg
401607,VISA,DEBIT,CLASSIC,MASHREQBANK,,http://www.mashreqbank.com,EG,EGY,EGYPT,mashreqbank.com,https://commons.wikimedia.org/wiki/File:Mashreq_bank_logo.svg
401608,VISA,DEBIT,PREPAID CLASSIC,ABU DHABI ISLAMIC BANK EGYPT,,,EG,EGY,EGYPT,adib.ae,https://commons.wikimedia.org/wiki/File:Abu_Dhabi_Islamic_Bank_Logo.svg
401631,VISA,CREDIT,SIGNATURE,EMIRATES ISLAMIC BANK P.J.S.C.,,,AE,ARE,UNITED ARAB EMIRATES,emiratesislamic.ae,https://commons.wikimedia.org/wiki/File:Emirates_Islamic_logo.svg
401633,VISA,DEBIT,SIGNATURE,MASRAF AL RAYAN,+97444253333,http://www.alrayan.com,QA,QAT,QATAR,alrayan.com,https://commons.wikimedia.org/wiki/File:Masraf_Al_Rayan_logo.svg
401729,VISA,DEBIT,GOLD,MASHREQBANK,,http://www.mashreqbank.com,EG,EGY,EGYPT,mashreqbank.com,https://commons.wikimedia.org/wiki/File:Mashreq_bank_logo.svg
401734,VISA,CREDIT,SIGNATURE,EMIRATES ISLAMIC BANK P.J.S.C.,,,AE,ARE,UNITED ARAB EMIRATES,emiratesislamic.ae,https://commons.wikimedia.org/wiki/File:Emirates_Islamic_logo.svg
401746,VISA,CREDIT,PLATINUM,EMIRATES ISLAMIC BANK P.J.S.C.,,,AE,ARE,UNITED ARAB EMIRATES,emiratesislamic.ae,https://commons.wikimedia.org/wiki/File:Emirates_Islamic_logo.svg
401751,VISA,DEBIT,CLASSIC,FIRST ABU DHABI BANK (PJSC),,,OM,OMN,OMAN,bankfab.com,https://commons.wikimedia.org/wiki/File:First_Abu_Dhabi_Bank_Logo.svg
401758,VISA,DEBIT,PREPAID PLATINUM,BANK AL JAZIRA,(966) 2 609 8888,http://www.baj.com.sa,SA,SAU,SAUDI ARABIA,baj.com.sa,https://commons.wikimedia.org/wiki/File:Aljazira_Bank_Logo.svg
401778,VISA,DEBIT,CLASSIC,AL BILAD BANK,9662918884,http://www.bankalbilad.com,SA,SAU,SAUDI ARABIA,bankalbilad.com,https://commons.wikimedia.org/wiki/File:Bank_Albilad_Logo.svg
401792,VISA,CREDIT,INFINITE,INTERNATIONAL DEVELOPMENT BANK FOR INVESTMENT AND FINANCE,,,IQ,IRQ,IRAQ,,
401809,VISA,DEBIT,REWARDS,INTERNATIONAL DEVELOPMENT BANK FOR INVESTMENT AND FINANCE,,,IQ,IRQ,IRAQ,,
401812,VISA,CREDIT,PLATINUM,BANQUE SAUDI FRANSI,966 1 289 9999 OR 966 1 874 4000,http://www.alfransi.com.sa,SA,SAU,SAUDI ARABIA,alfransi.com.sa,https://commons.wikimedia.org/wiki/File:Banque_Saudi_Fransi_Logo.svg
401827,VISA,DEBIT,PREPAID,,,,AE,ARE,UNITED ARAB EMIRATES,,
401858,VISA,CREDIT,SIGNATURE,AL-TAIF ISLAMIC BANK FOR INVESTMENT & FINANCE,,,IQ,IRQ,IRAQ,taifib.iq,https://img.logo.dev/taifib.iq?format=png&size=400
401883,VISA,CREDIT,SIGNATURE,BANQUE SAUDI FRANSI,966 1 289 9999 OR 966 1 874 4000,http://www.alfransi.com.sa,SA,SAU,SAUDI ARABIA,alfransi.com.sa,https://commons.wikimedia.org/wiki/File:Banque_Saudi_Fransi_Logo.svg
401884,VISA,CREDIT,INFINITE,BANQUE SAUDI FRANSI,966 1 289 9999 OR 966 1 874 4000,http://www.alfransi.com.sa,SA,SAU,SAUDI ARABIA,alfransi.com.sa,https://commons.wikimedia.org/wiki/File:Banque_Saudi_Fransi_Logo.svg
401891,VISA,CREDIT,INFINITE,EMIRATES ISLAMIC BANK P.J.S.C.,,,AE,ARE,UNITED ARAB EMIRATES,emiratesislamic.ae,https://commons.wikimedia.org/wiki/File:Emirates_Islamic_logo.svg
401978,VISA,DEBIT,PREPAID CLASSIC,BANQUE SAUDI FRANSI,966 1 289 9999 OR 966 1 874 4000,http://www.alfransi.com.sa,SA,SAU,SAUDI ARABIA,alfransi.com.sa,https://commons.wikimedia.org/wiki/File:Banque_Saudi_Fransi_Logo.svg
402016,VISA,DEBIT,PREPAID,NOOR BANK PJSC,,,AE,ARE,UNITED ARAB EMIRATES,noorbank.com,https://commons.wikimedia.org/wiki/File:Noor_Bank_logo.svg
402056,VISA,DEBIT,SIGNATURE,ABU DHABI ISLAMIC BANK EGYPT,,,EG,EGY,EGYPT,adib.ae,https://commons.wikimedia.org/wiki/File:Abu_Dhabi_Islamic_Bank_Logo.svg
402106,VISA,CREDIT,BUSINESS,SAMBA FINANCIAL GROUP,+9668001242000,http://www.samba.com,SA,SAU,SAUDI ARABIA,alahli.com,https://commons.wikimedia.org/wiki/File:Saudi_National_Bank_Logo.svg
402112,VISA,CREDIT,BUSINESS,SAMBA FINANCIAL GROUP,+9668001242000,http://www.samba.com,SA,SAU,SAUDI ARABIA,alahli.com,https://commons.wikimedia.org/wiki/File:Saudi_National_Bank_Logo.svg
402166,VISA,CREDIT,ULTRA HIGH NET WORTH,BURGAN BANK (S.A.K.),,,KW,KWT,KUWAIT,burgan.com,https://commons.wikimedia.org/wiki/File:Burgan_Bank_logo.svg
402168,VISA,CREDIT,BUSINESS,HALA PAYMENT COMPANY,,,SA,SAU,SAUDI ARABIA,hala.com,https://img.logo.dev/hala.com?format=png&size=400
402251,VISA,CREDIT,SIGNATURE,ABU DHABI ISLAMIC BANK,+97126100600,http://www.adib.ae,AE,ARE,UNITED ARAB EMIRATES,adib.ae,https://commons.wikimedia.org/wiki/File:Abu_Dhabi_Islamic_Bank_Logo.svg
402270,VISA,CREDIT,PLATINUM,CREDIT CARD SERVICE COMPANY JORDAN LTD.,,,JO,JOR,JORDAN,,
402276,VISA,CREDIT,SIGNATURE,"DOHA BANK, LTD.",,,QA,QAT,QATAR,dohabank.com,https://commons.wikimedia.org/wiki/File:Doha_Bank_logo.svg
402385,VISA,CREDIT,CLASSIC,CREDIT AGRICOLE EGYPT S.A.E.,+20952381002,http://www.ca-egypt.com,EG,EGY,EGYPT,ca-egypt.com,https://commons.wikimedia.org/wiki/File:Cr%C3%A9dit_Agricole.svg
402386,VISA,CREDIT,GOLD,CREDIT AGRICOLE EGYPT S.A.E.,+20952381002,http://www.ca-egypt.com,EG,EGY,EGYPT,ca-egypt.com,https://commons.wikimedia.org/wiki/File:Cr%C3%A9dit_Agricole.svg
402387,VISA,CREDIT,,CREDIT AGRICOLE EGYPT S.A.E.,+20952381002,http://www.ca-egypt.com,EG,EGY,EGYPT,ca-egypt.com,https://commons.wikimedia.org/wiki/File:Cr%C3%A9dit_Agricole.svg
402435,VISA,CREDIT,,EGYPTIAN GULF BANK,+20233368359,http://www.egbbank.com.eg,EG,EGY,EGYPT,eg-bank.com,https://img.logo.dev/eg-bank.com?format=png&size=400
402482,VISA,DEBIT,BUSINESS,BANK AL ETIHAD,,,JO,JOR,JORDAN,bankaletihad.com,https://commons.wikimedia.org/wiki/File:Bank_al_Etihad_logo.svg
402485,VISA,DEBIT,,BLOM BANK S.A.L.,(961-1) 738938 - 743300 OR (961-1) 372780 - 370830 - 373102,http://www.blom.com.lb,LB,LBN,LEBANON,blom.com.lb,https://commons.wikimedia.org/wiki/File:BLOM_Bank_logo.svg
402516,VISA,CREDIT,PLATINUM,CREDIT LIBANAIS S.A.L.,+9611900111,http://www.creditlibanais.com.lb,LB,LBN,LEBANON,creditlibanais.com,https://commons.wikimedia.org/wiki/File:Credit_Libanais_logo.svg
402522,VISA,DEBIT,CLASSIC,CEMEA REGION,,,EG,EGY,EGYPT,,
402527,VISA,CREDIT,BUSINESS,BANK AL JAZIRA,(966) 2 609 8888,http://www.baj.com.sa,SA,SAU,SAUDI ARABIA,baj.com.sa,https://commons.wikimedia.org/wiki/File:Aljazira_Bank_Logo.svg
402532,VISA,CREDIT,PURCHASING,BANKMUSCAT (SAOG),,,OM,OMN,OMAN,bankmuscat.com,https://commons.wikimedia.org/wiki/File:Bank_Muscat_logo.svg
402558,VISA,CREDIT,PLATINUM,HSBC BANK MIDDLE EAST,+97142241000,http://www.hsbc.ae,AE,ARE,UNITED ARAB EMIRATES,hsbc.com,https://commons.wikimedia.org/wiki/File:HSBC_logo_(2018).svg
402573,VISA,CREDIT,,,,,AE,ARE,UNITED ARAB EMIRATES,,
402627,VISA,DEBIT,PREPAID,BATELCO FINANCIAL SERVICES (B.S.C.),,,BH,BHR,BAHRAIN,,
402639,VISA,DEBIT,CLASSIC,"NATIONAL BANK OF KUWAIT, S.A.K.",+97317583333,http://www.nbk.com,BH,BHR,BAHRAIN,nbk.com,https://commons.wikimedia.org/wiki/File:National_Bank_of_Kuwait_logo.svg
402652,VISA,DEBIT,CLASSIC,CREDIT AGRICOLE EGYPT S.A.E.,+20952381002,http://www.ca-egypt.com,EG,EGY,EGYPT,ca-egypt.com,https://commons.wikimedia.org/wiki/File:Cr%C3%A9dit_Agricole.svg
402667,VISA,CREDIT,SIGNATURE,AL BILAD BANK,9662918884,http://www.bankalbilad.com,SA,SAU,SAUDI ARABIA,bankalbilad.com,https://commons.wikimedia.org/wiki/File:Bank_Albilad_Logo.svg
402668,VISA,DEBIT,PREPAID CLASSIC,CREDIT AGRICOLE EGYPT S.A.E.,+20952381002,http://www.ca-egypt.com,EG,EGY,EGYPT,ca-egypt.com,https://commons.wikimedia.org/wiki/File:Cr%C3%A9dit_Agricole.svg
402678,VISA,CREDIT,BUSINESS SIGNATURE,ARAB BANK PLC,+20 2 19100,http://www.arabbank.jo,EG,EGY,EGYPT,arabbank.com,https://commons.wikimedia.org/wiki/File:Arab_Bank_logo.svg
402694,VISA,CREDIT,BUSINESS,CREDIT AGRICOLE EGYPT S.A.E.,+20952381002,http://www.ca-egypt.com,EG,EGY,EGYPT,ca-egypt.com,https://commons.wikimedia.org/wiki/File:Cr%C3%A9dit_Agricole.svg
402763,VISA,DEBIT,PREPAID CLASSIC,CAPITAL BANK OF JORDAN PLC. CO.,,,JO,JOR,JORDAN,bankofjordan.com,https://commons.wikimedia.org/wiki/File:Bank_of_Jordan_logo.svg
402772,VISA,DEBIT,PREPAID CLASSIC,THAWANI TECHNOLOGIES LLC,,,OM,OMN,OMAN,,
402781,VISA,CREDIT,SIGNATURE,INVEST BANK PLC,58 (212) 92 98 31,http://www.investbank.jo,JO,JOR,JORDAN,investbank.jo,https://img.logo.dev/investbank.jo?format=png&size=400
402782,VISA,CREDIT,REWARDS,INVEST BANK PLC,58 (212) 92 98 31,http://www.investbank.jo,JO,JOR,JORDAN,investbank.jo,https://img.logo.dev/investbank.jo?format=png&size=400
402803,VISA,DEBIT,SIGNATURE,ABU DHABI COMMERCIAL BANK - ADCB - EGYPT,,,EG,EGY,EGYPT,adcb.com,https://commons.wikimedia.org/wiki/File:Abu_Dhabi_Commercial_Bank_Logo.svg
402804,VISA,CREDIT,BUSINESS,BANK AL JAZIRA,(966) 2 609 8888,http://www.baj.com.sa,SA,SAU,SAUDI ARABIA,baj.com.sa,https://commons.wikimedia.org/wiki/File:Aljazira_Bank_Logo.svg
402806,VISA,CREDIT,SIGNATURE,FIRST ABU DHABI BANK (PJSC),,,AE,ARE,UNITED ARAB EMIRATES,bankfab.com,https://commons.wikimedia.org/wiki/File:First_Abu_Dhabi_Bank_Logo.svg
402855,VISA,CREDIT,ULTRA HIGH NET WORTH,MASRAF AL RAYAN,+97444253333,http://www.alrayan.com,QA,QAT,QATAR,alrayan.com,https://commons.wikimedia.org/wiki/File:Masraf_Al_Rayan_logo.svg
402872,VISA,DEBIT,BUSINESS ENHANCED,EMIRATES ISLAMIC BANK P.J.S.C.,,,AE,ARE,UNITED ARAB EMIRATES,emiratesislamic.ae,https://commons.wikimedia.org/wiki/File:Emirates_Islamic_logo.svg
402941,VISA,CREDIT,INFINITE,FIRST ABU DHABI BANK (PJSC),,,AE,ARE,UNITED ARAB EMIRATES,bankfab.com,https://commons.wikimedia.org/wiki/File:First_Abu_Dhabi_Bank_Logo.svg
402974,VISA,DEBIT,PREPAID CLASSIC,EITC FINANCIAL SERVICES L.L.C,,,AE,ARE,UNITED ARAB EMIRATES,,
402978,VISA,DEBIT,PREPAID CLASSIC,BURGAN BANK (S.A.K.),,,KW,KWT,KUWAIT,burgan.com,https://commons.wikimedia.org/wiki/File:Burgan_Bank_logo.svg
403010,VISA,CREDIT,SIGNATURE,ARAB AFRICAN INTERNATIONAL BANK,+20224886679,http://www.aaib.com,EG,EGY,EGYPT,aaib.com,https://commons.wikimedia.org/wiki/File:Arab_African_International_Bank_Logo.svg
403011,VISA,CREDIT,INFINITE,AHLI BANK Q.S.C.,(974) 4232222,http://www.ahlibank.com.qa,QA,QAT,QATAR,ahlibank.com.qa,https://commons.wikimedia.org/wiki/File:Ahlibank_Qatar_logo.svg
403024,VISA,DEBIT,CLASSIC,AL RAJHI BANKING AND INVESTMENT CORP.,4433 92 000 + 966 OR 33 334 601 +966,http://www.alrajhibank.com.sa,SA,SAU,SAUDI ARABIA,alrajhibank.com.sa,https://commons.wikimedia.org/wiki/File:Al_Rajhi_Bank_Logo.svg
403086,VISA,CREDIT,BUSINESS,ABU DHABI COMMERCIAL BANK,+97126962222,http://www.adcb.com,AE,ARE,UNITED ARAB EMIRATES,adcb.com,https://commons.wikimedia.org/wiki/File:Abu_Dhabi_Commercial_Bank_Logo.svg
403143,VISA,DEBIT,GOLD,KURDISTAN INTERNATIONAL ISLAMIC BANK FOR INVESTMENT AND DEVELOPMENT,,,IQ,IRQ,IRAQ,,
403185,VISA,CREDIT,GOLD,BANK OF ALEXANDRIA,1 9 0 3 3 OR (02) 3938623 - 3913822 - 3916796,http://www.alexbank.com,EG,EGY,EGYPT,alexbank.com,https://commons.wikimedia.org/wiki/File:Alexbank_logo.svg
403207,VISA,DEBIT,PREPAID PLATINUM,BATELCO FINANCIAL SERVICES (B.S.C.),,,BH,BHR,BAHRAIN,,
403208,VISA,DEBIT,PREPAID CLASSIC,AL-SAQI COMPANY FOR ELECTRONIC PAYMENT SERVICES LTD.,,,IQ,IRQ,IRAQ,,
403244,VISA,CREDIT,CORPORATE T&E,ARAB INTERNATIONAL BANK,23918794,http://www.aib.com.eg,EG,EGY,EGYPT,aib.com.eg,https://img.logo.dev/aib.com.eg?format=png&size=400
403253,VISA,CREDIT,GOLD,,,,QA,QAT,QATAR,,
403258,VISA,CREDIT,BUSINESS,BYBLOS BANK SAL,,,LB,LBN,LEBANON,byblosbank.com,https://commons.wikimedia.org/wiki/File:Byblos_Bank_logo.svg
403272,VISA,DEBIT,PREPAID CLASSIC,TRANS IRAQ BANK COMPANY FOR INVESTMENT (PRIVATE SHAREHOLDING COMPANY,,,IQ,IRQ,IRAQ,,
403273,VISA,CREDIT,PLATINUM,INVEST BANK PLC,58 (212) 92 98 31,http://www.investbank.jo,JO,JOR,JORDAN,investbank.jo,https://img.logo.dev/investbank.jo?format=png&size=400
403337,VISA,CREDIT,INFINITE,EMIRATES NBD BANK (P.J.S.C.),+971800456,http://www.emiratesnbd.com,AE,ARE,UNITED ARAB EMIRATES,emiratesnbd.com,https://commons.wikimedia.org/wiki/File:Emirates_NBD_logo.svg
403343,VISA,CREDIT,SIGNATURE,EMIRATES NBD BANK (P.J.S.C.),+971800456,http://www.emiratesnbd.com,AE,ARE,UNITED ARAB EMIRATES,emiratesnbd.com,https://commons.wikimedia.org/wiki/File:Emirates_NBD_logo.svg
403344,VISA,CREDIT,SIGNATURE,EMIRATES NBD BANK (P.J.S.C.),+971800456,http://www.emiratesnbd.com,AE,ARE,UNITED ARAB EMIRATES,emiratesnbd.com,https://commons.wikimedia.org/wiki/File:Emirates_NBD_logo.svg
403349,VISA,DEBIT,ELECTRON,STANDARD CHARTERED BANK,+971600522288,https://www.sc.com,AE,ARE,UNITED ARAB EMIRATES,sc.com,https://commons.wikimedia.org/wiki/File:Standard_Chartered_(2021).svg
403381,VISA,CREDIT,INFINITE,EMIRATES NBD BANK (P.J.S.C.),+971800456,http://www.emiratesnbd.com,AE,ARE,UNITED ARAB EMIRATES,emiratesnbd.com,https://commons.wikimedia.org/wiki/File:Emirates_NBD_logo.svg
403397,VISA,DEBIT,PLATINUM,STANDARD CHARTERED BANK,+971600522288,https://www.sc.com,AE,ARE,UNITED ARAB EMIRATES,sc.com,https://commons.wikimedia.org/wiki/File:Standard_Chartered_(2021).svg
403410,VISA,DEBIT,PLATINUM,MASHREQBANK,+97143632250,http://www.mashreqbank.com,AE,ARE,UNITED ARAB EMIRATES,mashreqbank.com,https://commons.wikimedia.org/wiki/File:Mashreq_bank_logo.svg
403431,VISA,CREDIT,BUSINESS ENHANCED,ABU DHABI ISLAMIC BANK EGYPT,,,EG,EGY,EGYPT,adib.ae,https://commons.wikimedia.org/wiki/File:Abu_Dhabi_Islamic_Bank_Logo.svg
403432,VISA,CREDIT,PLATINUM,EMIRATES NBD BANK (P.J.S.C.),+971800456,http://www.emiratesnbd.com,AE,ARE,UNITED ARAB EMIRATES,emiratesnbd.com,https://commons.wikimedia.org/wiki/File:Emirates_NBD_logo.svg
403477,VISA,DEBIT,PREPAID PLATINUM,CREDIMAX B.S.C. (CLOSED),,,BH,BHR,BAHRAIN,max.co.il,https://commons.wikimedia.org/wiki/File:Max_It_Finance_logo.svg
403498,VISA,DEBIT,CLASSIC,BANK AUDI S.A.E.,+20235343300,http://www.banqueaudi.com,EG,EGY,EGYPT,bankaudigroup.com,https://commons.wikimedia.org/wiki/File:Bank_Audi_logo.svg
403527,VISA,CREDIT,PLATINUM,BYBLOS BANK SAL,,,LB,LBN,LEBANON,byblosbank.com,https://commons.wikimedia.org/wiki/File:Byblos_Bank_logo.svg
403528,VISA,DEBIT,CLASSIC,"HABIB BANK, LTD.",,http://www.habibbankltd.com,AE,ARE,UNITED ARAB EMIRATES,habibbankltd.com,https://img.logo.dev/habibbankltd.com?format=png&size=400
403555,VISA,CREDIT,SIGNATURE,THE HOUSING BANK FOR TRADE & FINANCE,,,PS,PSE,"PALESTINIAN TERRITORY, OCCUPIED",hbtf.com,https://commons.wikimedia.org/wiki/File:Housing_Bank_for_Trade_and_Finance_logo.svg
403556,VISA,DEBIT,CLASSIC,NETWORK INTERNATIONAL LLC,,,AE,ARE,UNITED ARAB EMIRATES,network.ae,https://img.logo.dev/network.ae?format=png&size=400
403563,VISA,DEBIT,BUSINESS,BANK AUDI SAL,,,LB,LBN,LEBANON,bankaudigroup.com,https://commons.wikimedia.org/wiki/File:Bank_Audi_logo.svg
403583,VISA,DEBIT,CLASSIC,BURGAN BANK (S.A.K.),,,KW,KWT,KUWAIT,burgan.com,https://commons.wikimedia.org/wiki/File:Burgan_Bank_logo.svg
403584,VISA,CREDIT,PLATINUM,INVEST BANK PLC,58 (212) 92 98 31,http://www.investbank.jo,JO,JOR,JORDAN,investbank.jo,https://img.logo.dev/investbank.jo?format=png&size=400
403622,VISA,DEBIT,SIGNATURE,ALAHLI BANK OF KUWAIT (K.S.C.),+96524341788,http://www.eahli.com,KW,KWT,KUWAIT,eahli.com,https://commons.wikimedia.org/wiki/File:Al_Ahli_Bank_of_Kuwait_logo.svg
403641,VISA,DEBIT,CLASSIC,"ICICI BANK, LTD.",,http://www.icicibank.com,BH,BHR,BAHRAIN,icicibank.com,https://img.logo.dev/icicibank.com?format=png&size=400
403721,VISA,CREDIT,BUSINESS SIGNATURE,ARAB BANK PLC,4600900,http://www.arabbank.jo,JO,JOR,JORDAN,arabbank.com,https://commons.wikimedia.org/wiki/File:Arab_Bank_logo.svg
403756,VISA,CREDIT,ULTRA HIGH NET WORTH,"DOHA BANK, LTD.",,,QA,QAT,QATAR,dohabank.com,https://commons.wikimedia.org/wiki/File:Doha_Bank_logo.svg
403765,VISA,CREDIT,BUSINESS ENHANCED,SAMBA FINANCIAL GROUP,+9668001242000,http://www.samba.com,SA,SAU,SAUDI ARABIA,alahli.com,https://commons.wikimedia.org/wiki/File:Saudi_National_Bank_Logo.svg
403773,VISA,DEBIT,PREPAID CLASSIC,BANK NXT,,,EG,EGY,EGYPT,,
403803,VISA,DEBIT,CLASSIC,HSBC BANK OMAN (S.A.O.G),,,OM,OMN,OMAN,hsbc.com,https://commons.wikimedia.org/wiki/File:HSBC_logo_(2018).svg
403862,VISA,DEBIT,CLASSIC,AMWAL FOR ELECTRONIC BANKING SERVICES CO.,,,IQ,IRQ,IRAQ,,
403872,VISA,DEBIT,PREPAID CLASSIC,AL BILAD BANK,9662918884,http://www.bankalbilad.com,SA,SAU,SAUDI ARABIA,bankalbilad.com,https://commons.wikimedia.org/wiki/File:Bank_Albilad_Logo.svg
403917,VISA,DEBIT,PLATINUM,COMMERCIAL INTERNATIONAL BANK,+20227383011,http://www.cibeg.com,EG,EGY,EGYPT,cibeg.com,https://commons.wikimedia.org/wiki/File:CIB_Logo.svg
403991,VISA,CREDIT,PLATINUM,AL BILAD BANK,9662918884,http://www.bankalbilad.com,SA,SAU,SAUDI ARABIA,bankalbilad.com,https://commons.wikimedia.org/wiki/File:Bank_Albilad_Logo.svg
403996,VISA,CREDIT,SIGNATURE,AL BILAD BANK,9662918884,http://www.bankalbilad.com,SA,SAU,SAUDI ARABIA,bankalbilad.com,https://commons.wikimedia.org/wiki/File:Bank_Albilad_Logo.svg
404003,VISA,DEBIT,PREPAID,CITIBANK,+97143114000,https://www.citi.com.cn,AE,ARE,UNITED ARAB EMIRATES,citibank.com,https://commons.wikimedia.org/wiki/File:Citibank.svg
404029,VISA,DEBIT,SIGNATURE,BANK DHOFAR (S.A.O.G.),+96824791111 / +96824790466,http://www.bankdhofar.com,OM,OMN,OMAN,bankdhofar.com,https://commons.wikimedia.org/wiki/File:Bank_Dhofar_logo.svg
404036,VISA,DEBIT,PREPAID,NOOR BANK PJSC,,,AE,ARE,UNITED ARAB EMIRATES,noorbank.com,https://commons.wikimedia.org/wiki/File:Noor_Bank_logo.svg
404105,VISA,CREDIT,PLATINUM,IRAQ NOOR ISLAMIC BANK FOR INVESTMENT AND FINANCE,,,IQ,IRQ,IRAQ,,
404116,VISA,DEBIT,PREPAID PURCHASING,ALINMA BANK,,,SA,SAU,SAUDI ARABIA,alinma.com,https://commons.wikimedia.org/wiki/File:Alinma_Bank_logo.svg
404238,VISA,CREDIT,CLASSIC,SUEZ CANAL BANK,27943433,http://www.scbank.com.eg,EG,EGY,EGYPT,scbank.com.eg,https://commons.wikimedia.org/wiki/File:Suez_Canal_Bank_logo.svg
404239,VISA,CREDIT,GOLD,SUEZ CANAL BANK,27943433,http://www.scbank.com.eg,EG,EGY,EGYPT,scbank.com.eg,https://commons.wikimedia.org/wiki/File:Suez_Canal_Bank_logo.svg
404274,VISA,DEBIT,PLATINUM,CREDIT AGRICOLE EGYPT S.A.E.,+20952381002,http://www.ca-egypt.com,EG,EGY,EGYPT,ca-egypt.com,https://commons.wikimedia.org/wiki/File:Cr%C3%A9dit_Agricole.svg
404275,VISA,CREDIT,BUSINESS ENHANCED,ABU DHABI COMMERCIAL BANK - ADCB - EGYPT,,,EG,EGY,EGYPT,adcb.com,https://commons.wikimedia.org/wiki/File:Abu_Dhabi_Commercial_Bank_Logo.svg
404278,VISA,CREDIT,SIGNATURE BUSINESS,BANQUE SAUDI FRANSI,966 1 289 9999 OR 966 1 874 4000,http://www.alfransi.com.sa,SA,SAU,SAUDI ARABIA,alfransi.com.sa,https://commons.wikimedia.org/wiki/File:Banque_Saudi_Fransi_Logo.svg
404354,VISA,CREDIT,CLASSIC,BBAC S.A.L,+9614727747,http://www.bbacbank.com,LB,LBN,LEBANON,bbacbank.com,https://img.logo.dev/bbacbank.com?format=png&size=400
404355,VISA,CREDIT,CLASSIC,BBAC S.A.L,+9614727747,http://www.bbacbank.com,LB,LBN,LEBANON,bbacbank.com,https://img.logo.dev/bbacbank.com?format=png&size=400
404357,VISA,CREDIT,CLASSIC,BBAC S.A.L,+9614727747,http://www.bbacbank.com,LB,LBN,LEBANON,bbacbank.com,https://img.logo.dev/bbacbank.com?format=png&size=400
404359,VISA,DEBIT,,CREDIT LIBANAIS S.A.L.,+9611900111,http://www.creditlibanais.com.lb,LB,LBN,LEBANON,creditlibanais.com,https://commons.wikimedia.org/wiki/File:Credit_Libanais_logo.svg
404545,VISA,DEBIT,SIGNATURE,CEDRUS BANK SAL,,,LB,LBN,LEBANON,,
404584,VISA,CREDIT,PURCHASING,SAMBA FINANCIAL GROUP,+9668001242000,http://www.samba.com,SA,SAU,SAUDI ARABIA,alahli.com,https://commons.wikimedia.org/wiki/File:Saudi_National_Bank_Logo.svg
404605,VISA,CREDIT,GOLD,FRANSABANK S.A.L.,+9611340180,http://www.fransabank.com,LB,LBN,LEBANON,fransabank.com,https://commons.wikimedia.org/wiki/File:Fransabank_logo.svg
404674,VISA,DEBIT,PREPAID ELECTRON,FIRST ABU DHABI BANK PJSC,+971600525500,https://www.bankfab.com,AE,ARE,UNITED ARAB EMIRATES,bankfab.com,https://commons.wikimedia.org/wiki/File:First_Abu_Dhabi_Bank_Logo.svg
404743,VISA,CREDIT,,BANKMUSCAT LTD. (S.A.O.G.),,,OM,OMN,OMAN,bankmuscat.com,https://commons.wikimedia.org/wiki/File:Bank_Muscat_logo.svg
404747,VISA,DEBIT,BUSINESS,AHLI BANK (S.A.O.G),,,OM,OMN,OMAN,ahlibank.om,https://img.logo.dev/ahlibank.om?format=png&size=400
404847,VISA,CREDIT,CLASSIC,CREDIT LIBANAIS S.A.L.,+9611900111,http://www.creditlibanais.com.lb,LB,LBN,LEBANON,creditlibanais.com,https://commons.wikimedia.org/wiki/File:Credit_Libanais_logo.svg
404850,VISA,DEBIT,GOLD,BANQUE MISR,+20223912150,http://www.banquemisr.com,EG,EGY,EGYPT,banquemisr.com,https://commons.wikimedia.org/wiki/File:Banque_Misr_logo.svg
404861,VISA,CREDIT,BUSINESS ENHANCED,BANQUE SAUDI FRANSI,966 1 289 9999 OR 966 1 874 4000,http://www.alfransi.com.sa,SA,SAU,SAUDI ARABIA,alfransi.com.sa,https://commons.wikimedia.org/wiki/File:Banque_Saudi_Fransi_Logo.svg
404880,VISA,DEBIT,PLATINUM,ARAB BANK PLC,4600900,http://www.arabbank.jo,JO,JOR,JORDAN,arabbank.com,https://commons.wikimedia.org/wiki/File:Arab_Bank_logo.svg
404896,VISA,DEBIT,PREPAID CLASSIC,BANQUE MISR,+20223912150,http://www.banquemisr.com,EG,EGY,EGYPT,banquemisr.com,https://commons.wikimedia.org/wiki/File:Banque_Misr_logo.svg
404919,VISA,DEBIT,PREPAID CLASSIC,BOUBYAN BANK K.S.C.,,,KW,KWT,KUWAIT,bankboubyan.com,https://commons.wikimedia.org/wiki/File:Boubyan_Bank_logo.svg
404949,VISA,CREDIT,,ARAB NATIONAL BANK,,,SA,SAU,SAUDI ARABIA,anb.com.sa,https://commons.wikimedia.org/wiki/File:Anb_new_logo.svg
404950,VISA,CREDIT,PLATINUM,BANK AUDI SAL,,,LB,LBN,LEBANON,bankaudigroup.com,https://commons.wikimedia.org/wiki/File:Bank_Audi_logo.svg
404975,VISA,DEBIT,PREPAID PURCHASING,KUWAIT INTERNATIONAL BANK,+9651866866,http://www.kib.com.kw,KW,KWT,KUWAIT,kib.com.kw,https://commons.wikimedia.org/wiki/File:Kuwait_International_Bank_logo.svg
404994,VISA,DEBIT,CLASSIC,BANQUE MISR,+20223912150,http://www.banquemisr.com,EG,EGY,EGYPT,banquemisr.com,https://commons.wikimedia.org/wiki/File:Banque_Misr_logo.svg
405011,VISA,DEBIT,CLASSIC,ARAB ISLAMIC BANK,,,PS,PSE,"PALESTINIAN TERRITORY, OCCUPIED",aib.ps,https://img.logo.dev/aib.ps?format=png&size=400
405042,VISA,DEBIT,CLASSIC,"HABIB BANK, LTD.",,http://www.habibbankltd.com,AE,ARE,UNITED ARAB EMIRATES,habibbankltd.com,https://img.logo.dev/habibbankltd.com?format=png&size=400
405048,VISA,DEBIT,PLATINUM,"HABIB BANK, LTD.",,http://www.habibbankltd.com,AE,ARE,UNITED ARAB EMIRATES,habibbankltd.com,https://img.logo.dev/habibbankltd.com?format=png&size=400
405057,VISA,CREDIT,INFINITE,BANQUE SAUDI FRANSI,966 1 289 9999 OR 966 1 874 4000,http://www.alfransi.com.sa,SA,SAU,SAUDI ARABIA,alfransi.com.sa,https://commons.wikimedia.org/wiki/File:Banque_Saudi_Fransi_Logo.svg
405069,VISA,DEBIT,GOLD,"HABIB BANK, LTD.",,http://www.habibbankltd.com,AE,ARE,UNITED ARAB EMIRATES,habibbankltd.com,https://img.logo.dev/habibbankltd.com?format=png&size=400
405107,VISA,CREDIT,CLASSIC,,,,EG,EGY,EGYPT,,
405108,VISA,CREDIT,CLASSIC,INTL HDQTRS-CENTER OWNED,,,EG,EGY,EGYPT,,
405145,VISA,CREDIT,ULTRA HIGH NET WORTH,ARAB NATIONAL BANK,,,SA,SAU,SAUDI ARABIA,anb.com.sa,https://commons.wikimedia.org/wiki/File:Anb_new_logo.svg
405146,VISA,DEBIT,ULTRA HIGH NET WORTH,INTL HDQTRS-CENTER OWNED,,,SA,SAU,SAUDI ARABIA,,
405253,VISA,DEBIT,PREPAID CLASSIC,DUBAI ISLAMIC BANK,,http://www.alislami.ae,AE,ARE,UNITED ARAB EMIRATES,alislami.ae,https://commons.wikimedia.org/wiki/File:Dubai_Islamic_Bank_logo.svg
405281,VISA,DEBIT,ELECTRON,EMIRATES NBD,+971800456,http://www.emiratesnbd.com,AE,ARE,UNITED ARAB EMIRATES,emiratesnbd.com,https://commons.wikimedia.org/wiki/File:Emirates_NBD_logo.svg
405285,VISA,CREDIT,ULTRA HIGH NET WORTH,ALAHLI BANK OF KUWAIT (K.S.C.),+96524341788,http://www.eahli.com,KW,KWT,KUWAIT,eahli.com,https://commons.wikimedia.org/wiki/File:Al_Ahli_Bank_of_Kuwait_logo.svg
405355,VISA,DEBIT,PREPAID CLASSIC,AREEBA SAL,,,LB,LBN,LEBANON,areeba.com,https://img.logo.dev/areeba.com?format=png&size=400
405360,VISA,CREDIT,PLATINUM,GULF COMMERCIAL BANK,,,IQ,IRQ,IRAQ,,
405427,VISA,DEBIT,CLASSIC,CAPITAL BANK OF JORDAN PLC. CO.,,,JO,JOR,JORDAN,bankofjordan.com,https://commons.wikimedia.org/wiki/File:Bank_of_Jordan_logo.svg
405433,VISA,DEBIT,PREPAID PLATINUM,AL RAJHI BANKING AND INVESTMENT CORP.,4433 92 000 + 966 OR 33 334 601 +966,http://www.alrajhibank.com.sa,SA,SAU,SAUDI ARABIA,alrajhibank.com.sa,https://commons.wikimedia.org/wiki/File:Al_Rajhi_Bank_Logo.svg
405439,VISA,DEBIT,SIGNATURE BUSINESS,BANK AL ETIHAD,,,JO,JOR,JORDAN,bankaletihad.com,https://commons.wikimedia.org/wiki/File:Bank_al_Etihad_logo.svg
405454,VISA,DEBIT,CLASSIC,AL RAJHI BANKING AND INVESTMENT CORP.,4433 92 000 + 966 OR 33 334 601 +966,http://www.alrajhibank.com.sa,SA,SAU,SAUDI ARABIA,alrajhibank.com.sa,https://commons.wikimedia.org/wiki/File:Al_Rajhi_Bank_Logo.svg
405487,VISA,CREDIT,PLATINUM,MASRAF AL RAYAN,+97444253333,http://www.alrayan.com,QA,QAT,QATAR,alrayan.com,https://commons.wikimedia.org/wiki/File:Masraf_Al_Rayan_logo.svg
405494,VISA,CREDIT,SIGNATURE,ABU DHABI ISLAMIC BANK EGYPT,,,EG,EGY,EGYPT,adib.ae,https://commons.wikimedia.org/wiki/File:Abu_Dhabi_Islamic_Bank_Logo.svg
405528,VISA,CREDIT,,CAPITAL BANK OF JORDAN PLC. CO.,,,JO,JOR,JORDAN,bankofjordan.com,https://commons.wikimedia.org/wiki/File:Bank_of_Jordan_logo.svg
405543,VISA,CREDIT,PLATINUM,NATIONAL BANK OF FUJAIRAH,,,AE,ARE,UNITED ARAB EMIRATES,nbf.ae,https://commons.wikimedia.org/wiki/File:National_Bank_of_Fujairah_logo.svg
405559,VISA,DEBIT,GOLD,ATTIJARIWAFA BANK EGYPT S.A.E,,,EG,EGY,EGYPT,attijariwafabank.com.eg,https://commons.wikimedia.org/wiki/File:Attijariwafa_Bank_logo.svg
405680,VISA,DEBIT,GOLD,BYBLOS BANK SAL,,,IQ,IRQ,IRAQ,byblosbank.com,https://commons.wikimedia.org/wiki/File:Byblos_Bank_logo.svg
405706,VISA,DEBIT,CLASSIC,STANDARD CHARTERED BANK,+96824773535,https://www.sc.com,OM,OMN,OMAN,sc.com,https://commons.wikimedia.org/wiki/File:Standard_Chartered_(2021).svg
405749,VISA,DEBIT,CLASSIC,STANDARD CHARTERED BANK,+97317531532,https://www.sc.com,BH,BHR,BAHRAIN,sc.com,https://commons.wikimedia.org/wiki/File:Standard_Chartered_(2021).svg
405750,VISA,DEBIT,CLASSIC,STANDARD CHARTERED BANK,+97444248601,https://www.sc.com,QA,QAT,QATAR,sc.com,https://commons.wikimedia.org/wiki/File:Standard_Chartered_(2021).svg
405765,VISA,CREDIT,CLASSIC,CSCBANK S.A.L.,+9611871245,http://www.ccm.com.lb,LB,LBN,LEBANON,cscbank.com,https://img.logo.dev/cscbank.com?format=png&size=400
405807,VISA,DEBIT,PLATINUM,BANK OF PALESTINE PLC,+97022965010,http://www.bankofpalestine.com,PS,PSE,"PALESTINIAN TERRITORY, OCCUPIED",bankofpalestine.com,https://commons.wikimedia.org/wiki/File:Bank_of_Palestine_logo.svg
405843,VISA,DEBIT,PREPAID,"NATIONAL BANK OF KUWAIT, S.A.K.",+96522422011,http://www.nbk.com,KW,KWT,KUWAIT,nbk.com,https://commons.wikimedia.org/wiki/File:National_Bank_of_Kuwait_logo.svg
405853,VISA,DEBIT,PREPAID CLASSIC,"NATIONAL BANK OF KUWAIT, S.A.K.",+96522422011,http://www.nbk.com,KW,KWT,KUWAIT,nbk.com,https://commons.wikimedia.org/wiki/File:National_Bank_of_Kuwait_logo.svg
405866,VISA,CREDIT,,FAISAL ISLAMIC BANK OF EGYPT,267-580-0230,http://www.faisalbank.com.eg,EG,EGY,EGYPT,faisalbank.com.eg,https://commons.wikimedia.org/wiki/File:Faisal_Islamic_Bank_of_Egypt_logo.svg
405871,VISA,DEBIT,PREPAID CLASSIC,"NATIONAL BANK OF KUWAIT, S.A.K.",+96522422011,http://www.nbk.com,KW,KWT,KUWAIT,nbk.com,https://commons.wikimedia.org/wiki/File:National_Bank_of_Kuwait_logo.svg
405872,VISA,DEBIT,ELECTRON,EMIRATES NBD,+971800456,http://www.emiratesnbd.com,AE,ARE,UNITED ARAB EMIRATES,emiratesnbd.com,https://commons.wikimedia.org/wiki/File:Emirates_NBD_logo.svg
405873,VISA,CREDIT,BUSINESS ENHANCED,"NATIONAL BANK OF KUWAIT, S.A.K.",+96522422011,http://www.nbk.com,KW,KWT,KUWAIT,nbk.com,https://commons.wikimedia.org/wiki/File:National_Bank_of_Kuwait_logo.svg
405888,VISA,CREDIT,PLATINUM,QATAR NATIONAL BANK (Q.P.S.C.),,,QA,QAT,QATAR,qnb.com,https://commons.wikimedia.org/wiki/File:Qatar_National_Bank_Logo.svg
405913,VISA,CREDIT,BUSINESS ENHANCED,NAYIFAT FINANCE COMPANY,,,SA,SAU,SAUDI ARABIA,nayifat.com,https://img.logo.dev/nayifat.com?format=png&size=400
405921,VISA,CREDIT,CLASSIC,BYBLOS BANK SAL,,,IQ,IRQ,IRAQ,byblosbank.com,https://commons.wikimedia.org/wiki/File:Byblos_Bank_logo.svg
405986,VISA,DEBIT,CLASSIC,BANK OF PALESTINE PLC,+97022965010,http://www.bankofpalestine.com,PS,PSE,"PALESTINIAN TERRITORY, OCCUPIED",bankofpalestine.com,https://commons.wikimedia.org/wiki/File:Bank_of_Palestine_logo.svg
406103,VISA,CREDIT,SIGNATURE,PALESTINE INVESTMENT BANK,,,PS,PSE,"PALESTINIAN TERRITORY, OCCUPIED",pib.ps,https://img.logo.dev/pib.ps?format=png&size=400
406129,VISA,CREDIT,INFINITE,CREDIMAX B.S.C. (CLOSED),,,BH,BHR,BAHRAIN,max.co.il,https://commons.wikimedia.org/wiki/File:Max_It_Finance_logo.svg
406136,VISA,DEBIT,SIGNATURE,THE SAUDI INVESTMENT BANK,,,SA,SAU,SAUDI ARABIA,saib.com.sa,https://commons.wikimedia.org/wiki/File:Saudi_Investment_Bank_Logo.svg
406139,VISA,CREDIT,SIGNATURE,CREDIMAX B.S.C. (CLOSED),,,BH,BHR,BAHRAIN,max.co.il,https://commons.wikimedia.org/wiki/File:Max_It_Finance_logo.svg
406327,VISA,DEBIT,PREPAID,NOOR BANK PJSC,,,AE,ARE,UNITED ARAB EMIRATES,noorbank.com,https://commons.wikimedia.org/wiki/File:Noor_Bank_logo.svg
406329,VISA,DEBIT,PREPAID PLATINUM,NOOR BANK PJSC,,,AE,ARE,UNITED ARAB EMIRATES,noorbank.com,https://commons.wikimedia.org/wiki/File:Noor_Bank_logo.svg
406423,VISA,DEBIT,PROPRIETARY ATM,BANK LEUMI LE-ISRAEL BM,,,IL,ISR,ISRAEL,leumi.co.il,https://commons.wikimedia.org/wiki/File:Bank_Leumi_Logo.svg
406430,VISA,CREDIT,,GULF BANK K.S.C.,1.800.223.2060,http://www.gulfbank.com,KW,KWT,KUWAIT,e-gulfbank.com,https://commons.wikimedia.org/wiki/File:Gulf_Bank_Kuwait_logo.svg
406455,VISA,DEBIT,ELECTRON,EMIRATES NBD,+971800456,http://www.emiratesnbd.com,AE,ARE,UNITED ARAB EMIRATES,emiratesnbd.com,https://commons.wikimedia.org/wiki/File:Emirates_NBD_logo.svg
406464,VISA,DEBIT,INFINITE,KUWAIT INTERNATIONAL BANK,+9651866866,http://www.kib.com.kw,KW,KWT,KUWAIT,kib.com.kw,https://commons.wikimedia.org/wiki/File:Kuwait_International_Bank_logo.svg
406471,VISA,DEBIT,PREPAID PURCHASING,RIYAD BANK,,http://www.riyadbank.com,SA,SAU,SAUDI ARABIA,riyadbank.com,https://commons.wikimedia.org/wiki/File:Riyad_Bank_logo.svg
406485,VISA,DEBIT,PREPAID SELECT,ARAB NATIONAL BANK,,,SA,SAU,SAUDI ARABIA,anb.com.sa,https://commons.wikimedia.org/wiki/File:Anb_new_logo.svg
406487,VISA,DEBIT,PREPAID CLASSIC,BANK AL JAZIRA,(966) 2 609 8888,http://www.baj.com.sa,SA,SAU,SAUDI ARABIA,baj.com.sa,https://commons.wikimedia.org/wiki/File:Aljazira_Bank_Logo.svg
406497,VISA,CREDIT,SIGNATURE,JORDAN INVESTMENT AND FINANCE BANK,+96265665145,http://www.jifbank.com,JO,JOR,JORDAN,jifbank.com,https://img.logo.dev/jifbank.com?format=png&size=400
406647,VISA,CREDIT,SIGNATURE,JORDAN INVESTMENT AND FINANCE BANK,+96265665145,http://www.jifbank.com,JO,JOR,JORDAN,jifbank.com,https://img.logo.dev/jifbank.com?format=png&size=400
406697,VISA,CREDIT,PLATINUM,QATAR NATIONAL BANK (Q.P.S.C.),,,QA,QAT,QATAR,qnb.com,https://commons.wikimedia.org/wiki/File:Qatar_National_Bank_Logo.svg
406698,VISA,CREDIT,PLATINUM,QATAR NATIONAL BANK (Q.P.S.C.),,,QA,QAT,QATAR,qnb.com,https://commons.wikimedia.org/wiki/File:Qatar_National_Bank_Logo.svg
406712,VISA,CREDIT,PLATINUM,QATAR NATIONAL BANK (Q.P.S.C.),,,QA,QAT,QATAR,qnb.com,https://commons.wikimedia.org/wiki/File:Qatar_National_Bank_Logo.svg
406737,VISA,CREDIT,PLATINUM,QATAR NATIONAL BANK (Q.P.S.C.),,,QA,QAT,QATAR,qnb.com,https://commons.wikimedia.org/wiki/File:Qatar_National_Bank_Logo.svg
406748,VISA,CREDIT,INFINITE,QATAR NATIONAL BANK (Q.P.S.C.),,,QA,QAT,QATAR,qnb.com,https://commons.wikimedia.org/wiki/File:Qatar_National_Bank_Logo.svg
406766,VISA,CREDIT,INFINITE,THE HOUSING BANK FOR TRADE & FINANCE,,,JO,JOR,JORDAN,hbtf.com,https://commons.wikimedia.org/wiki/File:Housing_Bank_for_Trade_and_Finance_logo.svg
406785,VISA,CREDIT,REWARDS,ABU DHABI ISLAMIC BANK,+97126100600,http://www.adib.ae,AE,ARE,UNITED ARAB EMIRATES,adib.ae,https://commons.wikimedia.org/wiki/File:Abu_Dhabi_Islamic_Bank_Logo.svg
406786,VISA,CREDIT,REWARDS,ABU DHABI ISLAMIC BANK,+97126100600,http://www.adib.ae,AE,ARE,UNITED ARAB EMIRATES,adib.ae,https://commons.wikimedia.org/wiki/File:Abu_Dhabi_Islamic_Bank_Logo.svg
406787,VISA,CREDIT,PLATINUM,ABU DHABI ISLAMIC BANK,+97126100600,http://www.adib.ae,AE,ARE,UNITED ARAB EMIRATES,adib.ae,https://commons.wikimedia.org/wiki/File:Abu_Dhabi_Islamic_Bank_Logo.svg
406804,VISA,DEBIT,CLASSIC,WARKA BANK FOR INVESTMENT AND FINANCE,961 1 972 093,http://www.warka-bank.com,IQ,IRQ,IRAQ,warka-bank.com,https://img.logo.dev/warka-bank.com?format=png&size=400
406828,VISA,CREDIT,GOLD,WARKA BANK FOR INVESTMENT AND FINANCE,961 1 972 093,http://www.warka-bank.com,IQ,IRQ,IRAQ,warka-bank.com,https://img.logo.dev/warka-bank.com?format=png&size=400
406891,VISA,CREDIT,PLATINUM,QATAR NATIONAL BANK (Q.P.S.C.),,,QA,QAT,QATAR,qnb.com,https://commons.wikimedia.org/wiki/File:Qatar_National_Bank_Logo.svg
406899,VISA,DEBIT,CLASSIC,AM BANK S.A.L.,,,LB,LBN,LEBANON,ambank.com.lb,https://img.logo.dev/ambank.com.lb?format=png&size=400
406956,VISA,CREDIT,PLATINUM,BANKMUSCAT (SAOG),,,OM,OMN,OMAN,bankmuscat.com,https://commons.wikimedia.org/wiki/File:Bank_Muscat_logo.svg
406966,VISA,DEBIT,PREPAID CLASSIC,AL RAJHI BANKING AND INVESTMENT CORP.,+96524954333,http://www.alrajhibank.com.sa,KW,KWT,KUWAIT,alrajhibank.com.sa,https://commons.wikimedia.org/wiki/File:Al_Rajhi_Bank_Logo.svg
406969,VISA,DEBIT,PREPAID ELECTRON,BLOM BANK S.A.L.,(961-1) 738938 - 743300 OR (961-1) 372780 - 370830 - 373102,http://www.blom.com.lb,LB,LBN,LEBANON,blom.com.lb,https://commons.wikimedia.org/wiki/File:BLOM_Bank_logo.svg
406978,VISA,DEBIT,PREPAID CORPORATE T&E,INTL HDQTRS-CENTER OWNED,,,OM,OMN,OMAN,,
406979,VISA,CREDIT,CLASSIC,INTL HDQTRS-CENTER OWNED,,,OM,OMN,OMAN,,
406985,VISA,CREDIT,,,,,AE,ARE,UNITED ARAB EMIRATES,,
406996,VISA,DEBIT,PLATINUM,EMIRATES NBD BANK (P.J.S.C.),,http://www.emiratesnbd.com,SA,SAU,SAUDI ARABIA,emiratesnbd.com,https://commons.wikimedia.org/wiki/File:Emirates_NBD_logo.svg
407031,VISA,CREDIT,SIGNATURE,CREDIMAX B.S.C. (CLOSED),,,BH,BHR,BAHRAIN,max.co.il,https://commons.wikimedia.org/wiki/File:Max_It_Finance_logo.svg
407075,VISA,CREDIT,INFINITE,HSBC BANK MIDDLE EAST,+97142241000,http://www.hsbc.ae,AE,ARE,UNITED ARAB EMIRATES,hsbc.com,https://commons.wikimedia.org/wiki/File:HSBC_logo_(2018).svg
407095,VISA,CREDIT,SIGNATURE,HSBC BANK MIDDLE EAST,+97142241000,http://www.hsbc.ae,AE,ARE,UNITED ARAB EMIRATES,hsbc.com,https://commons.wikimedia.org/wiki/File:HSBC_logo_(2018).svg
407197,VISA,DEBIT,PREPAID CORPORATE T&E,ALINMA BANK,,,SA,SAU,SAUDI ARABIA,alinma.com,https://commons.wikimedia.org/wiki/File:Alinma_Bank_logo.svg
407226,VISA,CREDIT,PURCHASING,AL RAJHI BANKING AND INVESTMENT CORP.,4433 92 000 + 966 OR 33 334 601 +966,http://www.alrajhibank.com.sa,SA,SAU,SAUDI ARABIA,alrajhibank.com.sa,https://commons.wikimedia.org/wiki/File:Al_Rajhi_Bank_Logo.svg
407247,VISA,DEBIT,PREPAID CLASSIC,BANQUE MISR,+20223912150,http://www.banquemisr.com,EG,EGY,EGYPT,banquemisr.com,https://commons.wikimedia.org/wiki/File:Banque_Misr_logo.svg
407256,VISA,DEBIT,CLASSIC,BANQUE MISR,+20223912150,http://www.banquemisr.com,EG,EGY,EGYPT,banquemisr.com,https://commons.wikimedia.org/wiki/File:Banque_Misr_logo.svg
407281,VISA,DEBIT,CORPORATE T&E,AL RAJHI BANKING AND INVESTMENT CORP.,4433 92 000 + 966 OR 33 334 601 +966,http://www.alrajhibank.com.sa,SA,SAU,SAUDI ARABIA,alrajhibank.com.sa,https://commons.wikimedia.org/wiki/File:Al_Rajhi_Bank_Logo.svg
407288,VISA,DEBIT,CLASSIC,,,,QA,QAT,QATAR,,
407295,VISA,CREDIT,PLATINUM,GIB-SA,,,SA,SAU,SAUDI ARABIA,gib.com,https://commons.wikimedia.org/wiki/File:Gulf_International_Bank_Logo.svg
407392,VISA,DEBIT,BUSINESS,BANQUE SAUDI FRANSI,966 1 289 9999 OR 966 1 874 4000,http://www.alfransi.com.sa,SA,SAU,SAUDI ARABIA,alfransi.com.sa,https://commons.wikimedia.org/wiki/File:Banque_Saudi_Fransi_Logo.svg
407395,VISA,DEBIT,PREPAID CLASSIC,ALINMA BANK,,,SA,SAU,SAUDI ARABIA,alinma.com,https://commons.wikimedia.org/wiki/File:Alinma_Bank_logo.svg
407415,VISA,CREDIT,BUSINESS ENHANCED,BANQUE SAUDI FRANSI,966 1 289 9999 OR 966 1 874 4000,http://www.alfransi.com.sa,SA,SAU,SAUDI ARABIA,alfransi.com.sa,https://commons.wikimedia.org/wiki/File:Banque_Saudi_Fransi_Logo.svg
407416,VISA,CREDIT,SIGNATURE BUSINESS,FIRST ABU DHABI BANK (PJSC),,,AE,ARE,UNITED ARAB EMIRATES,bankfab.com,https://commons.wikimedia.org/wiki/File:First_Abu_Dhabi_Bank_Logo.svg
407417,VISA,CREDIT,PLATINUM,BURGAN BANK (S.A.K.),,,KW,KWT,KUWAIT,burgan.com,https://commons.wikimedia.org/wiki/File:Burgan_Bank_logo.svg
407448,VISA,CREDIT,SIGNATURE BUSINESS,BANK AUDI SAL,,,LB,LBN,LEBANON,bankaudigroup.com,https://commons.wikimedia.org/wiki/File:Bank_Audi_logo.svg
407470,VISA,CREDIT,CORPORATE T&E,BAHRAIN ISLAMIC BANK BSC,,,BH,BHR,BAHRAIN,bisb.com,https://commons.wikimedia.org/wiki/File:BisB_logo.svg
407486,VISA,DEBIT,PREPAID CLASSIC,S.T.B. UNION LTD.,,,IL,ISR,ISRAEL,,
407507,VISA,CREDIT,INFINITE,FIRST ABU DHABI BANK (PJSC),,,AE,ARE,UNITED ARAB EMIRATES,bankfab.com,https://commons.wikimedia.org/wiki/File:First_Abu_Dhabi_Bank_Logo.svg
407516,VISA,CREDIT,INFINITE,BANK LEUMI LE-ISRAEL BM,,,IL,ISR,ISRAEL,leumi.co.il,https://commons.wikimedia.org/wiki/File:Bank_Leumi_Logo.svg
407517,VISA,CREDIT,BUSINESS,"MAX IT FINANCE, LTD.",,,IL,ISR,ISRAEL,max.co.il,https://commons.wikimedia.org/wiki/File:Max_It_Finance_logo.svg
407520,VISA,DEBIT,PLATINUM,GIB-SA,,,SA,SAU,SAUDI ARABIA,gib.com,https://commons.wikimedia.org/wiki/File:Gulf_International_Bank_Logo.svg
407545,VISA,DEBIT,PREPAID CLASSIC,BANKMUSCAT (SAOG),,,OM,OMN,OMAN,bankmuscat.com,https://commons.wikimedia.org/wiki/File:Bank_Muscat_logo.svg
407598,VISA,CREDIT,BUSINESS,ABU DHABI ISLAMIC BANK,+97126100600,http://www.adib.ae,AE,ARE,UNITED ARAB EMIRATES,adib.ae,https://commons.wikimedia.org/wiki/File:Abu_Dhabi_Islamic_Bank_Logo.svg
407620,VISA,CREDIT,BUSINESS,AL RAJHI BANKING AND INVESTMENT CORP.,4433 92 000 + 966 OR 33 334 601 +966,http://www.alrajhibank.com.sa,SA,SAU,SAUDI ARABIA,alrajhibank.com.sa,https://commons.wikimedia.org/wiki/File:Al_Rajhi_Bank_Logo.svg
407654,VISA,CREDIT,BUSINESS ENHANCED,AL RAJHI BANKING AND INVESTMENT CORP.,4433 92 000 + 966 OR 33 334 601 +966,http://www.alrajhibank.com.sa,SA,SAU,SAUDI ARABIA,alrajhibank.com.sa,https://commons.wikimedia.org/wiki/File:Al_Rajhi_Bank_Logo.svg
407670,VISA,CREDIT,INFINITE,STANDARD CHARTERED BANK,+96265607201,https://www.sc.com,JO,JOR,JORDAN,sc.com,https://commons.wikimedia.org/wiki/File:Standard_Chartered_(2021).svg
407710,VISA,CREDIT,CLASSIC,BAHRAIN ISLAMIC BANK B.S.C,,,BH,BHR,BAHRAIN,bisb.com,https://commons.wikimedia.org/wiki/File:BisB_logo.svg
407775,VISA,DEBIT,PREPAID,BAHRAIN ISLAMIC BANK BSC,,,BH,BHR,BAHRAIN,bisb.com,https://commons.wikimedia.org/wiki/File:BisB_logo.svg
407804,VISA,DEBIT,BUSINESS,STANDARD CHARTERED BANK,+971600522288,https://www.sc.com,AE,ARE,UNITED ARAB EMIRATES,sc.com,https://commons.wikimedia.org/wiki/File:Standard_Chartered_(2021).svg
407805,VISA,DEBIT,BUSINESS,STANDARD CHARTERED BANK,+971600522288,https://www.sc.com,AE,ARE,UNITED ARAB EMIRATES,sc.com,https://commons.wikimedia.org/wiki/File:Standard_Chartered_(2021).svg
407985,VISA,CREDIT,BUSINESS SIGNATURE,FRANSABANK S.A.L.,+9611340180,http://www.fransabank.com,LB,LBN,LEBANON,fransabank.com,https://commons.wikimedia.org/wiki/File:Fransabank_logo.svg
407989,VISA,DEBIT,PREPAID CLASSIC,AL BILAD BANK,9662918884,http://www.bankalbilad.com,SA,SAU,SAUDI ARABIA,bankalbilad.com,https://commons.wikimedia.org/wiki/File:Bank_Albilad_Logo.svg
408166,VISA,CREDIT,BUSINESS ENHANCED,BLOM BANK EGYPT,33039825- 33029951,http://www.blombankegypt.com,EG,EGY,EGYPT,blom.com.lb,https://commons.wikimedia.org/wiki/File:BLOM_Bank_logo.svg
408223,VISA,CREDIT,PLATINUM,CAPITAL BANK OF JORDAN PLC. CO.,,,JO,JOR,JORDAN,bankofjordan.com,https://commons.wikimedia.org/wiki/File:Bank_of_Jordan_logo.svg
408238,VISA,DEBIT,BUSINESS ENHANCED,COMMERCIAL INTERNATIONAL BANK,+20227383011,http://www.cibeg.com,EG,EGY,EGYPT,cibeg.com,https://commons.wikimedia.org/wiki/File:CIB_Logo.svg
408365,VISA,CREDIT,CLASSIC,BMI BANK B.S.C.,,,BH,BHR,BAHRAIN,,
408366,VISA,CREDIT,PLATINUM,BMI BANK B.S.C.,,,BH,BHR,BAHRAIN,,
408389,VISA,CREDIT,,COMMERCIAL BANK OF QATAR (Q.S.C.),+97444490000,http://www.cbq.com.qa,QA,QAT,QATAR,cbq.qa,https://commons.wikimedia.org/wiki/File:Commercial_Bank_of_Qatar_Logo.svg
408458,VISA,CREDIT,INFINITE,BANQUE LIBANO-FRANCAISE SAL,,,LB,LBN,LEBANON,eblf.com,https://img.logo.dev/eblf.com?format=png&size=400
408520,VISA,DEBIT,BUSINESS,HABIB BANK AG ZURICH,+97180000006,http://www.bankalhabib.com,AE,ARE,UNITED ARAB EMIRATES,bankalhabib.com,https://img.logo.dev/bankalhabib.com?format=png&size=400
408565,VISA,DEBIT,PLATINUM,MASHREQBANK,+97143632250,http://www.mashreqbank.com,AE,ARE,UNITED ARAB EMIRATES,mashreqbank.com,https://commons.wikimedia.org/wiki/File:Mashreq_bank_logo.svg
408597,VISA,CREDIT,PLATINUM,DUKHAN BANK,,,QA,QAT,QATAR,dukhanbank.com,https://commons.wikimedia.org/wiki/File:Dukhan_Bank_logo.svg
408630,VISA,CREDIT,,"COMMERCIAL BANK OF DUBAI, LTD.",,,AE,ARE,UNITED ARAB EMIRATES,cbd.ae,https://commons.wikimedia.org/wiki/File:Commercial_Bank_of_Dubai_logo.svg
408859,VISA,CREDIT,BUSINESS ENHANCED,HALA PAYMENT COMPANY,,,SA,SAU,SAUDI ARABIA,hala.com,https://img.logo.dev/hala.com?format=png&size=400
408965,VISA,CREDIT,GOLD,MASHREQBANK,,http://www.mashreqbank.com,EG,EGY,EGYPT,mashreqbank.com,https://commons.wikimedia.org/wiki/File:Mashreq_bank_logo.svg
409000,VISA,DEBIT,CLASSIC,BANK OF ALEXANDRIA,1 9 0 3 3 OR (02) 3938623 - 3913822 - 3916796,http://www.alexbank.com,EG,EGY,EGYPT,alexbank.com,https://commons.wikimedia.org/wiki/File:Alexbank_logo.svg
409008,VISA,DEBIT,CLASSIC,EGYPTIAN NATIONAL POST ORGANISATION,44 (0)207 582 5220,http://www.balancingact-africa.com,EG,EGY,EGYPT,balancingact-africa.com,https://img.logo.dev/balancingact-africa.com?format=png&size=400
409054,VISA,DEBIT,CLASSIC,KUWAIT INTERNATIONAL BANK,+9651866866,http://www.kib.com.kw,KW,KWT,KUWAIT,kib.com.kw,https://commons.wikimedia.org/wiki/File:Kuwait_International_Bank_logo.svg
409055,VISA,CREDIT,,KUWAIT REAL ESTATE BANK,,,KW,KWT,KUWAIT,,
409080,VISA,DEBIT,SIGNATURE,ARAB AFRICAN INTERNATIONAL BANK,+20224886679,http://www.aaib.com,EG,EGY,EGYPT,aaib.com,https://commons.wikimedia.org/wiki/File:Arab_African_International_Bank_Logo.svg
409090,VISA,CREDIT,CLASSIC,BANK OF ALEXANDRIA,1 9 0 3 3 OR (02) 3938623 - 3913822 - 3916796,http://www.alexbank.com,EG,EGY,EGYPT,alexbank.com,https://commons.wikimedia.org/wiki/File:Alexbank_logo.svg
409091,VISA,DEBIT,PREPAID CLASSIC,BANK NXT,,,EG,EGY,EGYPT,,
409092,VISA,DEBIT,CLASSIC,MASHREQBANK,,http://www.mashreqbank.com,EG,EGY,EGYPT,mashreqbank.com,https://commons.wikimedia.org/wiki/File:Mashreq_bank_logo.svg
409093,VISA,DEBIT,PREPAID CLASSIC,BANQUE MISR,+20223912150,http://www.banquemisr.com,EG,EGY,EGYPT,banquemisr.com,https://commons.wikimedia.org/wiki/File:Banque_Misr_logo.svg
409094,VISA,CREDIT,BUSINESS ENHANCED,BANQUE MISR,+20223912150,http://www.banquemisr.com,EG,EGY,EGYPT,banquemisr.com,https://commons.wikimedia.org/wiki/File:Banque_Misr_logo.svg
409190,VISA,CREDIT,BUSINESS ENHANCED,BOUBYAN BANK K.S.C.,,,KW,KWT,KUWAIT,bankboubyan.com,https://commons.wikimedia.org/wiki/File:Boubyan_Bank_logo.svg
409201,VISA,DEBIT,PLATINUM,AL RAJHI BANKING AND INVESTMENT CORP.,4433 92 000 + 966 OR 33 334 601 +966,http://www.alrajhibank.com.sa,SA,SAU,SAUDI ARABIA,alrajhibank.com.sa,https://commons.wikimedia.org/wiki/File:Al_Rajhi_Bank_Logo.svg
409204,VISA,CREDIT,CLASSIC,GULF COMMERCIAL BANK,,,IQ,IRQ,IRAQ,,
409218,VISA,DEBIT,CLASSIC,AL-JANOOB ISLAMIC BANK FOR INVESTMENT AND FINANCING,,,IQ,IRQ,IRAQ,,
409240,VISA,DEBIT,CLASSIC,KURDISTAN INTERNATIONAL ISLAMIC BANK FOR INVESTMENT AND DEVELOPMENT,,,IQ,IRQ,IRAQ,,
409246,VISA,CREDIT,ULTRA HIGH NET WORTH,AL RAJHI BANKING AND INVESTMENT CORP.,4433 92 000 + 966 OR 33 334 601 +966,http://www.alrajhibank.com.sa,SA,SAU,SAUDI ARABIA,alrajhibank.com.sa,https://commons.wikimedia.org/wiki/File:Al_Rajhi_Bank_Logo.svg
409252,VISA,CREDIT,INFINITE,AMWAL FOR ELECTRONIC BANKING SERVICES CO.,,,IQ,IRQ,IRAQ,,
409307,VISA,CREDIT,PLATINUM,ABU DHABI COMMERCIAL BANK,+97126962222,http://www.adcb.com,AE,ARE,UNITED ARAB EMIRATES,adcb.com,https://commons.wikimedia.org/wiki/File:Abu_Dhabi_Commercial_Bank_Logo.svg
409319,VISA,CREDIT,PLATINUM,ABU DHABI COMMERCIAL BANK,+97126962222,http://www.adcb.com,AE,ARE,UNITED ARAB EMIRATES,adcb.com,https://commons.wikimedia.org/wiki/File:Abu_Dhabi_Commercial_Bank_Logo.svg
409381,VISA,DEBIT,PLATINUM,STANDARD CHARTERED BANK,+971600522288,https://www.sc.com,AE,ARE,UNITED ARAB EMIRATES,sc.com,https://commons.wikimedia.org/wiki/File:Standard_Chartered_(2021).svg
409399,VISA,CREDIT,SIGNATURE,THE HOUSING BANK FOR TRADE & FINANCE,,,JO,JOR,JORDAN,hbtf.com,https://commons.wikimedia.org/wiki/File:Housing_Bank_for_Trade_and_Finance_logo.svg
409567,VISA,DEBIT,BUSINESS ENHANCED,"NATIONAL BANK OF KUWAIT, S.A.K.",+96522422011,http://www.nbk.com,KW,KWT,KUWAIT,nbk.com,https://commons.wikimedia.org/wiki/File:National_Bank_of_Kuwait_logo.svg
409608,VISA,CREDIT,PLATINUM,ARAB JORDAN INVESTMENT BANK,,,JO,JOR,JORDAN,ajib.com,https://img.logo.dev/ajib.com?format=png&size=400
409684,VISA,CREDIT,CLASSIC,NATIONAL BANK OF FUJAIRAH,,,AE,ARE,UNITED ARAB EMIRATES,nbf.ae,https://commons.wikimedia.org/wiki/File:National_Bank_of_Fujairah_logo.svg
409685,VISA,CREDIT,PLATINUM,NATIONAL BANK OF FUJAIRAH,,,AE,ARE,UNITED ARAB EMIRATES,nbf.ae,https://commons.wikimedia.org/wiki/File:National_Bank_of_Fujairah_logo.svg
409688,VISA,CREDIT,BUSINESS,NATIONAL BANK OF FUJAIRAH,,,AE,ARE,UNITED ARAB EMIRATES,nbf.ae,https://commons.wikimedia.org/wiki/File:National_Bank_of_Fujairah_logo.svg
409709,VISA,CREDIT,CLASSIC,AREEBA SAL,,,LB,LBN,LEBANON,areeba.com,https://img.logo.dev/areeba.com?format=png&size=400
409735,VISA,CREDIT,SIGNATURE,GLOBAL DIGITAL FINANCIAL SOLUTIONS CO.,,,SA,SAU,SAUDI ARABIA,,
409737,VISA,CREDIT,PLATINUM,CREDIT LIBANAIS S.A.L.,+9611900111,http://www.creditlibanais.com.lb,LB,LBN,LEBANON,creditlibanais.com,https://commons.wikimedia.org/wiki/File:Credit_Libanais_logo.svg
409738,VISA,DEBIT,ELECTRON,CREDIT LIBANAIS S.A.L.,+9611900111,http://www.creditlibanais.com.lb,LB,LBN,LEBANON,creditlibanais.com,https://commons.wikimedia.org/wiki/File:Credit_Libanais_logo.svg
409770,VISA,CREDIT,CORPORATE T&E,FIRST ABU DHABI BANK (PJSC),,,AE,ARE,UNITED ARAB EMIRATES,bankfab.com,https://commons.wikimedia.org/wiki/File:First_Abu_Dhabi_Bank_Logo.svg
409772,VISA,DEBIT,PREPAID CORPORATE T&E,THE SAUDI INVESTMENT BANK,,,SA,SAU,SAUDI ARABIA,saib.com.sa,https://commons.wikimedia.org/wiki/File:Saudi_Investment_Bank_Logo.svg
409786,VISA,CREDIT,PLATINUM,"BANK OF BEIRUT, SAL",,,LB,LBN,LEBANON,bankofbeirut.com,https://commons.wikimedia.org/wiki/File:Bank_of_Beirut_logo.svg
409787,VISA,CREDIT,INFINITE,BANK OF BEIRUT SAL,,,LB,LBN,LEBANON,bankofbeirut.com,https://commons.wikimedia.org/wiki/File:Bank_of_Beirut_logo.svg
409789,VISA,DEBIT,ELECTRON,EGYPTIAN NATIONAL POST ORGANISATION,44 (0)207 582 5220,http://www.balancingact-africa.com,EG,EGY,EGYPT,balancingact-africa.com,https://img.logo.dev/balancingact-africa.com?format=png&size=400
409791,VISA,CREDIT,CLASSIC,"BANK OF BEIRUT, SAL",,,LB,LBN,LEBANON,bankofbeirut.com,https://commons.wikimedia.org/wiki/File:Bank_of_Beirut_logo.svg
409793,VISA,CREDIT,PLATINUM,BANK OF BEIRUT SAL,,,LB,LBN,LEBANON,bankofbeirut.com,https://commons.wikimedia.org/wiki/File:Bank_of_Beirut_logo.svg
409854,VISA,CREDIT,PLATINUM,BANQUE LIBANO-FRANCAISE SAL,,,LB,LBN,LEBANON,eblf.com,https://img.logo.dev/eblf.com?format=png&size=400
409887,VISA,DEBIT,BUSINESS ENHANCED,WIO BANK PJSC,,,AE,ARE,UNITED ARAB EMIRATES,wio.io,https://img.logo.dev/wio.io?format=png&size=400
409903,VISA,CREDIT,INFINITE,HSBC BANK - EGYPT SAE,+20235359100,http://www.hsbc.com.eg,EG,EGY,EGYPT,hsbc.com,https://commons.wikimedia.org/wiki/File:HSBC_logo_(2018).svg
410036,VISA,CREDIT,REWARDS,FIRST ABU DHABI BANK (PJSC),,,AE,ARE,UNITED ARAB EMIRATES,bankfab.com,https://commons.wikimedia.org/wiki/File:First_Abu_Dhabi_Bank_Logo.svg
410037,VISA,CREDIT,REWARDS,FIRST ABU DHABI BANK (PJSC),,,AE,ARE,UNITED ARAB EMIRATES,bankfab.com,https://commons.wikimedia.org/wiki/File:First_Abu_Dhabi_Bank_Logo.svg
410101,VISA,DEBIT,GOLD,ATTIJARIWAFA BANK EGYPT S.A.E,,,EG,EGY,EGYPT,attijariwafabank.com.eg,https://commons.wikimedia.org/wiki/File:Attijariwafa_Bank_logo.svg
410110,VISA,CREDIT,CLASSIC,ATTIJARIWAFA BANK EGYPT S.A.E,,,EG,EGY,EGYPT,attijariwafabank.com.eg,https://commons.wikimedia.org/wiki/File:Attijariwafa_Bank_logo.svg
410111,VISA,CREDIT,GOLD,ATTIJARIWAFA BANK EGYPT S.A.E,,,EG,EGY,EGYPT,attijariwafabank.com.eg,https://commons.wikimedia.org/wiki/File:Attijariwafa_Bank_logo.svg
410112,VISA,CREDIT,BUSINESS,ATTIJARIWAFA BANK EGYPT S.A.E,,,EG,EGY,EGYPT,attijariwafabank.com.eg,https://commons.wikimedia.org/wiki/File:Attijariwafa_Bank_logo.svg
410124,VISA,CREDIT,ULTRA HIGH NET WORTH,"NATIONAL BANK OF KUWAIT, S.A.K.",+96522422011,http://www.nbk.com,KW,KWT,KUWAIT,nbk.com,https://commons.wikimedia.org/wiki/File:National_Bank_of_Kuwait_logo.svg
410155,VISA,CREDIT,PLATINUM,DUBAI ISLAMIC BANK,,http://www.alislami.ae,AE,ARE,UNITED ARAB EMIRATES,alislami.ae,https://commons.wikimedia.org/wiki/File:Dubai_Islamic_Bank_logo.svg
410156,VISA,CREDIT,PLATINUM,DUBAI ISLAMIC BANK,,http://www.alislami.ae,AE,ARE,UNITED ARAB EMIRATES,alislami.ae,https://commons.wikimedia.org/wiki/File:Dubai_Islamic_Bank_logo.svg
410157,VISA,CREDIT,,ABU DHABI ISLAMIC BANK,+97126100600,http://www.adib.ae,AE,ARE,UNITED ARAB EMIRATES,adib.ae,https://commons.wikimedia.org/wiki/File:Abu_Dhabi_Islamic_Bank_Logo.svg
410162,VISA,DEBIT,PREPAID PLATINUM,FIRST ABU DHABI BANK (PJSC),,,AE,ARE,UNITED ARAB EMIRATES,bankfab.com,https://commons.wikimedia.org/wiki/File:First_Abu_Dhabi_Bank_Logo.svg
410173,VISA,CREDIT,PLATINUM,FRANSABANK S.A.L.,+9611340180,http://www.fransabank.com,LB,LBN,LEBANON,fransabank.com,https://commons.wikimedia.org/wiki/File:Fransabank_logo.svg
410188,VISA,DEBIT,PREPAID CLASSIC,AREEBA IRAQ FOR INFORMATION TECHNOLOGIES LLC,,,IQ,IRQ,IRAQ,areeba.com,https://img.logo.dev/areeba.com?format=png&size=400
410189,VISA,DEBIT,PREPAID PLATINUM,AREEBA IRAQ FOR INFORMATION TECHNOLOGIES LLC,,,IQ,IRQ,IRAQ,areeba.com,https://img.logo.dev/areeba.com?format=png&size=400
410190,VISA,DEBIT,PLATINUM,ATTIJARIWAFA BANK EGYPT S.A.E,,,EG,EGY,EGYPT,attijariwafabank.com.eg,https://commons.wikimedia.org/wiki/File:Attijariwafa_Bank_logo.svg
410191,VISA,DEBIT,CLASSIC,MASHREQBANK,,http://www.mashreqbank.com,EG,EGY,EGYPT,mashreqbank.com,https://commons.wikimedia.org/wiki/File:Mashreq_bank_logo.svg
410214,VISA,CREDIT,BUSINESS,ASEEL FINANCE JSC,,,AE,ARE,UNITED ARAB EMIRATES,,
410248,VISA,CREDIT,CLASSIC,AL RAJHI BANKING AND INVESTMENT CORP.,4433 92 000 + 966 OR 33 334 601 +966,http://www.alrajhibank.com.sa,SA,SAU,SAUDI ARABIA,alrajhibank.com.sa,https://commons.wikimedia.org/wiki/File:Al_Rajhi_Bank_Logo.svg
410249,VISA,DEBIT,PREPAID BUSINESS,AL RAJHI BANKING AND INVESTMENT CORP.,4433 92 000 + 966 OR 33 334 601 +966,http://www.alrajhibank.com.sa,SA,SAU,SAUDI ARABIA,alrajhibank.com.sa,https://commons.wikimedia.org/wiki/File:Al_Rajhi_Bank_Logo.svg
410251,VISA,CREDIT,PLATINUM,AM BANK S.A.L.,,,LB,LBN,LEBANON,ambank.com.lb,https://img.logo.dev/ambank.com.lb?format=png&size=400
410327,VISA,CREDIT,CLASSIC,ABU DHABI COMMERCIAL BANK - ADCB - EGYPT,,,EG,EGY,EGYPT,adcb.com,https://commons.wikimedia.org/wiki/File:Abu_Dhabi_Commercial_Bank_Logo.svg
410328,VISA,CREDIT,GOLD,ABU DHABI COMMERCIAL BANK - ADCB - EGYPT,,,EG,EGY,EGYPT,adcb.com,https://commons.wikimedia.org/wiki/File:Abu_Dhabi_Commercial_Bank_Logo.svg
410339,VISA,CREDIT,PLATINUM,JORDAN AHLI BANK,+96265007777,http://www.ahli.com,JO,JOR,JORDAN,ahlibank.com.jo,https://commons.wikimedia.org/wiki/File:Jordan_Ahli_Bank_logo.svg
410356,VISA,CREDIT,CLASSIC,SOHAR INTERNATIONAL BANK (S.A.O.G),,,OM,OMN,OMAN,soharinternational.com,https://commons.wikimedia.org/wiki/File:Sohar_International_logo.svg
410357,VISA,CREDIT,GOLD,SOHAR INTERNATIONAL BANK (S.A.O.G),,,OM,OMN,OMAN,soharinternational.com,https://commons.wikimedia.org/wiki/File:Sohar_International_logo.svg
410358,VISA,CREDIT,PLATINUM,SOHAR INTERNATIONAL BANK (S.A.O.G),,,OM,OMN,OMAN,soharinternational.com,https://commons.wikimedia.org/wiki/File:Sohar_International_logo.svg
410359,VISA,CREDIT,CLASSIC,SOHAR INTERNATIONAL BANK (S.A.O.G),,,OM,OMN,OMAN,soharinternational.com,https://commons.wikimedia.org/wiki/File:Sohar_International_logo.svg
410360,VISA,DEBIT,ELECTRON,SOHAR INTERNATIONAL BANK (S.A.O.G),,,OM,OMN,OMAN,soharinternational.com,https://commons.wikimedia.org/wiki/File:Sohar_International_logo.svg
410467,VISA,CREDIT,UHNW,BLOM BANK S.A.L.,(961-1) 738938 - 743300 OR (961-1) 372780 - 370830 - 373102,http://www.blom.com.lb,LB,LBN,LEBANON,blom.com.lb,https://commons.wikimedia.org/wiki/File:BLOM_Bank_logo.svg
410469,VISA,DEBIT,PLATINUM,SOHAR INTERNATIONAL BANK (S.A.O.G),,,OM,OMN,OMAN,soharinternational.com,https://commons.wikimedia.org/wiki/File:Sohar_International_logo.svg
410494,VISA,CREDIT,SIGNATURE,AHLI BANK (S.A.O.G),,,OM,OMN,OMAN,ahlibank.om,https://img.logo.dev/ahlibank.om?format=png&size=400
410495,VISA,DEBIT,BUSINESS,EMIRATES NBD BANK (P.J.S.C.),+971800456,http://www.emiratesnbd.com,AE,ARE,UNITED ARAB EMIRATES,emiratesnbd.com,https://commons.wikimedia.org/wiki/File:Emirates_NBD_logo.svg
410521,VISA,CREDIT,CLASSIC,DUBAI ISLAMIC BANK,,http://www.alislami.ae,AE,ARE,UNITED ARAB EMIRATES,alislami.ae,https://commons.wikimedia.org/wiki/File:Dubai_Islamic_Bank_logo.svg
410536,VISA,DEBIT,PLATINUM,ARAB BANKING CORPORATION - EGYPT,,http://www.arabbanking.com,EG,EGY,EGYPT,arabbank.com,https://commons.wikimedia.org/wiki/File:Arab_Bank_logo.svg
410537,VISA,CREDIT,CLASSIC,,,,BH,BHR,BAHRAIN,,
410538,VISA,CREDIT,GOLD,AL SALAM BANK,,,BH,BHR,BAHRAIN,alsalambank.com,https://commons.wikimedia.org/wiki/File:Al_Salam_Bank_logo.svg
410560,VISA,DEBIT,PREPAID CLASSIC,BANQUE MISR,+20223912150,http://www.banquemisr.com,EG,EGY,EGYPT,banquemisr.com,https://commons.wikimedia.org/wiki/File:Banque_Misr_logo.svg
410573,VISA,CREDIT,BUSINESS,AL AHLY BANK OF KUWAIT / EGYPT,,,EG,EGY,EGYPT,,
410574,VISA,CREDIT,CLASSIC,"PIRAEUS BANK EGYPT, S.A.E.",(02) 576-4644,,EG,EGY,EGYPT,,
410575,VISA,CREDIT,SIGNATURE,JORDAN ISLAMIC BANK,,,JO,JOR,JORDAN,jordanislamicbank.com,https://commons.wikimedia.org/wiki/File:Jordan_Islamic_Bank_logo.svg
410591,VISA,DEBIT,,,,,EG,EGY,EGYPT,,
410592,VISA,DEBIT,CLASSIC,"PIRAEUS BANK EGYPT, S.A.E.",(02) 576-4644,,EG,EGY,EGYPT,,
410606,VISA,CREDIT,CLASSIC,KUWAIT FINANCE HOUSE,+9651803333,http://www.kfh.com,KW,KWT,KUWAIT,financehouse.ae,https://img.logo.dev/financehouse.ae?format=png&size=400
410621,VISA,DEBIT,BUSINESS ENHANCED,AL RAJHI BANKING AND INVESTMENT CORP.,4433 92 000 + 966 OR 33 334 601 +966,http://www.alrajhibank.com.sa,SA,SAU,SAUDI ARABIA,alrajhibank.com.sa,https://commons.wikimedia.org/wiki/File:Al_Rajhi_Bank_Logo.svg
410648,VISA,DEBIT,PREPAID,INVEST BANK PLC,58 (212) 92 98 31,http://www.investbank.jo,JO,JOR,JORDAN,investbank.jo,https://img.logo.dev/investbank.jo?format=png&size=400
410680,VISA,CREDIT,CLASSIC,QATAR INTERNATIONAL ISLAMIC BANK,,http://www.qiib.com.qa,QA,QAT,QATAR,qiib.com.qa,https://commons.wikimedia.org/wiki/File:QIIB_logo.svg
410681,VISA,CREDIT,GOLD,QATAR INTERNATIONAL ISLAMIC BANK,,http://www.qiib.com.qa,QA,QAT,QATAR,qiib.com.qa,https://commons.wikimedia.org/wiki/File:QIIB_logo.svg
410682,VISA,CREDIT,PLATINUM,EMIRATES NBD BANK (P.J.S.C.),,http://www.emiratesnbd.com,SA,SAU,SAUDI ARABIA,emiratesnbd.com,https://commons.wikimedia.org/wiki/File:Emirates_NBD_logo.svg
410683,VISA,CREDIT,PLATINUM,EMIRATES NBD BANK (P.J.S.C.),,http://www.emiratesnbd.com,SA,SAU,SAUDI ARABIA,emiratesnbd.com,https://commons.wikimedia.org/wiki/File:Emirates_NBD_logo.svg
410684,VISA,CREDIT,PLATINUM,EMIRATES NBD BANK (P.J.S.C.),,http://www.emiratesnbd.com,SA,SAU,SAUDI ARABIA,emiratesnbd.com,https://commons.wikimedia.org/wiki/File:Emirates_NBD_logo.svg
410685,VISA,DEBIT,CLASSIC,EMIRATES NBD BANK (P.J.S.C.),,http://www.emiratesnbd.com,SA,SAU,SAUDI ARABIA,emiratesnbd.com,https://commons.wikimedia.org/wiki/File:Emirates_NBD_logo.svg
410724,VISA,CREDIT,GOLD,BANQUE MISR,+20223912150,http://www.banquemisr.com,EG,EGY,EGYPT,banquemisr.com,https://commons.wikimedia.org/wiki/File:Banque_Misr_logo.svg
410735,VISA,CREDIT,,QATAR INTERNATIONAL ISLAMIC BANK,,http://www.qiib.com.qa,QA,QAT,QATAR,qiib.com.qa,https://commons.wikimedia.org/wiki/File:QIIB_logo.svg
410736,VISA,DEBIT,PREPAID CLASSIC,BANKMED SAL,,,LB,LBN,LEBANON,bankmed.com.lb,https://commons.wikimedia.org/wiki/File:BankMed_logo.svg
410737,VISA,DEBIT,PREPAID CLASSIC,BANKMED SAL,,,LB,LBN,LEBANON,bankmed.com.lb,https://commons.wikimedia.org/wiki/File:BankMed_logo.svg
410769,VISA,CREDIT,INFINITE,BANK AUDI SAL,,,LB,LBN,LEBANON,bankaudigroup.com,https://commons.wikimedia.org/wiki/File:Bank_Audi_logo.svg
410786,VISA,DEBIT,CLASSIC,ARAB JORDAN INVESTMENT BANK,,,JO,JOR,JORDAN,ajib.com,https://img.logo.dev/ajib.com?format=png&size=400
410790,VISA,DEBIT,PREPAID CLASSIC,BANKMED SAL,,,LB,LBN,LEBANON,bankmed.com.lb,https://commons.wikimedia.org/wiki/File:BankMed_logo.svg
410805,VISA,CREDIT,INFINITE,QATAR ISLAMIC BANK (S.A.Q.),+97444385555,,QA,QAT,QATAR,qib.com.qa,https://commons.wikimedia.org/wiki/File:Qatar_Islamic_Bank_Logo.svg
410834,VISA,DEBIT,PREPAID CORPORATE T&E,SAUDI AWWAL BANK,,,SA,SAU,SAUDI ARABIA,sab.com,https://commons.wikimedia.org/wiki/File:Saudi_Awwal_Bank_Logo.svg
410851,VISA,CREDIT,SIGNATURE,DAR ES SALAAM INVESTMENT BANK,+96417196488,http://www.desiraq.com,IQ,IRQ,IRAQ,desiraq.com,https://img.logo.dev/desiraq.com?format=png&size=400
410861,VISA,DEBIT,PLATINUM,INTERNATIONAL DEVELOPMENT BANK FOR INVESTMENT AND FINANCE,,,IQ,IRQ,IRAQ,,
410890,VISA,DEBIT,PREPAID CLASSIC,INTERNATIONAL DEVELOPMENT BANK FOR INVESTMENT AND FINANCE,,,IQ,IRQ,IRAQ,,
410896,VISA,DEBIT,CLASSIC,BANK AL ETIHAD,,,JO,JOR,JORDAN,bankaletihad.com,https://commons.wikimedia.org/wiki/File:Bank_al_Etihad_logo.svg
410899,VISA,DEBIT,REWARDS,QATAR ISLAMIC BANK (S.A.Q.),+97444385555,,QA,QAT,QATAR,qib.com.qa,https://commons.wikimedia.org/wiki/File:Qatar_Islamic_Bank_Logo.svg
410915,VISA,DEBIT,PREPAID,CREDIT CARD SERVICE COMPANY JORDAN LTD.,,,JO,JOR,JORDAN,,
411040,VISA,CREDIT,CLASSIC,CSCBANK SAL,,,LB,LBN,LEBANON,cscbank.com,https://img.logo.dev/cscbank.com?format=png&size=400
411092,VISA,CREDIT,REWARDS,BANK AL JAZIRA,(966) 2 609 8888,http://www.baj.com.sa,SA,SAU,SAUDI ARABIA,baj.com.sa,https://commons.wikimedia.org/wiki/File:Aljazira_Bank_Logo.svg
411166,VISA,CREDIT,PLATINUM,ALAWWAL BANK,,,SA,SAU,SAUDI ARABIA,sab.com,https://commons.wikimedia.org/wiki/File:Saudi_Awwal_Bank_Logo.svg
411167,VISA,CREDIT,PLATINUM,ALAWWAL BANK,,,SA,SAU,SAUDI ARABIA,sab.com,https://commons.wikimedia.org/wiki/File:Saudi_Awwal_Bank_Logo.svg
411429,VISA,DEBIT,BUSINESS ENHANCED,CAPITAL BANK OF JORDAN PLC. CO.,,,JO,JOR,JORDAN,bankofjordan.com,https://commons.wikimedia.org/wiki/File:Bank_of_Jordan_logo.svg
411557,VISA,DEBIT,PLATINUM,MASHREQ BANK,+97143632250,http://www.mashreqbank.com,AE,ARE,UNITED ARAB EMIRATES,mashreqbank.com,https://commons.wikimedia.org/wiki/File:Mashreq_bank_logo.svg
411627,VISA,CREDIT,BUSINESS SIGNATURE,AHLI BANK Q.S.C.,(974) 4232222,http://www.ahlibank.com.qa,QA,QAT,QATAR,ahlibank.com.qa,https://commons.wikimedia.org/wiki/File:Ahlibank_Qatar_logo.svg
411642,VISA,CREDIT,CLASSIC,BANK AUDI S.A.L. - AUDI SARADAR GROUP,,,JO,JOR,JORDAN,bankaudigroup.com,https://commons.wikimedia.org/wiki/File:Bank_Audi_logo.svg
411643,VISA,CREDIT,GOLD,BANK AUDI S.A.L. - AUDI SARADAR GROUP,,,JO,JOR,JORDAN,bankaudigroup.com,https://commons.wikimedia.org/wiki/File:Bank_Audi_logo.svg
411644,VISA,CREDIT,PLATINUM,BANK AUDI S.A.L. - AUDI SARADAR GROUP,,,JO,JOR,JORDAN,bankaudigroup.com,https://commons.wikimedia.org/wiki/File:Bank_Audi_logo.svg
411645,VISA,DEBIT,CLASSIC,CAPITAL BANK OF JORDAN PLC. CO.,,,JO,JOR,JORDAN,bankofjordan.com,https://commons.wikimedia.org/wiki/File:Bank_of_Jordan_logo.svg
411651,VISA,CREDIT,CLASSIC,BANK DHOFAR (S.A.O.G.),+96824791111 / +96824790466,http://www.bankdhofar.com,OM,OMN,OMAN,bankdhofar.com,https://commons.wikimedia.org/wiki/File:Bank_Dhofar_logo.svg
411654,VISA,CREDIT,,BLOM BANK S.A.L.,(961-1) 738938 - 743300 OR (961-1) 372780 - 370830 - 373102,http://www.blom.com.lb,LB,LBN,LEBANON,blom.com.lb,https://commons.wikimedia.org/wiki/File:BLOM_Bank_logo.svg
411657,VISA,CREDIT,SIGNATURE,QATAR NATIONAL BANK (Q.P.S.C.),,,QA,QAT,QATAR,qnb.com,https://commons.wikimedia.org/wiki/File:Qatar_National_Bank_Logo.svg
411688,VISA,CREDIT,,"OMAN ARAB BANK, SAOC",,,OM,OMN,OMAN,oman-arabbank.com,https://commons.wikimedia.org/wiki/File:Oman_Arab_Bank_logo.svg
411730,VISA,CREDIT,,WARKA BANK FOR INVESTMENT AND FINANCE,961 1 972 093,http://www.warka-bank.com,IQ,IRQ,IRAQ,warka-bank.com,https://img.logo.dev/warka-bank.com?format=png&size=400
411732,VISA,CREDIT,,WARKA BANK FOR INVESTMENT AND FINANCE,961 1 972 093,http://www.warka-bank.com,IQ,IRQ,IRAQ,warka-bank.com,https://img.logo.dev/warka-bank.com?format=png&size=400
411738,VISA,CREDIT,,WARKA BANK FOR INVESTMENT AND FINANCE,961 1 972 093,http://www.warka-bank.com,IQ,IRQ,IRAQ,warka-bank.com,https://img.logo.dev/warka-bank.com?format=png&size=400
411739,VISA,DEBIT,PREPAID CLASSIC,NATIONAL BANK OF EGYPT,,http://www.nbe.com.eg,EG,EGY,EGYPT,nbe.com.eg,https://commons.wikimedia.org/wiki/File:National_Bank_of_Egypt_Logo.svg
411891,VISA,CREDIT,,,,,AE,ARE,UNITED ARAB EMIRATES,,
411922,VISA,DEBIT,PLATINUM,BYBLOS BANK SAL,,,IQ,IRQ,IRAQ,byblosbank.com,https://commons.wikimedia.org/wiki/File:Byblos_Bank_logo.svg
411939,VISA,CREDIT,PLATINUM,HSBC BANK MIDDLE EAST,+97142241000,http://www.hsbc.ae,AE,ARE,UNITED ARAB EMIRATES,hsbc.com,https://commons.wikimedia.org/wiki/File:HSBC_logo_(2018).svg
411981,VISA,DEBIT,CLASSIC,QATAR INTERNATIONAL ISLAMIC BANK,,http://www.qiib.com.qa,QA,QAT,QATAR,qiib.com.qa,https://commons.wikimedia.org/wiki/File:QIIB_logo.svg
411993,VISA,CREDIT,,BANK DHOFAR (S.A.O.G.),+96824791111 / +96824790466,http://www.bankdhofar.com,OM,OMN,OMAN,bankdhofar.com,https://commons.wikimedia.org/wiki/File:Bank_Dhofar_logo.svg
412113,VISA,CREDIT,PLATINUM,THE SAUDI NATIONAL BANK,,,SA,SAU,SAUDI ARABIA,alahli.com,https://commons.wikimedia.org/wiki/File:Saudi_National_Bank_Logo.svg
412143,VISA,DEBIT,PREPAID CLASSIC,QATAR NATIONAL BANK S.A.E,,,EG,EGY,EGYPT,qnb.com,https://commons.wikimedia.org/wiki/File:Qatar_National_Bank_Logo.svg
412380,VISA,DEBIT,TRAVEL MONEY,INTL HDQTRS-CENTER OWNED,,,IL,ISR,ISRAEL,,
412465,VISA,CREDIT,,AHLI BANK LTD. (S.A.O.G.),,,OM,OMN,OMAN,ahlibank.om,https://img.logo.dev/ahlibank.om?format=png&size=400
412478,VISA,CREDIT,PLATINUM,NATIONAL BANK OF BAHRAIN B. S. C.,,,BH,BHR,BAHRAIN,nbbonline.com,https://commons.wikimedia.org/wiki/File:National_Bank_of_Bahrain_logo.svg
412518,VISA,CREDIT,PLATINUM,ALAWWAL BANK,,,SA,SAU,SAUDI ARABIA,sab.com,https://commons.wikimedia.org/wiki/File:Saudi_Awwal_Bank_Logo.svg
412551,VISA,CREDIT,CORPORATE T&E,"ISRACARD, LTD.",,,IL,ISR,ISRAEL,isracard.co.il,https://commons.wikimedia.org/wiki/File:Isracard_logo.svg
412565,VISA,DEBIT,CLASSIC,ALINMA BANK,,,SA,SAU,SAUDI ARABIA,alinma.com,https://commons.wikimedia.org/wiki/File:Alinma_Bank_logo.svg
412585,VISA,DEBIT,PLATINUM,STANDARD CHARTERED BANK,+97444248601,https://www.sc.com,QA,QAT,QATAR,sc.com,https://commons.wikimedia.org/wiki/File:Standard_Chartered_(2021).svg
412587,VISA,DEBIT,CLASSIC,STANDARD CHARTERED BANK,+97317531532,https://www.sc.com,BH,BHR,BAHRAIN,sc.com,https://commons.wikimedia.org/wiki/File:Standard_Chartered_(2021).svg
412588,VISA,CREDIT,PLATINUM,BANK AUDI S.A.L. - AUDI SARADAR GROUP,,,LB,LBN,LEBANON,bankaudigroup.com,https://commons.wikimedia.org/wiki/File:Bank_Audi_logo.svg
412620,VISA,DEBIT,BUSINESS ENHANCED,COMMERCIAL BANK OF DUBAI(PSC),,,AE,ARE,UNITED ARAB EMIRATES,cbd.ae,https://commons.wikimedia.org/wiki/File:Commercial_Bank_of_Dubai_logo.svg
412621,VISA,CREDIT,REWARDS,EMIRATES NBD BANK (P.J.S.C.),,http://www.emiratesnbd.com,AE,ARE,UNITED ARAB EMIRATES,emiratesnbd.com,https://commons.wikimedia.org/wiki/File:Emirates_NBD_logo.svg
412733,VISA,DEBIT,BUSINESS ENHANCED,COMMERCIAL BANK OF DUBAI(PSC),,,AE,ARE,UNITED ARAB EMIRATES,cbd.ae,https://commons.wikimedia.org/wiki/File:Commercial_Bank_of_Dubai_logo.svg
412734,VISA,DEBIT,GOLD,IRAQ NOOR ISLAMIC BANK FOR INVESTMENT AND FINANCE,,,IQ,IRQ,IRAQ,,
412735,VISA,CREDIT,GOLD,LLOYDS BANK PLC,+97143422000,http://www.lloydsbankinggroup.com,AE,ARE,UNITED ARAB EMIRATES,lloydsbankinggroup.com,https://img.logo.dev/lloydsbankinggroup.com?format=png&size=400
412761,VISA,CREDIT,SIGNATURE,DUBAI ISLAMIC BANK,,http://www.alislami.ae,AE,ARE,UNITED ARAB EMIRATES,alislami.ae,https://commons.wikimedia.org/wiki/File:Dubai_Islamic_Bank_logo.svg
412767,VISA,DEBIT,GOLD,CREDIT LIBANAIS S.A.L.,+9611900111,http://www.creditlibanais.com.lb,LB,LBN,LEBANON,creditlibanais.com,https://commons.wikimedia.org/wiki/File:Credit_Libanais_logo.svg
412771,VISA,CREDIT,GOLD,BYBLOS BANK,,,LB,LBN,LEBANON,byblosbank.com,https://commons.wikimedia.org/wiki/File:Byblos_Bank_logo.svg
412772,VISA,CREDIT,REWARDS,BYBLOS BANK SAL,,,LB,LBN,LEBANON,byblosbank.com,https://commons.wikimedia.org/wiki/File:Byblos_Bank_logo.svg
412784,VISA,CREDIT,CLASSIC,NATIONAL BANK OF EGYPT,,http://www.nbe.com.eg,EG,EGY,EGYPT,nbe.com.eg,https://commons.wikimedia.org/wiki/File:National_Bank_of_Egypt_Logo.svg
412785,VISA,CREDIT,GOLD,NATIONAL BANK OF EGYPT,,http://www.nbe.com.eg,EG,EGY,EGYPT,nbe.com.eg,https://commons.wikimedia.org/wiki/File:National_Bank_of_Egypt_Logo.svg
412932,VISA,CREDIT,PLATINUM,MASHREQBANK,,http://www.mashreqbank.com,EG,EGY,EGYPT,mashreqbank.com,https://commons.wikimedia.org/wiki/File:Mashreq_bank_logo.svg
412940,VISA,CREDIT,PLATINUM,BANK AL ETIHAD,,,JO,JOR,JORDAN,bankaletihad.com,https://commons.wikimedia.org/wiki/File:Bank_al_Etihad_logo.svg
413011,VISA,DEBIT,CLASSIC,JORDAN ISLAMIC BANK,,,JO,JOR,JORDAN,jordanislamicbank.com,https://commons.wikimedia.org/wiki/File:Jordan_Islamic_Bank_logo.svg
413018,VISA,DEBIT,,COMMERCIAL INTERNATIONAL BANK,+20227383011,http://www.cibeg.com,EG,EGY,EGYPT,cibeg.com,https://commons.wikimedia.org/wiki/File:CIB_Logo.svg
413030,VISA,CREDIT,BUSINESS ENHANCED,BANK NXT,,,EG,EGY,EGYPT,,
413033,VISA,CREDIT,SIGNATURE BUSINESS,KUWAIT INTERNATIONAL BANK,+9651866866,http://www.kib.com.kw,KW,KWT,KUWAIT,kib.com.kw,https://commons.wikimedia.org/wiki/File:Kuwait_International_Bank_logo.svg
413049,VISA,CREDIT,CLASSIC,COMMERCIAL INTERNATIONAL BANK,+20227383011,http://www.cibeg.com,EG,EGY,EGYPT,cibeg.com,https://commons.wikimedia.org/wiki/File:CIB_Logo.svg
413050,VISA,CREDIT,PLATINUM,BLOM BANK S.A.L.,(961-1) 738938 - 743300 OR (961-1) 372780 - 370830 - 373102,http://www.blom.com.lb,LB,LBN,LEBANON,blom.com.lb,https://commons.wikimedia.org/wiki/File:BLOM_Bank_logo.svg
413088,VISA,CREDIT,GOLD,COMMERCIAL INTERNATIONAL BANK,+20227383011,http://www.cibeg.com,EG,EGY,EGYPT,cibeg.com,https://commons.wikimedia.org/wiki/File:CIB_Logo.svg
413094,VISA,CREDIT,CLASSIC,COMMERCIAL INTERNATIONAL BANK,+20227383011,http://www.cibeg.com,EG,EGY,EGYPT,cibeg.com,https://commons.wikimedia.org/wiki/File:CIB_Logo.svg
413095,VISA,DEBIT,GOLD,COMMERCIAL INTERNATIONAL BANK,+20227383011,http://www.cibeg.com,EG,EGY,EGYPT,cibeg.com,https://commons.wikimedia.org/wiki/File:CIB_Logo.svg
413096,VISA,CREDIT,SIGNATURE,CREDIT AGRICOLE EGYPT S.A.E.,+20952381002,http://www.ca-egypt.com,EG,EGY,EGYPT,ca-egypt.com,https://commons.wikimedia.org/wiki/File:Cr%C3%A9dit_Agricole.svg
413155,VISA,CREDIT,INFINITE,ABU DHABI COMMERCIAL BANK,+97126962222,http://www.adcb.com,AE,ARE,UNITED ARAB EMIRATES,adcb.com,https://commons.wikimedia.org/wiki/File:Abu_Dhabi_Commercial_Bank_Logo.svg
413273,VISA,CREDIT,INFINITE,HABIB BANK AG ZURICH,+97180000006,http://www.bankalhabib.com,AE,ARE,UNITED ARAB EMIRATES,bankalhabib.com,https://img.logo.dev/bankalhabib.com?format=png&size=400
413292,VISA,CREDIT,SIGNATURE,BANKMUSCAT (SAOG),,,OM,OMN,OMAN,bankmuscat.com,https://commons.wikimedia.org/wiki/File:Bank_Muscat_logo.svg
413293,VISA,DEBIT,CLASSIC,SOHAR INTERNATIONAL BANK (S.A.O.G),,,OM,OMN,OMAN,soharinternational.com,https://commons.wikimedia.org/wiki/File:Sohar_International_logo.svg
413298,VISA,DEBIT,SIGNATURE,BANK DHOFAR (S.A.O.G.),+96824791111 / +96824790466,http://www.bankdhofar.com,OM,OMN,OMAN,bankdhofar.com,https://commons.wikimedia.org/wiki/File:Bank_Dhofar_logo.svg
413299,VISA,CREDIT,PLATINUM,EMIRATES ISLAMIC BANK P.J.S.C.,,,AE,ARE,UNITED ARAB EMIRATES,emiratesislamic.ae,https://commons.wikimedia.org/wiki/File:Emirates_Islamic_logo.svg
413353,VISA,CREDIT,GOLD,,,,LB,LBN,LEBANON,,
413540,VISA,DEBIT,PREPAID CLASSIC,IRAQ NOOR ISLAMIC BANK FOR INVESTMENT AND FINANCE,,,IQ,IRQ,IRAQ,,
413554,VISA,DEBIT,PREPAID PLATINUM,FIRST ABU DHABI BANK (PJSC),,,AE,ARE,UNITED ARAB EMIRATES,bankfab.com,https://commons.wikimedia.org/wiki/File:First_Abu_Dhabi_Bank_Logo.svg
413685,VISA,CREDIT,UHNW,BOUBYAN BANK,,,KW,KWT,KUWAIT,bankboubyan.com,https://commons.wikimedia.org/wiki/File:Boubyan_Bank_logo.svg
413742,VISA,CREDIT,CLASSIC,BAHRAIN ISLAMIC BANK B.S.C,,,BH,BHR,BAHRAIN,bisb.com,https://commons.wikimedia.org/wiki/File:BisB_logo.svg
413743,VISA,CREDIT,REWARDS,BAHRAIN ISLAMIC BANK BSC,,,BH,BHR,BAHRAIN,bisb.com,https://commons.wikimedia.org/wiki/File:BisB_logo.svg
413744,VISA,CREDIT,PLATINUM,BAHRAIN ISLAMIC BANK B.S.C,,,BH,BHR,BAHRAIN,bisb.com,https://commons.wikimedia.org/wiki/File:BisB_logo.svg
413745,VISA,DEBIT,CLASSIC,BAHRAIN ISLAMIC BANK BSC,,,BH,BHR,BAHRAIN,bisb.com,https://commons.wikimedia.org/wiki/File:BisB_logo.svg
413823,VISA,CREDIT,PLATINUM,STANDARD CHARTERED BANK,+96265607201,https://www.sc.com,JO,JOR,JORDAN,sc.com,https://commons.wikimedia.org/wiki/File:Standard_Chartered_(2021).svg
413839,VISA,CREDIT,CLASSIC,EMIRATES ISLAMIC BANK P.J.S.C.,,,AE,ARE,UNITED ARAB EMIRATES,emiratesislamic.ae,https://commons.wikimedia.org/wiki/File:Emirates_Islamic_logo.svg
413840,VISA,CREDIT,SIGNATURE,EMIRATES ISLAMIC BANK P.J.S.C.,,,AE,ARE,UNITED ARAB EMIRATES,emiratesislamic.ae,https://commons.wikimedia.org/wiki/File:Emirates_Islamic_logo.svg
413841,VISA,CREDIT,PLATINUM,EMIRATES ISLAMIC BANK P.J.S.C.,,,AE,ARE,UNITED ARAB EMIRATES,emiratesislamic.ae,https://commons.wikimedia.org/wiki/File:Emirates_Islamic_logo.svg
413842,VISA,DEBIT,ELECTRON,EMIRATES NBD,+971800456,http://www.emiratesnbd.com,AE,ARE,UNITED ARAB EMIRATES,emiratesnbd.com,https://commons.wikimedia.org/wiki/File:Emirates_NBD_logo.svg
413861,VISA,CREDIT,PLATINUM,STANDARD CHARTERED BANK,+97317531532,https://www.sc.com,BH,BHR,BAHRAIN,sc.com,https://commons.wikimedia.org/wiki/File:Standard_Chartered_(2021).svg
414026,VISA,CREDIT,SIGNATURE,GIB-SA,,,SA,SAU,SAUDI ARABIA,gib.com,https://commons.wikimedia.org/wiki/File:Gulf_International_Bank_Logo.svg
414057,VISA,CREDIT,REWARDS,BANK AUDI SAL,,,LB,LBN,LEBANON,bankaudigroup.com,https://commons.wikimedia.org/wiki/File:Bank_Audi_logo.svg
414079,VISA,DEBIT,PREPAID CLASSIC,QATAR NATIONAL BANK S.A.E,,,EG,EGY,EGYPT,qnb.com,https://commons.wikimedia.org/wiki/File:Qatar_National_Bank_Logo.svg
414082,VISA,CREDIT,PLATINUM,QATAR ISLAMIC BANK (S.A.Q.),+97444385555,,QA,QAT,QATAR,qib.com.qa,https://commons.wikimedia.org/wiki/File:Qatar_Islamic_Bank_Logo.svg
414090,VISA,CREDIT,GOLD,BANK AL JAZIRA,(966) 2 609 8888,http://www.baj.com.sa,SA,SAU,SAUDI ARABIA,baj.com.sa,https://commons.wikimedia.org/wiki/File:Aljazira_Bank_Logo.svg
414383,VISA,CREDIT,PLATINUM,ARAB JORDAN INVESTMENT BANK,,,JO,JOR,JORDAN,ajib.com,https://img.logo.dev/ajib.com?format=png&size=400
414393,VISA,DEBIT,CLASSIC,QATAR ISLAMIC BANK (S.A.Q.),+97444385555,,QA,QAT,QATAR,qib.com.qa,https://commons.wikimedia.org/wiki/File:Qatar_Islamic_Bank_Logo.svg
414444,VISA,CREDIT,SIGNATURE,NATIONAL BANK OF BAHRAIN B. S. C.,,,BH,BHR,BAHRAIN,nbbonline.com,https://commons.wikimedia.org/wiki/File:National_Bank_of_Bahrain_logo.svg
414478,VISA,CREDIT,CLASSIC,SAUDI BRITISH BANK,,http://www.sabb.com,SA,SAU,SAUDI ARABIA,sab.com,https://commons.wikimedia.org/wiki/File:Saudi_Awwal_Bank_Logo.svg
414479,VISA,CREDIT,,HSBC BANK - EGYPT SAE,+20235359100,http://www.hsbc.com.eg,EG,EGY,EGYPT,hsbc.com,https://commons.wikimedia.org/wiki/File:HSBC_logo_(2018).svg
414566,VISA,CREDIT,SIGNATURE,BLOM BANK S.A.L.,(961-1) 738938 - 743300 OR (961-1) 372780 - 370830 - 373102,http://www.blom.com.lb,LB,LBN,LEBANON,blom.com.lb,https://commons.wikimedia.org/wiki/File:BLOM_Bank_logo.svg
414617,VISA,DEBIT,GOLD,FRANSABANK S.A.L.,+9611340180,http://www.fransabank.com,LB,LBN,LEBANON,fransabank.com,https://commons.wikimedia.org/wiki/File:Fransabank_logo.svg
414619,VISA,CREDIT,INFINITE,AHLI UNITED BANK B.S.C.,+97317710559,http://www.ahliunited.com,BH,BHR,BAHRAIN,ahliunited.com,https://commons.wikimedia.org/wiki/File:Ahli_United_Bank_logo.svg
414627,VISA,CREDIT,PLATINUM,AL RAJHI BANKING AND INVESTMENT CORP.,4433 92 000 + 966 OR 33 334 601 +966,http://www.alrajhibank.com.sa,SA,SAU,SAUDI ARABIA,alrajhibank.com.sa,https://commons.wikimedia.org/wiki/File:Al_Rajhi_Bank_Logo.svg
414662,VISA,DEBIT,PLATINUM,MASHREQBANK,+97143632250,http://www.mashreqbank.com,AE,ARE,UNITED ARAB EMIRATES,mashreqbank.com,https://commons.wikimedia.org/wiki/File:Mashreq_bank_logo.svg
414672,VISA,CREDIT,CLASSIC,SOCIETE GENERALE DE BANQUE AU LIBAN S.A.L (SGBL),1274477777,http://www.sgbl.com.lb,LB,LBN,LEBANON,sgbl.com.lb,https://commons.wikimedia.org/wiki/File:SGBL_logo.svg
414673,VISA,CREDIT,GOLD,SOCIETE GENERALE DE BANQUE AU LIBAN S.A.L (SGBL),1274477777,http://www.sgbl.com.lb,LB,LBN,LEBANON,sgbl.com.lb,https://commons.wikimedia.org/wiki/File:SGBL_logo.svg
414674,VISA,DEBIT,ELECTRON,SOCIETE GENERALE DE BANQUE AU LIBAN S.A.L (SGBL),1274477777,http://www.sgbl.com.lb,LB,LBN,LEBANON,sgbl.com.lb,https://commons.wikimedia.org/wiki/File:SGBL_logo.svg
414687,VISA,CREDIT,CLASSIC,STANDARD CHARTERED BANK,+96265607201,https://www.sc.com,JO,JOR,JORDAN,sc.com,https://commons.wikimedia.org/wiki/File:Standard_Chartered_(2021).svg
414689,VISA,CREDIT,GOLD,STANDARD CHARTERED BANK,+96265607201,https://www.sc.com,JO,JOR,JORDAN,sc.com,https://commons.wikimedia.org/wiki/File:Standard_Chartered_(2021).svg
414692,VISA,DEBIT,PREPAID CLASSIC,CREDIT CARD SERVICE COMPANY JORDAN LTD.,,,JO,JOR,JORDAN,,
414694,VISA,DEBIT,GOLD,CREDIT LIBANAIS S.A.L.,+9611900111,http://www.creditlibanais.com.lb,LB,LBN,LEBANON,creditlibanais.com,https://commons.wikimedia.org/wiki/File:Credit_Libanais_logo.svg
414695,VISA,DEBIT,ELECTRON,CREDIT LIBANAIS S.A.L.,+9611900111,http://www.creditlibanais.com.lb,LB,LBN,LEBANON,creditlibanais.com,https://commons.wikimedia.org/wiki/File:Credit_Libanais_logo.svg
414758,VISA,CREDIT,PLATINUM,NETWORK INTERNATIONAL LLC,,,AE,ARE,UNITED ARAB EMIRATES,network.ae,https://img.logo.dev/network.ae?format=png&size=400
414769,VISA,DEBIT,CLASSIC,NATIONAL BANK OF IRAQ,,,IQ,IRQ,IRAQ,nbi.iq,https://commons.wikimedia.org/wiki/File:National_Bank_of_Iraq_logo.svg
414822,VISA,DEBIT,PREPAID,ABU DHABI ISLAMIC BANK,+97126100600,http://www.adib.ae,AE,ARE,UNITED ARAB EMIRATES,adib.ae,https://commons.wikimedia.org/wiki/File:Abu_Dhabi_Islamic_Bank_Logo.svg
414841,VISA,CREDIT,ULTRA HIGH NET WORTH,BANK AL JAZIRA,(966) 2 609 8888,http://www.baj.com.sa,SA,SAU,SAUDI ARABIA,baj.com.sa,https://commons.wikimedia.org/wiki/File:Aljazira_Bank_Logo.svg
414940,VISA,CREDIT,BUSINESS ENHANCED,ARAB BANKING CORPORATION - EGYPT,,http://www.arabbanking.com,EG,EGY,EGYPT,arabbank.com,https://commons.wikimedia.org/wiki/File:Arab_Bank_logo.svg
414958,VISA,DEBIT,PREPAID CLASSIC,ARAB BANK PLC,+97144450000,http://www.arabbank.jo,AE,ARE,UNITED ARAB EMIRATES,arabbank.com,https://commons.wikimedia.org/wiki/File:Arab_Bank_logo.svg
414965,VISA,CREDIT,PLATINUM,FIRST ABU DHABI BANK (PJSC),,,AE,ARE,UNITED ARAB EMIRATES,bankfab.com,https://commons.wikimedia.org/wiki/File:First_Abu_Dhabi_Bank_Logo.svg
414966,VISA,DEBIT,PREPAID,FIRST ABU DHABI BANK PJSC,+971600525500,https://www.bankfab.com,AE,ARE,UNITED ARAB EMIRATES,bankfab.com,https://commons.wikimedia.org/wiki/File:First_Abu_Dhabi_Bank_Logo.svg
415008,VISA,DEBIT,PREPAID,ATTIJARIWAFA BANK EGYPT S.A.E.,,,EG,EGY,EGYPT,attijariwafabank.com.eg,https://commons.wikimedia.org/wiki/File:Attijariwafa_Bank_logo.svg
415047,VISA,DEBIT,PREPAID CORPORATE T&E,SAUDI AWWAL BANK,,,SA,SAU,SAUDI ARABIA,sab.com,https://commons.wikimedia.org/wiki/File:Saudi_Awwal_Bank_Logo.svg
415050,VISA,CREDIT,CLASSIC,NATIONAL BANK OF OMAN LTD. (S.A.O.G.),,,AE,ARE,UNITED ARAB EMIRATES,nbo.om,https://commons.wikimedia.org/wiki/File:National_Bank_of_Oman_logo.svg
415051,VISA,CREDIT,GOLD,NATIONAL BANK OF OMAN LTD. (S.A.O.G.),,,AE,ARE,UNITED ARAB EMIRATES,nbo.om,https://commons.wikimedia.org/wiki/File:National_Bank_of_Oman_logo.svg
415052,VISA,CREDIT,SIGNATURE,BANQUE MISR,+20223912150,http://www.banquemisr.com,EG,EGY,EGYPT,banquemisr.com,https://commons.wikimedia.org/wiki/File:Banque_Misr_logo.svg
415078,VISA,CREDIT,CLASSIC,AHLI UNITED BANK B.S.C.,+97317710559,http://www.ahliunited.com,BH,BHR,BAHRAIN,ahliunited.com,https://commons.wikimedia.org/wiki/File:Ahli_United_Bank_logo.svg
415079,VISA,CREDIT,GOLD,AHLI UNITED BANK B.S.C.,+97317710559,http://www.ahliunited.com,BH,BHR,BAHRAIN,ahliunited.com,https://commons.wikimedia.org/wiki/File:Ahli_United_Bank_logo.svg
415161,VISA,DEBIT,PREPAID CORPORATE T&E,MASRAF AL RAYAN,+97444253333,http://www.alrayan.com,QA,QAT,QATAR,alrayan.com,https://commons.wikimedia.org/wiki/File:Masraf_Al_Rayan_logo.svg
415163,VISA,CREDIT,PLATINUM,MASRAF AL RAYAN,+97444253333,http://www.alrayan.com,QA,QAT,QATAR,alrayan.com,https://commons.wikimedia.org/wiki/File:Masraf_Al_Rayan_logo.svg
415164,VISA,CREDIT,INFINITE,MASRAF AL RAYAN,+97444253333,http://www.alrayan.com,QA,QAT,QATAR,alrayan.com,https://commons.wikimedia.org/wiki/File:Masraf_Al_Rayan_logo.svg
415165,VISA,DEBIT,PREPAID CLASSIC,QATAR ISLAMIC BANK (S.A.Q.),+97444385555,,QA,QAT,QATAR,qib.com.qa,https://commons.wikimedia.org/wiki/File:Qatar_Islamic_Bank_Logo.svg
415166,VISA,DEBIT,PREPAID PLATINUM,THE COMMERCIAL BANK OF QATAR (Q.S.C.),,,QA,QAT,QATAR,cbq.qa,https://commons.wikimedia.org/wiki/File:Commercial_Bank_of_Qatar_Logo.svg
415180,VISA,DEBIT,PLATINUM,MASRAF AL RAYAN,+97444253333,http://www.alrayan.com,QA,QAT,QATAR,alrayan.com,https://commons.wikimedia.org/wiki/File:Masraf_Al_Rayan_logo.svg
415190,VISA,DEBIT,PREPAID CLASSIC,NATIONAL BANK OF IRAQ,,,IQ,IRQ,IRAQ,nbi.iq,https://commons.wikimedia.org/wiki/File:National_Bank_of_Iraq_logo.svg
415246,VISA,CREDIT,PLATINUM,TRADE BANK OF IRAQ,+96415433561,http://www.tbiraq.com,IQ,IRQ,IRAQ,tbi.com.iq,https://commons.wikimedia.org/wiki/File:Trade_Bank_of_Iraq_logo.svg
415254,VISA,DEBIT,CLASSIC,BURGAN BANK (S.A.K.),,,KW,KWT,KUWAIT,burgan.com,https://commons.wikimedia.org/wiki/File:Burgan_Bank_logo.svg
415270,VISA,CREDIT,CLASSIC,FIRST ABU DHABI BANK (PJSC),,,AE,ARE,UNITED ARAB EMIRATES,bankfab.com,https://commons.wikimedia.org/wiki/File:First_Abu_Dhabi_Bank_Logo.svg
415271,VISA,CREDIT,INFINITE,FIRST ABU DHABI BANK PJSC,+971600525500,https://www.bankfab.com,AE,ARE,UNITED ARAB EMIRATES,bankfab.com,https://commons.wikimedia.org/wiki/File:First_Abu_Dhabi_Bank_Logo.svg
415286,VISA,CREDIT,PLATINUM,BAHRAIN ISLAMIC BANK BSC,,,BH,BHR,BAHRAIN,bisb.com,https://commons.wikimedia.org/wiki/File:BisB_logo.svg
415302,VISA,CREDIT,SIGNATURE,EMIRATES LEBANON BANK SAL,,,LB,LBN,LEBANON,,
415303,VISA,CREDIT,SIGNATURE,EMIRATES LEBANON BANK SAL,,,LB,LBN,LEBANON,,
415321,VISA,CREDIT,GOLD,AHLI UNITED BANK - EGYPT,+20225801200,http://www.ahliunited.com,EG,EGY,EGYPT,ahliunited.com,https://commons.wikimedia.org/wiki/File:Ahli_United_Bank_logo.svg
415326,VISA,CREDIT,GOLD,ARAB AFRICAN INTERNATIONAL BANK,+20224886679,http://www.aaib.com,EG,EGY,EGYPT,aaib.com,https://commons.wikimedia.org/wiki/File:Arab_African_International_Bank_Logo.svg
415349,VISA,CREDIT,,CREDIT LIBANAIS S.A.L.,+9611900111,http://www.creditlibanais.com.lb,LB,LBN,LEBANON,creditlibanais.com,https://commons.wikimedia.org/wiki/File:Credit_Libanais_logo.svg
415416,VISA,DEBIT,PLATINUM,BANQUE MISR,+97126273000,http://www.banquemisr.com,AE,ARE,UNITED ARAB EMIRATES,banquemisr.com,https://commons.wikimedia.org/wiki/File:Banque_Misr_logo.svg
415435,VISA,CREDIT,BUSINESS ENHANCED,THE HOUSING BANK FOR TRADE & FINANCE,,,JO,JOR,JORDAN,hbtf.com,https://commons.wikimedia.org/wiki/File:Housing_Bank_for_Trade_and_Finance_logo.svg
415437,VISA,DEBIT,PREPAID PLATINUM,CREDIT CARD SERVICE COMPANY JORDAN LTD.,,,JO,JOR,JORDAN,,
415439,VISA,DEBIT,PLATINUM,MASHREQBANK,,http://www.mashreqbank.com,EG,EGY,EGYPT,mashreqbank.com,https://commons.wikimedia.org/wiki/File:Mashreq_bank_logo.svg
415453,VISA,DEBIT,SIGNATURE,COMMERCIAL INTERNATIONAL BANK,+20227383011,http://www.cibeg.com,EG,EGY,EGYPT,cibeg.com,https://commons.wikimedia.org/wiki/File:CIB_Logo.svg
415456,VISA,DEBIT,PREPAID CLASSIC,QATAR ISLAMIC BANK (S.A.Q.),+97444385555,,QA,QAT,QATAR,qib.com.qa,https://commons.wikimedia.org/wiki/File:Qatar_Islamic_Bank_Logo.svg
415464,VISA,DEBIT,CLASSIC,KHALEEJI BANK B.S.C,,,BH,BHR,BAHRAIN,khcbonline.com,https://commons.wikimedia.org/wiki/File:Khaleeji_Bank_logo.svg
415483,VISA,CREDIT,CORPORATE T&E,NYMCARD PAYMENT SERVICES L.L.C.,,,AE,ARE,UNITED ARAB EMIRATES,nymcard.com,https://img.logo.dev/nymcard.com?format=png&size=400
415516,VISA,DEBIT,CLASSIC,CEMEA REGION,,,AE,ARE,UNITED ARAB EMIRATES,,
415537,VISA,DEBIT,PREPAID PLATINUM,AL-SALAM BANK - BAHRAIN B.S.C.,,,BH,BHR,BAHRAIN,alsalambank.com,https://commons.wikimedia.org/wiki/File:Al_Salam_Bank_logo.svg
415559,VISA,DEBIT,PREPAID PLATINUM,,,,BH,BHR,BAHRAIN,,
415566,VISA,DEBIT,PREPAID PLATINUM,,,,BH,BHR,BAHRAIN,,
415573,VISA,CREDIT,PLATINUM,"THE UNITED BANK, S.A.E.",,,EG,EGY,EGYPT,,
415656,VISA,CREDIT,SIGNATURE,BAHRAIN ISLAMIC BANK BSC,,,BH,BHR,BAHRAIN,bisb.com,https://commons.wikimedia.org/wiki/File:BisB_logo.svg
415684,VISA,DEBIT,CLASSIC,ARAB BANKING CORPORATION - EGYPT,,http://www.arabbanking.com,EG,EGY,EGYPT,arabbank.com,https://commons.wikimedia.org/wiki/File:Arab_Bank_logo.svg
415830,VISA,CREDIT,PLATINUM,ATTIJARIWAFA BANK EGYPT S.A.E,,,EG,EGY,EGYPT,attijariwafabank.com.eg,https://commons.wikimedia.org/wiki/File:Attijariwafa_Bank_logo.svg
415899,VISA,CREDIT,,"NATIONAL BANK OF KUWAIT, S.A.K.",+96522422011,http://www.nbk.com,KW,KWT,KUWAIT,nbk.com,https://commons.wikimedia.org/wiki/File:National_Bank_of_Kuwait_logo.svg
415950,VISA,CREDIT,PLATINUM,THE SAUDI INVESTMENT BANK,,,SA,SAU,SAUDI ARABIA,saib.com.sa,https://commons.wikimedia.org/wiki/File:Saudi_Investment_Bank_Logo.svg
416020,VISA,DEBIT,PREPAID ELECTRON,CSCBANK S.A.L.,+9611871245,http://www.ccm.com.lb,LB,LBN,LEBANON,cscbank.com,https://img.logo.dev/cscbank.com?format=png&size=400
416041,VISA,DEBIT,PREPAID PLATINUM,RIYAD BANK,,http://www.riyadbank.com,SA,SAU,SAUDI ARABIA,riyadbank.com,https://commons.wikimedia.org/wiki/File:Riyad_Bank_logo.svg
416042,VISA,CREDIT,SIGNATURE,RIYAD BANK,,http://www.riyadbank.com,SA,SAU,SAUDI ARABIA,riyadbank.com,https://commons.wikimedia.org/wiki/File:Riyad_Bank_logo.svg
416065,VISA,CREDIT,CLASSIC,STANDARD CHARTERED BANK,+97317531532,https://www.sc.com,BH,BHR,BAHRAIN,sc.com,https://commons.wikimedia.org/wiki/File:Standard_Chartered_(2021).svg
416066,VISA,CREDIT,GOLD,STANDARD CHARTERED BANK,+97317531532,https://www.sc.com,BH,BHR,BAHRAIN,sc.com,https://commons.wikimedia.org/wiki/File:Standard_Chartered_(2021).svg
416274,VISA,DEBIT,,,,,EG,EGY,EGYPT,,
416370,VISA,DEBIT,PREPAID CLASSIC,SOHAR INTERNATIONAL BANK (S.A.O.G),,,OM,OMN,OMAN,soharinternational.com,https://commons.wikimedia.org/wiki/File:Sohar_International_logo.svg
416634,VISA,CREDIT,CLASSIC,AL RAJHI BANKING AND INVESTMENT CORP.,4433 92 000 + 966 OR 33 334 601 +966,http://www.alrajhibank.com.sa,SA,SAU,SAUDI ARABIA,alrajhibank.com.sa,https://commons.wikimedia.org/wiki/File:Al_Rajhi_Bank_Logo.svg
416638,VISA,CREDIT,PLATINUM,MASRAF AL RAYAN,+97444253333,http://www.alrayan.com,QA,QAT,QATAR,alrayan.com,https://commons.wikimedia.org/wiki/File:Masraf_Al_Rayan_logo.svg
416639,VISA,DEBIT,CLASSIC,MASRAF AL RAYAN,+97444253333,http://www.alrayan.com,QA,QAT,QATAR,alrayan.com,https://commons.wikimedia.org/wiki/File:Masraf_Al_Rayan_logo.svg
416640,VISA,CREDIT,,,,,QA,QAT,QATAR,,
416692,VISA,DEBIT,REWARDS,INTL HDQTRS-CENTER OWNED,,,BH,BHR,BAHRAIN,,
416693,VISA,CREDIT,CLASSIC,INTL HDQTRS-CENTER OWNED,,,BH,BHR,BAHRAIN,,
416734,VISA,CREDIT,,,,,SA,SAU,SAUDI ARABIA,,
416759,VISA,CREDIT,,BANK AUDI S.A.L. - AUDI SARADAR GROUP,,,JO,JOR,JORDAN,bankaudigroup.com,https://commons.wikimedia.org/wiki/File:Bank_Audi_logo.svg
416813,VISA,DEBIT,ELECTRON,BMI BANK B.S.C.,,,BH,BHR,BAHRAIN,,
416835,VISA,CREDIT,CLASSIC,KUWAIT FINANCE HOUSE,+9651803333,http://www.kfh.com,KW,KWT,KUWAIT,financehouse.ae,https://img.logo.dev/financehouse.ae?format=png&size=400
416901,VISA,DEBIT,CLASSIC,BANK OF BEIRUT SAL,,,LB,LBN,LEBANON,bankofbeirut.com,https://commons.wikimedia.org/wiki/File:Bank_of_Beirut_logo.svg
416953,VISA,DEBIT,ELECTRON,BANK OF JORDAN,+96265696277,http://www.bankofjordan.com,PS,PSE,"PALESTINIAN TERRITORY, OCCUPIED",bankofjordan.com,https://commons.wikimedia.org/wiki/File:Bank_of_Jordan_logo.svg
416954,VISA,DEBIT,PREPAID CLASSIC,EMIRATES NBD BANK (P.J.S.C.),+971800456,http://www.emiratesnbd.com,AE,ARE,UNITED ARAB EMIRATES,emiratesnbd.com,https://commons.wikimedia.org/wiki/File:Emirates_NBD_logo.svg
416964,VISA,CREDIT,PLATINUM,MASHREQBANK,,http://www.mashreqbank.com,EG,EGY,EGYPT,mashreqbank.com,https://commons.wikimedia.org/wiki/File:Mashreq_bank_logo.svg
416966,VISA,DEBIT,PLATINUM,THE COMMERCIAL BANK OF QATAR (Q.S.C.),,,QA,QAT,QATAR,cbq.qa,https://commons.wikimedia.org/wiki/File:Commercial_Bank_of_Qatar_Logo.svg
416976,VISA,DEBIT,REWARDS,BANK OF BEIRUT SAL,,,LB,LBN,LEBANON,bankofbeirut.com,https://commons.wikimedia.org/wiki/File:Bank_of_Beirut_logo.svg
417020,VISA,DEBIT,CLASSIC,IRAQ NOOR ISLAMIC BANK FOR INVESTMENT AND FINANCE,,,IQ,IRQ,IRAQ,,
417065,VISA,CREDIT,CLASSIC,THE HOUSING BANK FOR TRADE & FINANCE,,,JO,JOR,JORDAN,hbtf.com,https://commons.wikimedia.org/wiki/File:Housing_Bank_for_Trade_and_Finance_logo.svg
417067,VISA,CREDIT,INFINITE,HOUSING BANK FOR TRADE AND FINANCE,(962-6) 5678121 - 5691675,http://www.hbtf.com,JO,JOR,JORDAN,hbtf.com,https://commons.wikimedia.org/wiki/File:Housing_Bank_for_Trade_and_Finance_logo.svg
417075,VISA,CREDIT,CLASSIC,CREDIMAX B.S.C.,,,BH,BHR,BAHRAIN,max.co.il,https://commons.wikimedia.org/wiki/File:Max_It_Finance_logo.svg
417077,VISA,CREDIT,,SOCIETE GENERALE DE BANQUE AU LIBAN S.A.L (SGBL),1274477777,http://www.sgbl.com.lb,LB,LBN,LEBANON,sgbl.com.lb,https://commons.wikimedia.org/wiki/File:SGBL_logo.svg
417078,VISA,DEBIT,ELECTRON,BNP PARIBAS INTERCONTINENTALE,961216140,http://www.bnpparibas.com,LB,LBN,LEBANON,bnpparibas.com,https://img.logo.dev/bnpparibas.com?format=png&size=400
417081,VISA,CREDIT,,ARAB BANK PLC,+961 (7) 751070-2,http://www.arabbank.jo,LB,LBN,LEBANON,arabbank.com,https://commons.wikimedia.org/wiki/File:Arab_Bank_logo.svg
417082,VISA,DEBIT,ELECTRON,CREDIT LIBANAIS S.A.L.,+9611900111,http://www.creditlibanais.com.lb,LB,LBN,LEBANON,creditlibanais.com,https://commons.wikimedia.org/wiki/File:Credit_Libanais_logo.svg
417125,VISA,DEBIT,REWARDS,"JANATA BANK, LTD.",,,AE,ARE,UNITED ARAB EMIRATES,,
417210,VISA,DEBIT,ELECTRON,STANDARD CHARTERED BANK,+971600522288,https://www.sc.com,AE,ARE,UNITED ARAB EMIRATES,sc.com,https://commons.wikimedia.org/wiki/File:Standard_Chartered_(2021).svg
417215,VISA,CREDIT,CLASSIC,ARAB FINANCIAL SERVICES COMPANY,,,BH,BHR,BAHRAIN,afs.com.bh,https://img.logo.dev/afs.com.bh?format=png&size=400
417216,VISA,CREDIT,GOLD,ARAB FINANCIAL SERVICES COMPANY,,,BH,BHR,BAHRAIN,afs.com.bh,https://img.logo.dev/afs.com.bh?format=png&size=400
417245,VISA,CREDIT,CLASSIC,"OMAN ARAB BANK, SAOC",,,OM,OMN,OMAN,oman-arabbank.com,https://commons.wikimedia.org/wiki/File:Oman_Arab_Bank_logo.svg
417246,VISA,CREDIT,INFINITE,MASRAF AL RAYAN,+97444253333,http://www.alrayan.com,QA,QAT,QATAR,alrayan.com,https://commons.wikimedia.org/wiki/File:Masraf_Al_Rayan_logo.svg
417255,VISA,CREDIT,BUSINESS SIGNATURE,CREDIT LIBANAIS S.A.L.,+9611900111,http://www.creditlibanais.com.lb,LB,LBN,LEBANON,creditlibanais.com,https://commons.wikimedia.org/wiki/File:Credit_Libanais_logo.svg
417278,VISA,DEBIT,PREPAID ELECTRON,STANDARD CHARTERED BANK,+971600522288,https://www.sc.com,AE,ARE,UNITED ARAB EMIRATES,sc.com,https://commons.wikimedia.org/wiki/File:Standard_Chartered_(2021).svg
417285,VISA,CREDIT,CLASSIC,MASHREQBANK,+97444083111,http://www.mashreqbank.com,QA,QAT,QATAR,mashreqbank.com,https://commons.wikimedia.org/wiki/File:Mashreq_bank_logo.svg
417286,VISA,CREDIT,PLATINUM,MASHREQBANK,+97444083111,http://www.mashreqbank.com,QA,QAT,QATAR,mashreqbank.com,https://commons.wikimedia.org/wiki/File:Mashreq_bank_logo.svg
417319,VISA,DEBIT,ELECTRON,COMMERCIAL BANK OF SYRIA,,http://www.bankaudisyria.com,SY,SYR,SYRIAN ARAB REPUBLIC,cbs-bank.sy,https://img.logo.dev/cbs-bank.sy?format=png&size=400
417321,VISA,CREDIT,CLASSIC,AL RAJHI BANKING AND INVESTMENT CORP.,4433 92 000 + 966 OR 33 334 601 +966,http://www.alrajhibank.com.sa,SA,SAU,SAUDI ARABIA,alrajhibank.com.sa,https://commons.wikimedia.org/wiki/File:Al_Rajhi_Bank_Logo.svg
417323,VISA,CREDIT,PLATINUM,AL RAJHI BANKING AND INVESTMENT CORP.,4433 92 000 + 966 OR 33 334 601 +966,http://www.alrajhibank.com.sa,SA,SAU,SAUDI ARABIA,alrajhibank.com.sa,https://commons.wikimedia.org/wiki/File:Al_Rajhi_Bank_Logo.svg
417326,VISA,CREDIT,CLASSIC,FIRST ABU DHABI BANK (PJSC),,,EG,EGY,EGYPT,bankfab.com,https://commons.wikimedia.org/wiki/File:First_Abu_Dhabi_Bank_Logo.svg
417327,VISA,CREDIT,GOLD,FIRST ABU DHABI BANK (PJSC),,,EG,EGY,EGYPT,bankfab.com,https://commons.wikimedia.org/wiki/File:First_Abu_Dhabi_Bank_Logo.svg
417328,VISA,CREDIT,PLATINUM,FIRST ABU DHABI BANK (PJSC),,,EG,EGY,EGYPT,bankfab.com,https://commons.wikimedia.org/wiki/File:First_Abu_Dhabi_Bank_Logo.svg
417329,VISA,DEBIT,PLATINUM,FIRST ABU DHABI BANK (PJSC),,,EG,EGY,EGYPT,bankfab.com,https://commons.wikimedia.org/wiki/File:First_Abu_Dhabi_Bank_Logo.svg
417330,VISA,DEBIT,INFINITE,BANK OF ALEXANDRIA,1 9 0 3 3 OR (02) 3938623 - 3913822 - 3916796,http://www.alexbank.com,EG,EGY,EGYPT,alexbank.com,https://commons.wikimedia.org/wiki/File:Alexbank_logo.svg
417340,VISA,CREDIT,SIGNATURE,EMIRATES NBD BANK (P.J.S.C.),+971800456,http://www.emiratesnbd.com,AE,ARE,UNITED ARAB EMIRATES,emiratesnbd.com,https://commons.wikimedia.org/wiki/File:Emirates_NBD_logo.svg
417344,VISA,CREDIT,,BANK AUDI S.A.L. - AUDI SARADAR GROUP,,,LB,LBN,LEBANON,bankaudigroup.com,https://commons.wikimedia.org/wiki/File:Bank_Audi_logo.svg
417346,VISA,CREDIT,REWARDS,BARRAQ FINANCE COMPANY,,,SA,SAU,SAUDI ARABIA,barraq.com,https://img.logo.dev/barraq.com?format=png&size=400
417347,VISA,CREDIT,PLATINUM,BARRAQ FINANCE COMPANY,,,SA,SAU,SAUDI ARABIA,barraq.com,https://img.logo.dev/barraq.com?format=png&size=400
417350,VISA,CREDIT,GOLD,BANKMED SAL,,,LB,LBN,LEBANON,bankmed.com.lb,https://commons.wikimedia.org/wiki/File:BankMed_logo.svg
417391,VISA,DEBIT,CLASSIC,QATAR INTERNATIONAL ISLAMIC BANK,,http://www.qiib.com.qa,QA,QAT,QATAR,qiib.com.qa,https://commons.wikimedia.org/wiki/File:QIIB_logo.svg
417439,VISA,CREDIT,CORPORATE T&E,BANK OF ALEXANDRIA,1 9 0 3 3 OR (02) 3938623 - 3913822 - 3916796,http://www.alexbank.com,EG,EGY,EGYPT,alexbank.com,https://commons.wikimedia.org/wiki/File:Alexbank_logo.svg
417447,VISA,DEBIT,PREPAID CLASSIC,EGYPTIAN NATIONAL POST ORGANISATION,44 (0)207 582 5220,http://www.balancingact-africa.com,EG,EGY,EGYPT,balancingact-africa.com,https://img.logo.dev/balancingact-africa.com?format=png&size=400
417448,VISA,DEBIT,CLASSIC,MASHREQBANK,,http://www.mashreqbank.com,EG,EGY,EGYPT,mashreqbank.com,https://commons.wikimedia.org/wiki/File:Mashreq_bank_logo.svg
417469,VISA,DEBIT,ELECTRON,ARAB BANK PLC,4600900,http://www.arabbank.jo,JO,JOR,JORDAN,arabbank.com,https://commons.wikimedia.org/wiki/File:Arab_Bank_logo.svg
417471,VISA,DEBIT,PREPAID CLASSIC,ARAB BANK PLC,+20 2 19100,http://www.arabbank.jo,EG,EGY,EGYPT,arabbank.com,https://commons.wikimedia.org/wiki/File:Arab_Bank_logo.svg
417485,VISA,CREDIT,,COMMERCIAL BANK OF QATAR LTD. (Q.S.C.),,,QA,QAT,QATAR,cbq.qa,https://commons.wikimedia.org/wiki/File:Commercial_Bank_of_Qatar_Logo.svg
417486,VISA,CREDIT,PLATINUM,CREDIT LIBANAIS S.A.L.,+9611900111,http://www.creditlibanais.com.lb,LB,LBN,LEBANON,creditlibanais.com,https://commons.wikimedia.org/wiki/File:Credit_Libanais_logo.svg
417487,VISA,CREDIT,CLASSIC,NATIONAL COMMERCIAL BANK,96626464060,,SA,SAU,SAUDI ARABIA,alahli.com,https://commons.wikimedia.org/wiki/File:Saudi_National_Bank_Logo.svg
417490,VISA,CREDIT,PLATINUM,NATIONAL COMMERCIAL BANK,96626464060,,SA,SAU,SAUDI ARABIA,alahli.com,https://commons.wikimedia.org/wiki/File:Saudi_National_Bank_Logo.svg
417579,VISA,DEBIT,SIGNATURE BUSINESS,FIRST IRAQI ISLAMIC BANK FOR INVESTMENT AND FINANCE,,,IQ,IRQ,IRAQ,,
417610,VISA,CREDIT,GOLD,BANKMUSCAT (SAOG),,,OM,OMN,OMAN,bankmuscat.com,https://commons.wikimedia.org/wiki/File:Bank_Muscat_logo.svg
417611,VISA,CREDIT,PLATINUM,STANDARD CHARTERED BANK,+96824773535,https://www.sc.com,OM,OMN,OMAN,sc.com,https://commons.wikimedia.org/wiki/File:Standard_Chartered_(2021).svg
417612,VISA,CREDIT,GOLD,STANDARD CHARTERED BANK,+96824773535,https://www.sc.com,OM,OMN,OMAN,sc.com,https://commons.wikimedia.org/wiki/File:Standard_Chartered_(2021).svg
417622,VISA,CREDIT,PLATINUM,MASHREQBANK,+97143632250,http://www.mashreqbank.com,AE,ARE,UNITED ARAB EMIRATES,mashreqbank.com,https://commons.wikimedia.org/wiki/File:Mashreq_bank_logo.svg
417633,VISA,DEBIT,ELECTRON,AL BILAD BANK,9662918884,http://www.bankalbilad.com,SA,SAU,SAUDI ARABIA,bankalbilad.com,https://commons.wikimedia.org/wiki/File:Bank_Albilad_Logo.svg
417652,VISA,CREDIT,CLASSIC,FIRST ABU DHABI BANK (PJSC),,,OM,OMN,OMAN,bankfab.com,https://commons.wikimedia.org/wiki/File:First_Abu_Dhabi_Bank_Logo.svg
417653,VISA,CREDIT,GOLD,FIRST ABU DHABI BANK (PJSC),,,OM,OMN,OMAN,bankfab.com,https://commons.wikimedia.org/wiki/File:First_Abu_Dhabi_Bank_Logo.svg
417672,VISA,CREDIT,,,,,OM,OMN,OMAN,,
417714,VISA,DEBIT,PREPAID CLASSIC,ABU DHABI COMMERCIAL BANK,+97126962222,http://www.adcb.com,AE,ARE,UNITED ARAB EMIRATES,adcb.com,https://commons.wikimedia.org/wiki/File:Abu_Dhabi_Commercial_Bank_Logo.svg
417734,VISA,CREDIT,CLASSIC,CREDIT LIBANAIS S.A.L.,+9611900111,http://www.creditlibanais.com.lb,LB,LBN,LEBANON,creditlibanais.com,https://commons.wikimedia.org/wiki/File:Credit_Libanais_logo.svg
417735,VISA,CREDIT,GOLD,CREDIT LIBANAIS S.A.L.,+9611900111,http://www.creditlibanais.com.lb,LB,LBN,LEBANON,creditlibanais.com,https://commons.wikimedia.org/wiki/File:Credit_Libanais_logo.svg
417763,VISA,DEBIT,REWARDS,IRAQI ISLAMIC BANK FOR INVESTMENT AND DEVELOPMENT,,,IQ,IRQ,IRAQ,,
417765,VISA,DEBIT,CLASSIC,TRADE BANK OF IRAQ,+96415433561,http://www.tbiraq.com,IQ,IRQ,IRAQ,tbi.com.iq,https://commons.wikimedia.org/wiki/File:Trade_Bank_of_Iraq_logo.svg
417768,VISA,CREDIT,,"NATIONAL BANK OF KUWAIT, S.A.K.",+96522422011,http://www.nbk.com,KW,KWT,KUWAIT,nbk.com,https://commons.wikimedia.org/wiki/File:National_Bank_of_Kuwait_logo.svg
417773,VISA,DEBIT,PREPAID PLATINUM,BOUBYAN BANK K.S.C.,,,KW,KWT,KUWAIT,bankboubyan.com,https://commons.wikimedia.org/wiki/File:Boubyan_Bank_logo.svg
417854,VISA,DEBIT,BUSINESS,DUBAI ISLAMIC BANK,,http://www.alislami.ae,AE,ARE,UNITED ARAB EMIRATES,alislami.ae,https://commons.wikimedia.org/wiki/File:Dubai_Islamic_Bank_logo.svg
417892,VISA,DEBIT,PLATINUM,EMIRATES NBD BANK (P.J.S.C.),,http://www.emiratesnbd.com,BH,BHR,BAHRAIN,emiratesnbd.com,https://commons.wikimedia.org/wiki/File:Emirates_NBD_logo.svg
417893,VISA,DEBIT,PLATINUM,EMIRATES NBD BANK (P.J.S.C.),,http://www.emiratesnbd.com,QA,QAT,QATAR,emiratesnbd.com,https://commons.wikimedia.org/wiki/File:Emirates_NBD_logo.svg
417894,VISA,DEBIT,PLATINUM,"UNITED BANK, LTD.",,http://www.ubl.com.pk,AE,ARE,UNITED ARAB EMIRATES,ubl.com.pk,https://img.logo.dev/ubl.com.pk?format=png&size=400
417973,VISA,CREDIT,CLASSIC,BANQUE MISR,+97126273000,http://www.banquemisr.com,AE,ARE,UNITED ARAB EMIRATES,banquemisr.com,https://commons.wikimedia.org/wiki/File:Banque_Misr_logo.svg
417974,VISA,CREDIT,GOLD,BANQUE MISR,+97126273000,http://www.banquemisr.com,AE,ARE,UNITED ARAB EMIRATES,banquemisr.com,https://commons.wikimedia.org/wiki/File:Banque_Misr_logo.svg
417996,VISA,CREDIT,SIGNATURE,INVEST BANK PLC,58 (212) 92 98 31,http://www.investbank.jo,JO,JOR,JORDAN,investbank.jo,https://img.logo.dev/investbank.jo?format=png&size=400
417997,VISA,CREDIT,PLATINUM,NAJM BANK,,,AE,ARE,UNITED ARAB EMIRATES,,
418056,VISA,DEBIT,CLASSIC,BANK OF BAHRAIN & KUWAIT B.S.C.,,,KW,KWT,KUWAIT,bbkonline.com,https://commons.wikimedia.org/wiki/File:BBK_logo.svg
418244,VISA,DEBIT,SIGNATURE,INTERNATIONAL SMART CARD COMPANY,,,IQ,IRQ,IRAQ,qicard.net,https://commons.wikimedia.org/wiki/File:Qi_card_logo.svg
418346,VISA,CREDIT,PLATINUM,AL RAJHI BANKING AND INVESTMENT CORP.,4433 92 000 + 966 OR 33 334 601 +966,http://www.alrajhibank.com.sa,SA,SAU,SAUDI ARABIA,alrajhibank.com.sa,https://commons.wikimedia.org/wiki/File:Al_Rajhi_Bank_Logo.svg
418347,VISA,CREDIT,PLATINUM,AL RAJHI BANKING AND INVESTMENT CORP.,4433 92 000 + 966 OR 33 334 601 +966,http://www.alrajhibank.com.sa,SA,SAU,SAUDI ARABIA,alrajhibank.com.sa,https://commons.wikimedia.org/wiki/File:Al_Rajhi_Bank_Logo.svg
418348,VISA,CREDIT,PLATINUM,HSBC BANK MIDDLE EAST,+97142241000,http://www.hsbc.ae,AE,ARE,UNITED ARAB EMIRATES,hsbc.com,https://commons.wikimedia.org/wiki/File:HSBC_logo_(2018).svg
418349,VISA,CREDIT,PLATINUM,HSBC BANK MIDDLE EAST,+974 4441 6663 A851+A851,http://www.hsbc.ae,QA,QAT,QATAR,hsbc.com,https://commons.wikimedia.org/wiki/File:HSBC_logo_(2018).svg
418356,VISA,CREDIT,PURCHASING,MASHREQBANK,+97143632250,http://www.mashreqbank.com,AE,ARE,UNITED ARAB EMIRATES,mashreqbank.com,https://commons.wikimedia.org/wiki/File:Mashreq_bank_logo.svg
418634,VISA,CREDIT,INFINITE,BANK AL ETIHAD,,,JO,JOR,JORDAN,bankaletihad.com,https://commons.wikimedia.org/wiki/File:Bank_al_Etihad_logo.svg
418638,VISA,CREDIT,INFINITE,BANK AL ETIHAD,,,JO,JOR,JORDAN,bankaletihad.com,https://commons.wikimedia.org/wiki/File:Bank_al_Etihad_logo.svg
418644,VISA,CREDIT,INFINITE,BANK AL ETIHAD,,,JO,JOR,JORDAN,bankaletihad.com,https://commons.wikimedia.org/wiki/File:Bank_al_Etihad_logo.svg
418728,VISA,CREDIT,BUSINESS,ARAB FINANCIAL SERVICES COMPANY,,,BH,BHR,BAHRAIN,afs.com.bh,https://img.logo.dev/afs.com.bh?format=png&size=400
418740,VISA,CREDIT,CLASSIC,BEMO SAUDI FRANSA BANK SARL,,,SY,SYR,SYRIAN ARAB REPUBLIC,bbsfbank.sy,https://img.logo.dev/bbsfbank.sy?format=png&size=400
418741,VISA,CREDIT,GOLD,BEMO SAUDI FRANSA BANK SARL,,,SY,SYR,SYRIAN ARAB REPUBLIC,bbsfbank.sy,https://img.logo.dev/bbsfbank.sy?format=png&size=400
418750,VISA,CREDIT,BUSINESS,STANDARD CHARTERED BANK,+971600522288,https://www.sc.com,AE,ARE,UNITED ARAB EMIRATES,sc.com,https://commons.wikimedia.org/wiki/File:Standard_Chartered_(2021).svg
418763,VISA,CREDIT,PLATINUM,"NATIONAL BANK OF KUWAIT, S.A.K.",(+) 966 2 653-8600,http://www.nbk.com,SA,SAU,SAUDI ARABIA,nbk.com,https://commons.wikimedia.org/wiki/File:National_Bank_of_Kuwait_logo.svg
418764,VISA,CREDIT,SIGNATURE BUSINESS,BARRAQ FINANCE COMPANY,,,SA,SAU,SAUDI ARABIA,barraq.com,https://img.logo.dev/barraq.com?format=png&size=400
418766,VISA,CREDIT,PLATINUM,"NATIONAL BANK OF KUWAIT, S.A.K.",+97317583333,http://www.nbk.com,BH,BHR,BAHRAIN,nbk.com,https://commons.wikimedia.org/wiki/File:National_Bank_of_Kuwait_logo.svg
418767,VISA,DEBIT,CLASSIC,"NATIONAL BANK OF KUWAIT, S.A.K.",+97142929222,http://www.nbk.com,AE,ARE,UNITED ARAB EMIRATES,nbk.com,https://commons.wikimedia.org/wiki/File:National_Bank_of_Kuwait_logo.svg
418768,VISA,CREDIT,PLATINUM,"NATIONAL BANK OF KUWAIT, S.A.K.",+97142929222,http://www.nbk.com,AE,ARE,UNITED ARAB EMIRATES,nbk.com,https://commons.wikimedia.org/wiki/File:National_Bank_of_Kuwait_logo.svg
418804,VISA,CREDIT,,BANQUE LIBANO-FRANCAISE S.A.L.,1272,http://www.eblf.com,LB,LBN,LEBANON,eblf.com,https://img.logo.dev/eblf.com?format=png&size=400
418822,VISA,CREDIT,CLASSIC,BANKMED SAL,,,LB,LBN,LEBANON,bankmed.com.lb,https://commons.wikimedia.org/wiki/File:BankMed_logo.svg
418825,VISA,CREDIT,SIGNATURE,BANKMED SAL,,,LB,LBN,LEBANON,bankmed.com.lb,https://commons.wikimedia.org/wiki/File:BankMed_logo.svg
418828,VISA,DEBIT,PREPAID PLATINUM,BANKMED S.A.L.,+9611708090,http://www.bankmed.com.lb,LB,LBN,LEBANON,bankmed.com.lb,https://commons.wikimedia.org/wiki/File:BankMed_logo.svg
418829,VISA,DEBIT,PREPAID CLASSIC,QATAR NATIONAL BANK S.A.E,,,EG,EGY,EGYPT,qnb.com,https://commons.wikimedia.org/wiki/File:Qatar_National_Bank_Logo.svg
418833,VISA,DEBIT,GOLD,ARAB AFRICAN INTERNATIONAL BANK,+20224886679,http://www.aaib.com,EG,EGY,EGYPT,aaib.com,https://commons.wikimedia.org/wiki/File:Arab_African_International_Bank_Logo.svg
418854,VISA,CREDIT,CLASSIC,ALLIED BANK S.A.L.,,http://www.alliedbank.com.lb,LB,LBN,LEBANON,alliedbank.com.lb,https://img.logo.dev/alliedbank.com.lb?format=png&size=400
418855,VISA,DEBIT,ELECTRON,ALLIED BANK S.A.L.,,http://www.alliedbank.com.lb,LB,LBN,LEBANON,alliedbank.com.lb,https://img.logo.dev/alliedbank.com.lb?format=png&size=400
418856,VISA,CREDIT,PLATINUM,BANKMED SAL,,,LB,LBN,LEBANON,bankmed.com.lb,https://commons.wikimedia.org/wiki/File:BankMed_logo.svg
418886,VISA,DEBIT,ELECTRON,EMIRATES NBD,+971800456,http://www.emiratesnbd.com,AE,ARE,UNITED ARAB EMIRATES,emiratesnbd.com,https://commons.wikimedia.org/wiki/File:Emirates_NBD_logo.svg
418887,VISA,CREDIT,PLATINUM,EMIRATES NBD BANK (P.J.S.C.),+971800456,http://www.emiratesnbd.com,AE,ARE,UNITED ARAB EMIRATES,emiratesnbd.com,https://commons.wikimedia.org/wiki/File:Emirates_NBD_logo.svg
418889,VISA,CREDIT,PLATINUM,EMIRATES NBD BANK (P.J.S.C.),+971800456,http://www.emiratesnbd.com,AE,ARE,UNITED ARAB EMIRATES,emiratesnbd.com,https://commons.wikimedia.org/wiki/File:Emirates_NBD_logo.svg
418899,VISA,DEBIT,CLASSIC,CREDIT LIBANAIS S.A.L.,+9611900111,http://www.creditlibanais.com.lb,LB,LBN,LEBANON,creditlibanais.com,https://commons.wikimedia.org/wiki/File:Credit_Libanais_logo.svg
418964,VISA,CREDIT,CLASSIC,EMIRATES ISLAMIC BANK P.J.S.C.,,,AE,ARE,UNITED ARAB EMIRATES,emiratesislamic.ae,https://commons.wikimedia.org/wiki/File:Emirates_Islamic_logo.svg
418965,VISA,CREDIT,PLATINUM,EMIRATES ISLAMIC BANK P.J.S.C.,,,AE,ARE,UNITED ARAB EMIRATES,emiratesislamic.ae,https://commons.wikimedia.org/wiki/File:Emirates_Islamic_logo.svg
418966,VISA,CREDIT,PLATINUM,EMIRATES ISLAMIC BANK P.J.S.C.,,,AE,ARE,UNITED ARAB EMIRATES,emiratesislamic.ae,https://commons.wikimedia.org/wiki/File:Emirates_Islamic_logo.svg
418967,VISA,CREDIT,SIGNATURE,EMIRATES ISLAMIC BANK P.J.S.C.,,,AE,ARE,UNITED ARAB EMIRATES,emiratesislamic.ae,https://commons.wikimedia.org/wiki/File:Emirates_Islamic_logo.svg
418968,VISA,CREDIT,SIGNATURE,EMIRATES ISLAMIC BANK P.J.S.C.,,,AE,ARE,UNITED ARAB EMIRATES,emiratesislamic.ae,https://commons.wikimedia.org/wiki/File:Emirates_Islamic_logo.svg
418969,VISA,CREDIT,CLASSIC,NATIONAL BANK FOR DEVELOPMENT S.A.E.,,http://www.nbdegypt.com,EG,EGY,EGYPT,nbdegypt.com,https://img.logo.dev/nbdegypt.com?format=png&size=400
418970,VISA,CREDIT,BUSINESS ENHANCED,ARAB AFRICAN INTERNATIONAL BANK,+20224886679,http://www.aaib.com,EG,EGY,EGYPT,aaib.com,https://commons.wikimedia.org/wiki/File:Arab_African_International_Bank_Logo.svg
418971,VISA,DEBIT,ELECTRON,NATIONAL BANK FOR DEVELOPMENT S.A.E.,,http://www.nbdegypt.com,EG,EGY,EGYPT,nbdegypt.com,https://img.logo.dev/nbdegypt.com?format=png&size=400
418972,VISA,DEBIT,,NATIONAL BANK FOR DEVELOPMENT S.A.E.,,http://www.nbdegypt.com,EG,EGY,EGYPT,nbdegypt.com,https://img.logo.dev/nbdegypt.com?format=png&size=400
418988,VISA,CREDIT,CLASSIC,BANQUE MISR,+20223912150,http://www.banquemisr.com,EG,EGY,EGYPT,banquemisr.com,https://commons.wikimedia.org/wiki/File:Banque_Misr_logo.svg
419088,VISA,DEBIT,CLASSIC,STANDARD CHARTERED BANK,(704) 888-5984,https://www.sc.com,JO,JOR,JORDAN,sc.com,https://commons.wikimedia.org/wiki/File:Standard_Chartered_(2021).svg
419170,VISA,CREDIT,CLASSIC,CREDIT LIBANAIS S.A.L.,00961-1-900 111,http://www.creditlibanais.com.lb,BH,BHR,BAHRAIN,creditlibanais.com,https://commons.wikimedia.org/wiki/File:Credit_Libanais_logo.svg
419171,VISA,CREDIT,GOLD,CREDIT LIBANAIS S.A.L.,00961-1-900 111,http://www.creditlibanais.com.lb,BH,BHR,BAHRAIN,creditlibanais.com,https://commons.wikimedia.org/wiki/File:Credit_Libanais_logo.svg
419233,VISA,CREDIT,CLASSIC,AL HILAL BANK P.J.S.C.,+97124994460,http://www.alhilalonline.ae,AE,ARE,UNITED ARAB EMIRATES,alhilalbank.ae,https://commons.wikimedia.org/wiki/File:Al_Hilal_Bank_logo.svg
419234,VISA,CREDIT,GOLD,AL HILAL BANK P.J.S.C.,+97124994460,http://www.alhilalonline.ae,AE,ARE,UNITED ARAB EMIRATES,alhilalbank.ae,https://commons.wikimedia.org/wiki/File:Al_Hilal_Bank_logo.svg
419236,VISA,DEBIT,CLASSIC,AL HILAL BANK P.J.S.C.,+97124994460,http://www.alhilalonline.ae,AE,ARE,UNITED ARAB EMIRATES,alhilalbank.ae,https://commons.wikimedia.org/wiki/File:Al_Hilal_Bank_logo.svg
419241,VISA,CREDIT,CLASSIC,AHLI BANK (S.A.O.G),,,OM,OMN,OMAN,ahlibank.om,https://img.logo.dev/ahlibank.om?format=png&size=400
419242,VISA,CREDIT,GOLD,AHLI BANK (S.A.O.G),,,OM,OMN,OMAN,ahlibank.om,https://img.logo.dev/ahlibank.om?format=png&size=400
419243,VISA,CREDIT,PLATINUM,AHLI BANK (S.A.O.G),,,OM,OMN,OMAN,ahlibank.om,https://img.logo.dev/ahlibank.om?format=png&size=400
419244,VISA,DEBIT,CLASSIC,AHLI BANK (S.A.O.G),,,OM,OMN,OMAN,ahlibank.om,https://img.logo.dev/ahlibank.om?format=png&size=400
419249,VISA,CREDIT,CLASSIC,"DOHA BANK, LTD.",,,KW,KWT,KUWAIT,dohabank.com,https://commons.wikimedia.org/wiki/File:Doha_Bank_logo.svg
419250,VISA,CREDIT,GOLD,DOHA BANK Q.S.C.,44456000,http://www.dohabank.com.qa,KW,KWT,KUWAIT,dohabank.com,https://commons.wikimedia.org/wiki/File:Doha_Bank_logo.svg
419251,VISA,CREDIT,PLATINUM,"DOHA BANK, LTD.",,,KW,KWT,KUWAIT,dohabank.com,https://commons.wikimedia.org/wiki/File:Doha_Bank_logo.svg
419252,VISA,DEBIT,CLASSIC,"DOHA BANK, LTD.",,,KW,KWT,KUWAIT,dohabank.com,https://commons.wikimedia.org/wiki/File:Doha_Bank_logo.svg
419265,VISA,CREDIT,CLASSIC,"MAX IT FINANCE, LTD.",,,IL,ISR,ISRAEL,max.co.il,https://commons.wikimedia.org/wiki/File:Max_It_Finance_logo.svg
419266,VISA,CREDIT,GOLD,"MAX IT FINANCE, LTD.",,,IL,ISR,ISRAEL,max.co.il,https://commons.wikimedia.org/wiki/File:Max_It_Finance_logo.svg
419267,VISA,CREDIT,BUSINESS,"MAX IT FINANCE, LTD.",,,IL,ISR,ISRAEL,max.co.il,https://commons.wikimedia.org/wiki/File:Max_It_Finance_logo.svg
419268,VISA,CREDIT,PLATINUM,"MAX IT FINANCE, LTD.",,,IL,ISR,ISRAEL,max.co.il,https://commons.wikimedia.org/wiki/File:Max_It_Finance_logo.svg
419284,VISA,CREDIT,,BANQUE MISR,+97126273000,http://www.banquemisr.com,AE,ARE,UNITED ARAB EMIRATES,banquemisr.com,https://commons.wikimedia.org/wiki/File:Banque_Misr_logo.svg
419285,VISA,CREDIT,REWARDS,BANK NXT,,,EG,EGY,EGYPT,,
419286,VISA,DEBIT,CLASSIC,MASHREQBANK,,http://www.mashreqbank.com,EG,EGY,EGYPT,mashreqbank.com,https://commons.wikimedia.org/wiki/File:Mashreq_bank_logo.svg
419287,VISA,DEBIT,GOLD,MASHREQBANK,,http://www.mashreqbank.com,EG,EGY,EGYPT,mashreqbank.com,https://commons.wikimedia.org/wiki/File:Mashreq_bank_logo.svg
419288,VISA,DEBIT,,MASHREQBANK,,http://www.mashreqbank.com,EG,EGY,EGYPT,mashreqbank.com,https://commons.wikimedia.org/wiki/File:Mashreq_bank_logo.svg
419291,VISA,DEBIT,CLASSIC,AHLI BANK (S.A.O.G),,,OM,OMN,OMAN,ahlibank.om,https://img.logo.dev/ahlibank.om?format=png&size=400
419461,VISA,CREDIT,CLASSIC,AL RAJHI BANKING AND INVESTMENT CORP.,4433 92 000 + 966 OR 33 334 601 +966,http://www.alrajhibank.com.sa,SA,SAU,SAUDI ARABIA,alrajhibank.com.sa,https://commons.wikimedia.org/wiki/File:Al_Rajhi_Bank_Logo.svg
419516,VISA,DEBIT,GOLD,BYBLOS BANK SAL,,,LB,LBN,LEBANON,byblosbank.com,https://commons.wikimedia.org/wiki/File:Byblos_Bank_logo.svg
419517,VISA,DEBIT,PLATINUM,BYBLOS BANK SAL,,,LB,LBN,LEBANON,byblosbank.com,https://commons.wikimedia.org/wiki/File:Byblos_Bank_logo.svg
419518,VISA,DEBIT,CLASSIC,BYBLOS BANK SAL,,,LB,LBN,LEBANON,byblosbank.com,https://commons.wikimedia.org/wiki/File:Byblos_Bank_logo.svg
419557,VISA,DEBIT,CLASSIC,AL-QABEDH ISLAMIC BANK FOR FINANCE & INVESTMENT,,,IQ,IRQ,IRAQ,abe.com.eg,https://img.logo.dev/abe.com.eg?format=png&size=400
419586,VISA,CREDIT,CLASSIC,INTERNATIONAL BANK OF QATAR QSC,+97444478000,http://www.ibq.com.qa,QA,QAT,QATAR,ibq.com.qa,https://img.logo.dev/ibq.com.qa?format=png&size=400
419587,VISA,CREDIT,,INTERNATIONAL BANK OF QATAR QSC,+97444478000,http://www.ibq.com.qa,QA,QAT,QATAR,ibq.com.qa,https://img.logo.dev/ibq.com.qa?format=png&size=400
419593,VISA,DEBIT,PLATINUM,GIB-SA,,,SA,SAU,SAUDI ARABIA,gib.com,https://commons.wikimedia.org/wiki/File:Gulf_International_Bank_Logo.svg
419595,VISA,CREDIT,PLATINUM,AHLI BANK (S.A.O.G),,,OM,OMN,OMAN,ahlibank.om,https://img.logo.dev/ahlibank.om?format=png&size=400
419596,VISA,CREDIT,SIGNATURE,AHLI BANK (S.A.O.G),,,OM,OMN,OMAN,ahlibank.om,https://img.logo.dev/ahlibank.om?format=png&size=400
419647,VISA,DEBIT,CLASSIC,HSBC BANK MIDDLE EAST,+97142241000,http://www.hsbc.ae,AE,ARE,UNITED ARAB EMIRATES,hsbc.com,https://commons.wikimedia.org/wiki/File:HSBC_logo_(2018).svg
419648,VISA,DEBIT,PLATINUM,HSBC BANK MIDDLE EAST,+97142241000,http://www.hsbc.ae,AE,ARE,UNITED ARAB EMIRATES,hsbc.com,https://commons.wikimedia.org/wiki/File:HSBC_logo_(2018).svg
419649,VISA,DEBIT,PLATINUM,HSBC BANK MIDDLE EAST,+97142241000,http://www.hsbc.ae,AE,ARE,UNITED ARAB EMIRATES,hsbc.com,https://commons.wikimedia.org/wiki/File:HSBC_logo_(2018).svg
419754,VISA,DEBIT,GOLD,AHLI UNITED BANK - EGYPT,+20225801200,http://www.ahliunited.com,EG,EGY,EGYPT,ahliunited.com,https://commons.wikimedia.org/wiki/File:Ahli_United_Bank_logo.svg
419755,VISA,DEBIT,,AHLI UNITED BANK - EGYPT,+20225801200,http://www.ahliunited.com,EG,EGY,EGYPT,ahliunited.com,https://commons.wikimedia.org/wiki/File:Ahli_United_Bank_logo.svg
419763,VISA,DEBIT,PREPAID CLASSIC,EGYPTIAN NATIONAL POST ORGANISATION,44 (0)207 582 5220,http://www.balancingact-africa.com,EG,EGY,EGYPT,balancingact-africa.com,https://img.logo.dev/balancingact-africa.com?format=png&size=400
419767,VISA,DEBIT,PREPAID CLASSIC,UAE EXCHANGE CENTRE LLC,+97142617575,http://www.uaeexchange.com,AE,ARE,UNITED ARAB EMIRATES,uaeexchange.com,https://img.logo.dev/uaeexchange.com?format=png&size=400
419797,VISA,DEBIT,INFINITE,MASHREQBANK,+97143632250,http://www.mashreqbank.com,AE,ARE,UNITED ARAB EMIRATES,mashreqbank.com,https://commons.wikimedia.org/wiki/File:Mashreq_bank_logo.svg
419864,VISA,CREDIT,PLATINUM,MASHREQBANK,+97143632250,http://www.mashreqbank.com,AE,ARE,UNITED ARAB EMIRATES,mashreqbank.com,https://commons.wikimedia.org/wiki/File:Mashreq_bank_logo.svg
419865,VISA,CREDIT,PLATINUM,MASHREQBANK,+97143632250,http://www.mashreqbank.com,AE,ARE,UNITED ARAB EMIRATES,mashreqbank.com,https://commons.wikimedia.org/wiki/File:Mashreq_bank_logo.svg
419867,VISA,CREDIT,PLATINUM,MASHREQBANK,+97143632250,http://www.mashreqbank.com,AE,ARE,UNITED ARAB EMIRATES,mashreqbank.com,https://commons.wikimedia.org/wiki/File:Mashreq_bank_logo.svg
419868,VISA,CREDIT,SIGNATURE,MASHREQBANK,+97143632250,http://www.mashreqbank.com,AE,ARE,UNITED ARAB EMIRATES,mashreqbank.com,https://commons.wikimedia.org/wiki/File:Mashreq_bank_logo.svg
419869,VISA,CREDIT,INFINITE,MASHREQBANK,+97143632250,http://www.mashreqbank.com,AE,ARE,UNITED ARAB EMIRATES,mashreqbank.com,https://commons.wikimedia.org/wiki/File:Mashreq_bank_logo.svg
419951,VISA,DEBIT,PREPAID CLASSIC,MIDBANK S.A.E,,,EG,EGY,EGYPT,midbank.com.eg,https://img.logo.dev/midbank.com.eg?format=png&size=400
419991,VISA,CREDIT,CLASSIC,NATIONAL COMMERCIAL BANK,96626464060,,SA,SAU,SAUDI ARABIA,alahli.com,https://commons.wikimedia.org/wiki/File:Saudi_National_Bank_Logo.svg
420132,VISA,DEBIT,PREPAID CLASSIC,STC BANK,,,SA,SAU,SAUDI ARABIA,stcbank.com.sa,https://commons.wikimedia.org/wiki/File:Stc_pay_logo.svg
420177,VISA,CREDIT,SIGNATURE,ARAB NATIONAL BANK,,,SA,SAU,SAUDI ARABIA,anb.com.sa,https://commons.wikimedia.org/wiki/File:Anb_new_logo.svg
420179,VISA,CREDIT,PLATINUM,AL SALAM BANK,,,BH,BHR,BAHRAIN,alsalambank.com,https://commons.wikimedia.org/wiki/File:Al_Salam_Bank_logo.svg
420186,VISA,CREDIT,SIGNATURE BUSINESS,EMIRATES NBD BANK (P.J.S.C.),+971800456,http://www.emiratesnbd.com,AE,ARE,UNITED ARAB EMIRATES,emiratesnbd.com,https://commons.wikimedia.org/wiki/File:Emirates_NBD_logo.svg
420209,VISA,DEBIT,PREPAID,EMIRATES NBD BANK (P.J.S.C.),+971800456,http://www.emiratesnbd.com,AE,ARE,UNITED ARAB EMIRATES,emiratesnbd.com,https://commons.wikimedia.org/wiki/File:Emirates_NBD_logo.svg
420230,VISA,DEBIT,PREPAID PRIVATE LABEL STANDARD,COMMERCIAL BANK OF DUBAI,+97126268400,http://www.cbd.ae,AE,ARE,UNITED ARAB EMIRATES,cbd.ae,https://commons.wikimedia.org/wiki/File:Commercial_Bank_of_Dubai_logo.svg
420283,VISA,CREDIT,PLATINUM,BANK AUDI SAL,,,LB,LBN,LEBANON,bankaudigroup.com,https://commons.wikimedia.org/wiki/File:Bank_Audi_logo.svg
420336,VISA,DEBIT,PLATINUM,CAPITAL BANK OF JORDAN PLC. CO.,,,JO,JOR,JORDAN,bankofjordan.com,https://commons.wikimedia.org/wiki/File:Bank_of_Jordan_logo.svg
420372,VISA,CREDIT,CLASSIC,BARWA BANK,+97444088888,http://www.barwa.com.qa,QA,QAT,QATAR,dukhanbank.com,https://commons.wikimedia.org/wiki/File:Dukhan_Bank_logo.svg
420373,VISA,CREDIT,GOLD,DUKHAN BANK,,,QA,QAT,QATAR,dukhanbank.com,https://commons.wikimedia.org/wiki/File:Dukhan_Bank_logo.svg
420374,VISA,CREDIT,PLATINUM,DUKHAN BANK,,,QA,QAT,QATAR,dukhanbank.com,https://commons.wikimedia.org/wiki/File:Dukhan_Bank_logo.svg
420375,VISA,DEBIT,PLATINUM,DUKHAN BANK,,,QA,QAT,QATAR,dukhanbank.com,https://commons.wikimedia.org/wiki/File:Dukhan_Bank_logo.svg
420444,VISA,DEBIT,GOLD,CREDIT AGRICOLE EGYPT S.A.E.,+20952381002,http://www.ca-egypt.com,EG,EGY,EGYPT,ca-egypt.com,https://commons.wikimedia.org/wiki/File:Cr%C3%A9dit_Agricole.svg
420460,VISA,CREDIT,PLATINUM,BANKMUSCAT (SAOG),,,OM,OMN,OMAN,bankmuscat.com,https://commons.wikimedia.org/wiki/File:Bank_Muscat_logo.svg
420583,VISA,CREDIT,PLATINUM,ABU DHABI COMMERCIAL BANK,+97126962222,http://www.adcb.com,AE,ARE,UNITED ARAB EMIRATES,adcb.com,https://commons.wikimedia.org/wiki/File:Abu_Dhabi_Commercial_Bank_Logo.svg
420585,VISA,DEBIT,CLASSIC,BANQUE MISR,+20223912150,http://www.banquemisr.com,EG,EGY,EGYPT,banquemisr.com,https://commons.wikimedia.org/wiki/File:Banque_Misr_logo.svg
420598,VISA,DEBIT,PLATINUM,BANQUE MISR,+20223912150,http://www.banquemisr.com,EG,EGY,EGYPT,banquemisr.com,https://commons.wikimedia.org/wiki/File:Banque_Misr_logo.svg
420647,VISA,CREDIT,INFINITE,FIRST IRAQI ISLAMIC BANK FOR INVESTMENT AND FINANCE,,,IQ,IRQ,IRAQ,,
420729,VISA,CREDIT,,ARAB BANKING CORPORATION (JORDAN),,http://www.arabbanking.com,JO,JOR,JORDAN,arabbanking.com,https://img.logo.dev/arabbanking.com?format=png&size=400
420793,VISA,DEBIT,PLATINUM,NATIONAL BANK OF IRAQ,,,IQ,IRQ,IRAQ,nbi.iq,https://commons.wikimedia.org/wiki/File:National_Bank_of_Iraq_logo.svg
421044,VISA,CREDIT,INFINITE,BYBLOS BANK SAL,,,LB,LBN,LEBANON,byblosbank.com,https://commons.wikimedia.org/wiki/File:Byblos_Bank_logo.svg
421051,VISA,CREDIT,,BANK AL JAZIRA,(966) 2 609 8888,http://www.baj.com.sa,SA,SAU,SAUDI ARABIA,baj.com.sa,https://commons.wikimedia.org/wiki/File:Aljazira_Bank_Logo.svg
421107,VISA,CREDIT,,KUWAIT FINANCE HOUSE,+9651803333,http://www.kfh.com,KW,KWT,KUWAIT,financehouse.ae,https://img.logo.dev/financehouse.ae?format=png&size=400
421119,VISA,CREDIT,,FRANSABANK S.A.L.,+9611340180,http://www.fransabank.com,LB,LBN,LEBANON,fransabank.com,https://commons.wikimedia.org/wiki/File:Fransabank_logo.svg
421141,VISA,DEBIT,INFINITE,BANQUE SAUDI FRANSI,966 1 289 9999 OR 966 1 874 4000,http://www.alfransi.com.sa,SA,SAU,SAUDI ARABIA,alfransi.com.sa,https://commons.wikimedia.org/wiki/File:Banque_Saudi_Fransi_Logo.svg
421172,VISA,CREDIT,CLASSIC,FIRST ABU DHABI BANK (PJSC),,,AE,ARE,UNITED ARAB EMIRATES,bankfab.com,https://commons.wikimedia.org/wiki/File:First_Abu_Dhabi_Bank_Logo.svg
421173,VISA,CREDIT,GOLD,FIRST ABU DHABI BANK (PJSC),,,AE,ARE,UNITED ARAB EMIRATES,bankfab.com,https://commons.wikimedia.org/wiki/File:First_Abu_Dhabi_Bank_Logo.svg
421192,VISA,CREDIT,BUSINESS,QATAR NATIONAL BANK S.A.E,,,EG,EGY,EGYPT,qnb.com,https://commons.wikimedia.org/wiki/File:Qatar_National_Bank_Logo.svg
421308,VISA,DEBIT,CLASSIC,TRANS IRAQ BANK COMPANY FOR INVESTMENT (PRIVATE SHAREHOLDING COMPANY,,,IQ,IRQ,IRAQ,,
421360,VISA,DEBIT,CLASSIC,NATIONAL BANK OF OMAN LIMITED (S.A.O.G.),,,OM,OMN,OMAN,nbo.om,https://commons.wikimedia.org/wiki/File:National_Bank_of_Oman_logo.svg
421396,VISA,CREDIT,ULTRA HIGH NET WORTH,EMIRATES NBD BANK (P.J.S.C.),+971800456,http://www.emiratesnbd.com,AE,ARE,UNITED ARAB EMIRATES,emiratesnbd.com,https://commons.wikimedia.org/wiki/File:Emirates_NBD_logo.svg
421428,VISA,DEBIT,CLASSIC,"CITIBANK, NATIONAL ASSOCIATION",,,AE,ARE,UNITED ARAB EMIRATES,citibank.com,https://commons.wikimedia.org/wiki/File:Citibank.svg
421429,VISA,DEBIT,GOLD,"CITIBANK, NATIONAL ASSOCIATION",,,AE,ARE,UNITED ARAB EMIRATES,citibank.com,https://commons.wikimedia.org/wiki/File:Citibank.svg
421478,VISA,DEBIT,PLATINUM,NATIONAL BANK OF OMAN LIMITED (S.A.O.G.),,,OM,OMN,OMAN,nbo.om,https://commons.wikimedia.org/wiki/File:National_Bank_of_Oman_logo.svg
421489,VISA,DEBIT,GOLD,FIRST ABU DHABI BANK PJSC,+971600525500,https://www.bankfab.com,AE,ARE,UNITED ARAB EMIRATES,bankfab.com,https://commons.wikimedia.org/wiki/File:First_Abu_Dhabi_Bank_Logo.svg
421536,VISA,DEBIT,CLASSIC,MASHREQ BANK,+97143632250,http://www.mashreqbank.com,AE,ARE,UNITED ARAB EMIRATES,mashreqbank.com,https://commons.wikimedia.org/wiki/File:Mashreq_bank_logo.svg
421537,VISA,DEBIT,CLASSIC,MASHREQBANK,+97444083111,http://www.mashreqbank.com,QA,QAT,QATAR,mashreqbank.com,https://commons.wikimedia.org/wiki/File:Mashreq_bank_logo.svg
421540,VISA,CREDIT,SIGNATURE,BANK AL ATIHAD,,,JO,JOR,JORDAN,,
421557,VISA,CREDIT,PLATINUM,,,,AE,ARE,UNITED ARAB EMIRATES,,
421594,VISA,DEBIT,PREPAID,MADFOOATCOM FOR EPAYMENTS,,,JO,JOR,JORDAN,,
421602,VISA,DEBIT,INFINITE,QATAR INTERNATIONAL ISLAMIC BANK,,http://www.qiib.com.qa,QA,QAT,QATAR,qiib.com.qa,https://commons.wikimedia.org/wiki/File:QIIB_logo.svg
421605,VISA,DEBIT,PURCHASING,QATAR NATIONAL BANK S.A.E,,,EG,EGY,EGYPT,qnb.com,https://commons.wikimedia.org/wiki/File:Qatar_National_Bank_Logo.svg
421612,VISA,DEBIT,CLASSIC,CITIBANK,+97317582484,https://www.citi.com.cn,BH,BHR,BAHRAIN,citibank.com,https://commons.wikimedia.org/wiki/File:Citibank.svg
421613,VISA,DEBIT,GOLD,CITIBANK,+97317582484,https://www.citi.com.cn,BH,BHR,BAHRAIN,citibank.com,https://commons.wikimedia.org/wiki/File:Citibank.svg
421635,VISA,DEBIT,CLASSIC,"ICICI BANK, LTD.",+97380004877,http://www.icicibank.com,BH,BHR,BAHRAIN,icicibank.com,https://img.logo.dev/icicibank.com?format=png&size=400
421887,VISA,CREDIT,CLASSIC,JORDAN KUWAIT BANK,,http://www.jordan-kuwait-bank.com,JO,JOR,JORDAN,jkb.com,https://commons.wikimedia.org/wiki/File:Jordan_Kuwait_Bank_logo.svg
421888,VISA,DEBIT,PREPAID CLASSIC,CAPITAL BANK OF JORDAN PLC. CO.,,,JO,JOR,JORDAN,bankofjordan.com,https://commons.wikimedia.org/wiki/File:Bank_of_Jordan_logo.svg
421889,VISA,DEBIT,SIGNATURE,CAPITAL BANK OF JORDAN PLC. CO.,,,JO,JOR,JORDAN,bankofjordan.com,https://commons.wikimedia.org/wiki/File:Bank_of_Jordan_logo.svg
421890,VISA,DEBIT,GOLD,JORDAN KUWAIT BANK,,http://www.jordan-kuwait-bank.com,JO,JOR,JORDAN,jkb.com,https://commons.wikimedia.org/wiki/File:Jordan_Kuwait_Bank_logo.svg
421908,VISA,DEBIT,GOLD,MASHREQBANK,+97143632250,http://www.mashreqbank.com,AE,ARE,UNITED ARAB EMIRATES,mashreqbank.com,https://commons.wikimedia.org/wiki/File:Mashreq_bank_logo.svg
421910,VISA,CREDIT,CORPORATE T&E,"ISRACARD, LTD.",,,IL,ISR,ISRAEL,isracard.co.il,https://commons.wikimedia.org/wiki/File:Isracard_logo.svg
421911,VISA,CREDIT,CLASSIC,"ISRACARD, LTD.",,,IL,ISR,ISRAEL,isracard.co.il,https://commons.wikimedia.org/wiki/File:Isracard_logo.svg
421912,VISA,DEBIT,PREPAID,BANK LEUMI LE-ISRAEL BM,,,IL,ISR,ISRAEL,leumi.co.il,https://commons.wikimedia.org/wiki/File:Bank_Leumi_Logo.svg
421913,VISA,CREDIT,PLATINUM,BANK LEUMI LE-ISRAEL B.M.,+97239544555,http://english.leumi.co.il,IL,ISR,ISRAEL,leumi.co.il,https://commons.wikimedia.org/wiki/File:Bank_Leumi_Logo.svg
421914,VISA,DEBIT,CLASSIC,"ISRACARD, LTD.",,,IL,ISR,ISRAEL,isracard.co.il,https://commons.wikimedia.org/wiki/File:Isracard_logo.svg
421915,VISA,CREDIT,PLATINUM,"MAX IT FINANCE, LTD.",,,IL,ISR,ISRAEL,max.co.il,https://commons.wikimedia.org/wiki/File:Max_It_Finance_logo.svg
421929,VISA,CREDIT,PLATINUM,CREDIT AGRICOLE EGYPT S.A.E.,+20952381002,http://www.ca-egypt.com,EG,EGY,EGYPT,ca-egypt.com,https://commons.wikimedia.org/wiki/File:Cr%C3%A9dit_Agricole.svg
421970,VISA,CREDIT,SIGNATURE,BANK AUDI SAL,,,LB,LBN,LEBANON,bankaudigroup.com,https://commons.wikimedia.org/wiki/File:Bank_Audi_logo.svg
422032,VISA,CREDIT,CLASSIC,NETWORK INTERNATIONAL LLC,,,AE,ARE,UNITED ARAB EMIRATES,network.ae,https://img.logo.dev/network.ae?format=png&size=400
422033,VISA,CREDIT,CLASSIC,NETWORK INTERNATIONAL LLC,,,AE,ARE,UNITED ARAB EMIRATES,network.ae,https://img.logo.dev/network.ae?format=png&size=400
422034,VISA,CREDIT,GOLD,NETWORK INTERNATIONAL LLC,,,AE,ARE,UNITED ARAB EMIRATES,network.ae,https://img.logo.dev/network.ae?format=png&size=400
422035,VISA,CREDIT,GOLD,NETWORK INTERNATIONAL LLC,,,AE,ARE,UNITED ARAB EMIRATES,network.ae,https://img.logo.dev/network.ae?format=png&size=400
422056,VISA,CREDIT,PLATINUM,GULF BANK K.S.C.,1.800.223.2060,http://www.gulfbank.com,KW,KWT,KUWAIT,e-gulfbank.com,https://commons.wikimedia.org/wiki/File:Gulf_Bank_Kuwait_logo.svg
422113,VISA,DEBIT,PREPAID PLATINUM,BOUBYAN BANK K.S.C.,,,KW,KWT,KUWAIT,bankboubyan.com,https://commons.wikimedia.org/wiki/File:Boubyan_Bank_logo.svg
422114,VISA,CREDIT,PLATINUM,BOUBYAN BANK K.S.C.,,,KW,KWT,KUWAIT,bankboubyan.com,https://commons.wikimedia.org/wiki/File:Boubyan_Bank_logo.svg
422121,VISA,DEBIT,CLASSIC,CREDIT LIBANAIS,,,BH,BHR,BAHRAIN,creditlibanais.com,https://commons.wikimedia.org/wiki/File:Credit_Libanais_logo.svg
422147,VISA,CREDIT,CLASSIC,JORDAN AHLI BANK,+96265007777,http://www.ahli.com,JO,JOR,JORDAN,ahlibank.com.jo,https://commons.wikimedia.org/wiki/File:Jordan_Ahli_Bank_logo.svg
422154,VISA,CREDIT,GOLD,JORDAN AHLI BANK,+96265007777,http://www.ahli.com,JO,JOR,JORDAN,ahlibank.com.jo,https://commons.wikimedia.org/wiki/File:Jordan_Ahli_Bank_logo.svg
422222,VISA,DEBIT,CLASSIC,VISION BANK,,https://www.visionbank.bank,SA,SAU,SAUDI ARABIA,visionbank.com.sa,https://img.logo.dev/visionbank.com.sa?format=png&size=400
422245,VISA,DEBIT,PREPAID,"AL-TABADUL FOR ELECTRONIC PAYMENT AND FINANCIAL TECHNOLOGIES CO., LTD.",,,IQ,IRQ,IRAQ,,
422284,VISA,CREDIT,GOLD,CAPITAL BANK OF JORDAN PLC. CO.,,,JO,JOR,JORDAN,bankofjordan.com,https://commons.wikimedia.org/wiki/File:Bank_of_Jordan_logo.svg
422289,VISA,CREDIT,ULTRA HIGH NET WORTH,CAPITAL BANK OF JORDAN PLC. CO.,,,JO,JOR,JORDAN,bankofjordan.com,https://commons.wikimedia.org/wiki/File:Bank_of_Jordan_logo.svg
422322,VISA,DEBIT,GOLD,BANQUE MISR,+20223912150,http://www.banquemisr.com,EG,EGY,EGYPT,banquemisr.com,https://commons.wikimedia.org/wiki/File:Banque_Misr_logo.svg
422330,VISA,DEBIT,PLATINUM,BANQUE MISR,+20223912150,http://www.banquemisr.com,EG,EGY,EGYPT,banquemisr.com,https://commons.wikimedia.org/wiki/File:Banque_Misr_logo.svg
422333,VISA,CREDIT,INFINITE,,,,LB,LBN,LEBANON,,
422348,VISA,DEBIT,PREPAID,BANQUE MISR,+20223912150,http://www.banquemisr.com,EG,EGY,EGYPT,banquemisr.com,https://commons.wikimedia.org/wiki/File:Banque_Misr_logo.svg
422358,VISA,CREDIT,GOLD,,,,OM,OMN,OMAN,,
422431,VISA,CREDIT,SIGNATURE,BURGAN BANK (S.A.K.),,,KW,KWT,KUWAIT,burgan.com,https://commons.wikimedia.org/wiki/File:Burgan_Bank_logo.svg
422507,VISA,DEBIT,PREPAID CLASSIC,ARAB BANK PLC,+20 2 19100,http://www.arabbank.jo,EG,EGY,EGYPT,arabbank.com,https://commons.wikimedia.org/wiki/File:Arab_Bank_logo.svg
422537,VISA,CREDIT,INFINITE,BANKMUSCAT (SAOG),,,OM,OMN,OMAN,bankmuscat.com,https://commons.wikimedia.org/wiki/File:Bank_Muscat_logo.svg
422596,VISA,CREDIT,BUSINESS,FIRST ABU DHABI BANK (PJSC),,,AE,ARE,UNITED ARAB EMIRATES,bankfab.com,https://commons.wikimedia.org/wiki/File:First_Abu_Dhabi_Bank_Logo.svg
422598,VISA,CREDIT,PLATINUM,MASHREQBANK,+97444083111,http://www.mashreqbank.com,QA,QAT,QATAR,mashreqbank.com,https://commons.wikimedia.org/wiki/File:Mashreq_bank_logo.svg
422610,VISA,DEBIT,CLASSIC,OMAN ARAB BANK SAO,(800) 860-9227,,OM,OMN,OMAN,oman-arabbank.com,https://commons.wikimedia.org/wiki/File:Oman_Arab_Bank_logo.svg
422622,VISA,CREDIT,SIGNATURE,KUWAIT INTERNATIONAL BANK,+9651866866,http://www.kib.com.kw,KW,KWT,KUWAIT,kib.com.kw,https://commons.wikimedia.org/wiki/File:Kuwait_International_Bank_logo.svg
422640,VISA,CREDIT,BUSINESS,ABU DHABI ISLAMIC BANK,+97126100600,http://www.adib.ae,AE,ARE,UNITED ARAB EMIRATES,adib.ae,https://commons.wikimedia.org/wiki/File:Abu_Dhabi_Islamic_Bank_Logo.svg
422681,VISA,DEBIT,BUSINESS,ALIZZ ISLAMIC BANK (S.A.O.C),,,OM,OMN,OMAN,alizzislamic.com,https://img.logo.dev/alizzislamic.com?format=png&size=400
422689,VISA,CREDIT,INFINITE,AL RAJHI BANKING AND INVESTMENT CORP.,4433 92 000 + 966 OR 33 334 601 +966,http://www.alrajhibank.com.sa,SA,SAU,SAUDI ARABIA,alrajhibank.com.sa,https://commons.wikimedia.org/wiki/File:Al_Rajhi_Bank_Logo.svg
422704,VISA,CREDIT,PLATINUM,NATIONAL BANK OF OMAN LIMITED (S.A.O.G.),,,OM,OMN,OMAN,nbo.om,https://commons.wikimedia.org/wiki/File:National_Bank_of_Oman_logo.svg
422742,VISA,DEBIT,PREPAID CLASSIC,QATAR ISLAMIC BANK (S.A.Q.),+97444385555,,QA,QAT,QATAR,qib.com.qa,https://commons.wikimedia.org/wiki/File:Qatar_Islamic_Bank_Logo.svg
422777,VISA,CREDIT,SIGNATURE,NATIONAL BANK OF EGYPT,,http://www.nbe.com.eg,EG,EGY,EGYPT,nbe.com.eg,https://commons.wikimedia.org/wiki/File:National_Bank_of_Egypt_Logo.svg
422791,VISA,DEBIT,PREPAID,CITICORP,,http://www.latam.citibank.com,SA,SAU,SAUDI ARABIA,citibank.com,https://commons.wikimedia.org/wiki/File:Citibank.svg
422801,VISA,CREDIT,PLATINUM,CEMEA REGION,,,AE,ARE,UNITED ARAB EMIRATES,,
422817,VISA,DEBIT,PLATINUM,SAUDI AWWAL BANK,,,SA,SAU,SAUDI ARABIA,sab.com,https://commons.wikimedia.org/wiki/File:Saudi_Awwal_Bank_Logo.svg
422818,VISA,DEBIT,REWARDS,SAUDI AWWAL BANK,,,SA,SAU,SAUDI ARABIA,sab.com,https://commons.wikimedia.org/wiki/File:Saudi_Awwal_Bank_Logo.svg
422819,VISA,DEBIT,REWARDS,SAUDI AWWAL BANK,,,SA,SAU,SAUDI ARABIA,sab.com,https://commons.wikimedia.org/wiki/File:Saudi_Awwal_Bank_Logo.svg
422820,VISA,DEBIT,PLATINUM,BANKMUSCAT (SAOG),,,OM,OMN,OMAN,bankmuscat.com,https://commons.wikimedia.org/wiki/File:Bank_Muscat_logo.svg
422821,VISA,DEBIT,CLASSIC,BANKMUSCAT (SAOG),,,OM,OMN,OMAN,bankmuscat.com,https://commons.wikimedia.org/wiki/File:Bank_Muscat_logo.svg
422822,VISA,DEBIT,CLASSIC,BANKMUSCAT (SAOG),,,OM,OMN,OMAN,bankmuscat.com,https://commons.wikimedia.org/wiki/File:Bank_Muscat_logo.svg
422823,VISA,DEBIT,CLASSIC,BANKMUSCAT (SAOG),,,OM,OMN,OMAN,bankmuscat.com,https://commons.wikimedia.org/wiki/File:Bank_Muscat_logo.svg
422862,VISA,CREDIT,CLASSIC,ARAB NATIONAL BANK,,,SA,SAU,SAUDI ARABIA,anb.com.sa,https://commons.wikimedia.org/wiki/File:Anb_new_logo.svg
422875,VISA,DEBIT,CLASSIC,BANQUE NATIONALE DE PARIS INTERCONTINENTALE,,,LB,LBN,LEBANON,,
422876,VISA,DEBIT,GOLD,BANQUE NATIONALE DE PARIS INTERCONTINENTALE,,,LB,LBN,LEBANON,,
422880,VISA,CREDIT,CLASSIC,"THE UNITED BANK, S.A.E.",,,EG,EGY,EGYPT,,
422881,VISA,CREDIT,PLATINUM,"THE UNITED BANK, S.A.E.",,,EG,EGY,EGYPT,,
422882,VISA,CREDIT,GOLD,"THE UNITED BANK, S.A.E.",,,EG,EGY,EGYPT,,
422883,VISA,DEBIT,CLASSIC,ARAB AFRICAN INTERNATIONAL BANK,+20224886679,http://www.aaib.com,EG,EGY,EGYPT,aaib.com,https://commons.wikimedia.org/wiki/File:Arab_African_International_Bank_Logo.svg
422911,VISA,DEBIT,PREPAID CLASSIC,BANQUE MISR,+20223912150,http://www.banquemisr.com,EG,EGY,EGYPT,banquemisr.com,https://commons.wikimedia.org/wiki/File:Banque_Misr_logo.svg
422914,VISA,CREDIT,PLATINUM,NATIONAL BANK OF OMAN LTD. (S.A.O.G.),,,OM,OMN,OMAN,nbo.om,https://commons.wikimedia.org/wiki/File:National_Bank_of_Oman_logo.svg
422962,VISA,DEBIT,BUSINESS ENHANCED,EGYPTIAN NATIONAL POST ORGANISATION,44 (0)207 582 5220,http://www.balancingact-africa.com,EG,EGY,EGYPT,balancingact-africa.com,https://img.logo.dev/balancingact-africa.com?format=png&size=400
422963,VISA,DEBIT,PLATINUM,EGYPTIAN NATIONAL POST ORGANISATION,44 (0)207 582 5220,http://www.balancingact-africa.com,EG,EGY,EGYPT,balancingact-africa.com,https://img.logo.dev/balancingact-africa.com?format=png&size=400
422977,VISA,CREDIT,INFINITE,HSBC BANK MIDDLE EAST,+97142241000,http://www.hsbc.ae,AE,ARE,UNITED ARAB EMIRATES,hsbc.com,https://commons.wikimedia.org/wiki/File:HSBC_logo_(2018).svg
422979,VISA,CREDIT,CLASSIC,EGYPTIAN GULF BANK,+20233368359,http://www.egbbank.com.eg,EG,EGY,EGYPT,eg-bank.com,https://img.logo.dev/eg-bank.com?format=png&size=400
423042,VISA,DEBIT,,,,,EG,EGY,EGYPT,,
423113,VISA,CREDIT,INFINITE,BANK AL ETIHAD,,,JO,JOR,JORDAN,bankaletihad.com,https://commons.wikimedia.org/wiki/File:Bank_al_Etihad_logo.svg
423117,VISA,DEBIT,CLASSIC,DUBAI ISLAMIC BANK,,http://www.alislami.ae,AE,ARE,UNITED ARAB EMIRATES,alislami.ae,https://commons.wikimedia.org/wiki/File:Dubai_Islamic_Bank_logo.svg
423146,VISA,DEBIT,PREPAID,,,,IQ,IRQ,IRAQ,,
423147,VISA,DEBIT,PREPAID,ISHTAR GATE FOR E-PAYMENT SYSTEMS AND SERVICES (PRIVATE SHAREHOLDING,,,IQ,IRQ,IRAQ,,
423158,VISA,CREDIT,CLASSIC,CAIRO AMMAN BANK,+96265006000 / +96265006000,http://www.cab.jo,JO,JOR,JORDAN,cab.jo,https://commons.wikimedia.org/wiki/File:Cairo_Amman_Bank_logo.svg
423159,VISA,CREDIT,BUSINESS,BANK AL ETIHAD,,,JO,JOR,JORDAN,bankaletihad.com,https://commons.wikimedia.org/wiki/File:Bank_al_Etihad_logo.svg
423189,VISA,CREDIT,PURCHASING,AHLI BANK (S.A.O.G),,,OM,OMN,OMAN,ahlibank.om,https://img.logo.dev/ahlibank.om?format=png&size=400
423195,VISA,CREDIT,SIGNATURE BUSINESS,AHLI BANK (S.A.O.G),,,OM,OMN,OMAN,ahlibank.om,https://img.logo.dev/ahlibank.om?format=png&size=400
423200,VISA,CREDIT,INFINITE,"DOHA BANK, LTD.",,,QA,QAT,QATAR,dohabank.com,https://commons.wikimedia.org/wiki/File:Doha_Bank_logo.svg
423209,VISA,CREDIT,SIGNATURE,"DOHA BANK, LTD.",,,QA,QAT,QATAR,dohabank.com,https://commons.wikimedia.org/wiki/File:Doha_Bank_logo.svg
423211,VISA,CREDIT,PLATINUM,HSBC BANK MIDDLE EAST,+97317569999,http://www.hsbc.ae,BH,BHR,BAHRAIN,hsbc.com,https://commons.wikimedia.org/wiki/File:HSBC_logo_(2018).svg
423219,VISA,CREDIT,INFINITE,AL RAJHI BANKING AND INVESTMENT CORP.,4433 92 000 + 966 OR 33 334 601 +966,http://www.alrajhibank.com.sa,SA,SAU,SAUDI ARABIA,alrajhibank.com.sa,https://commons.wikimedia.org/wiki/File:Al_Rajhi_Bank_Logo.svg
423235,VISA,DEBIT,CLASSIC,EGYPTIAN NATIONAL POST ORGANISATION,44 (0)207 582 5220,http://www.balancingact-africa.com,EG,EGY,EGYPT,balancingact-africa.com,https://img.logo.dev/balancingact-africa.com?format=png&size=400
423249,VISA,DEBIT,PREPAID,BANK OF ALEXANDRIA,1 9 0 3 3 OR (02) 3938623 - 3913822 - 3916796,http://www.alexbank.com,EG,EGY,EGYPT,alexbank.com,https://commons.wikimedia.org/wiki/File:Alexbank_logo.svg
423254,VISA,DEBIT,PREPAID CLASSIC,AL BILAD BANK,9662918884,http://www.bankalbilad.com,SA,SAU,SAUDI ARABIA,bankalbilad.com,https://commons.wikimedia.org/wiki/File:Bank_Albilad_Logo.svg
423265,VISA,CREDIT,PLATINUM,CSCBANK SAL,,,LB,LBN,LEBANON,cscbank.com,https://img.logo.dev/cscbank.com?format=png&size=400
423302,VISA,CREDIT,CLASSIC,CITIBANK,+97143114000,https://www.citi.com.cn,AE,ARE,UNITED ARAB EMIRATES,citibank.com,https://commons.wikimedia.org/wiki/File:Citibank.svg
423303,VISA,CREDIT,GOLD,CITIBANK,+97143114000,https://www.citi.com.cn,AE,ARE,UNITED ARAB EMIRATES,citibank.com,https://commons.wikimedia.org/wiki/File:Citibank.svg
423304,VISA,CREDIT,PLATINUM,QATAR NATIONAL BANK (Q.P.S.C.),,,QA,QAT,QATAR,qnb.com,https://commons.wikimedia.org/wiki/File:Qatar_National_Bank_Logo.svg
423305,VISA,CREDIT,PLATINUM,QATAR NATIONAL BANK (Q.P.S.C.),,,QA,QAT,QATAR,qnb.com,https://commons.wikimedia.org/wiki/File:Qatar_National_Bank_Logo.svg
423328,VISA,DEBIT,PREPAID,BANK DHOFAR (S.A.O.G.),+96824791111 / +96824790466,http://www.bankdhofar.com,OM,OMN,OMAN,bankdhofar.com,https://commons.wikimedia.org/wiki/File:Bank_Dhofar_logo.svg
423352,VISA,DEBIT,PLATINUM,WIO BANK PJSC,,,AE,ARE,UNITED ARAB EMIRATES,wio.io,https://img.logo.dev/wio.io?format=png&size=400
423367,VISA,CREDIT,INFINITE,"CITIBANK, NATIONAL ASSOCIATION",,,AE,ARE,UNITED ARAB EMIRATES,citibank.com,https://commons.wikimedia.org/wiki/File:Citibank.svg
423498,VISA,CREDIT,B2B,INFINIOS FINANCIAL SERVICES B.S.C.(C),,,BH,BHR,BAHRAIN,infinios.com,https://img.logo.dev/infinios.com?format=png&size=400
423684,VISA,DEBIT,REWARDS,FRANSABANK S.A.L.,+9611340180,http://www.fransabank.com,LB,LBN,LEBANON,fransabank.com,https://commons.wikimedia.org/wiki/File:Fransabank_logo.svg
423805,VISA,DEBIT,PREPAID CLASSIC,BANKMED SAL,,,LB,LBN,LEBANON,bankmed.com.lb,https://commons.wikimedia.org/wiki/File:BankMed_logo.svg
423824,VISA,CREDIT,,CREDIMAX B.S.C.,,,BH,BHR,BAHRAIN,max.co.il,https://commons.wikimedia.org/wiki/File:Max_It_Finance_logo.svg
423826,VISA,DEBIT,CLASSIC,ALAHLI BANK OF KUWAIT (K.S.C.),+96524341788,http://www.eahli.com,KW,KWT,KUWAIT,eahli.com,https://commons.wikimedia.org/wiki/File:Al_Ahli_Bank_of_Kuwait_logo.svg
423832,VISA,CREDIT,PLATINUM,BANKMED SAL,,,LB,LBN,LEBANON,bankmed.com.lb,https://commons.wikimedia.org/wiki/File:BankMed_logo.svg
423899,VISA,CREDIT,PLATINUM,BANKMED SAL,,,LB,LBN,LEBANON,bankmed.com.lb,https://commons.wikimedia.org/wiki/File:BankMed_logo.svg
423926,VISA,DEBIT,PLATINUM,MASRAF AL RAYAN,+97444253333,http://www.alrayan.com,QA,QAT,QATAR,alrayan.com,https://commons.wikimedia.org/wiki/File:Masraf_Al_Rayan_logo.svg
423973,VISA,CREDIT,REWARDS,INVEST BANK PLC,58 (212) 92 98 31,http://www.investbank.jo,JO,JOR,JORDAN,investbank.jo,https://img.logo.dev/investbank.jo?format=png&size=400
424012,VISA,CREDIT,SIGNATURE,"DOHA BANK, LTD.",,,QA,QAT,QATAR,dohabank.com,https://commons.wikimedia.org/wiki/File:Doha_Bank_logo.svg
424091,VISA,CREDIT,INFINITE,"DOHA BANK, LTD.",,,QA,QAT,QATAR,dohabank.com,https://commons.wikimedia.org/wiki/File:Doha_Bank_logo.svg
424116,VISA,CREDIT,PLATINUM,INVEST BANK PLC,58 (212) 92 98 31,http://www.investbank.jo,JO,JOR,JORDAN,investbank.jo,https://img.logo.dev/investbank.jo?format=png&size=400
424131,VISA,DEBIT,GIFT,THE COMMERCIAL BANK OF SYRIA,,,SY,SYR,SYRIAN ARAB REPUBLIC,cbs-bank.sy,https://img.logo.dev/cbs-bank.sy?format=png&size=400
424160,VISA,CREDIT,INFINITE,FIRST ABU DHABI BANK (PJSC),,,AE,ARE,UNITED ARAB EMIRATES,bankfab.com,https://commons.wikimedia.org/wiki/File:First_Abu_Dhabi_Bank_Logo.svg
424179,VISA,DEBIT,PREPAID,ARAB PAYMENT SERVICES,,,IQ,IRQ,IRAQ,aps.iq,https://img.logo.dev/aps.iq?format=png&size=400
424209,VISA,DEBIT,INFINITE,INVEST BANK PLC,58 (212) 92 98 31,http://www.investbank.jo,JO,JOR,JORDAN,investbank.jo,https://img.logo.dev/investbank.jo?format=png&size=400
424217,VISA,CREDIT,CLASSIC,INTL HDQTRS-CENTER OWNED,,,JO,JOR,JORDAN,,
424218,VISA,DEBIT,PREPAID ELECTRON,INTL HDQTRS-CENTER OWNED,,,JO,JOR,JORDAN,,
424260,VISA,CREDIT,REWARDS,AL BILAD BANK,9662918884,http://www.bankalbilad.com,SA,SAU,SAUDI ARABIA,bankalbilad.com,https://commons.wikimedia.org/wiki/File:Bank_Albilad_Logo.svg
424261,VISA,CREDIT,GOLD,AL BILAD BANK,9662918884,http://www.bankalbilad.com,SA,SAU,SAUDI ARABIA,bankalbilad.com,https://commons.wikimedia.org/wiki/File:Bank_Albilad_Logo.svg
424262,VISA,CREDIT,PLATINUM,AL BILAD BANK,9662918884,http://www.bankalbilad.com,SA,SAU,SAUDI ARABIA,bankalbilad.com,https://commons.wikimedia.org/wiki/File:Bank_Albilad_Logo.svg
424263,VISA,DEBIT,GOLD,BANQUE MISR,+20223912150,http://www.banquemisr.com,EG,EGY,EGYPT,banquemisr.com,https://commons.wikimedia.org/wiki/File:Banque_Misr_logo.svg
424264,VISA,DEBIT,PREPAID BUSINESS,"THE UNITED BANK, S.A.E.",,,EG,EGY,EGYPT,,
424286,VISA,CREDIT,SIGNATURE,FIRST ABU DHABI BANK (PJSC),,,AE,ARE,UNITED ARAB EMIRATES,bankfab.com,https://commons.wikimedia.org/wiki/File:First_Abu_Dhabi_Bank_Logo.svg
424287,VISA,CREDIT,REWARDS,FIRST ABU DHABI BANK (PJSC),,,AE,ARE,UNITED ARAB EMIRATES,bankfab.com,https://commons.wikimedia.org/wiki/File:First_Abu_Dhabi_Bank_Logo.svg
424289,VISA,DEBIT,PREPAID CLASSIC,INTERNATIONAL SMART CARD COMPANY,,,IQ,IRQ,IRAQ,qicard.net,https://commons.wikimedia.org/wiki/File:Qi_card_logo.svg
424330,VISA,CREDIT,PLATINUM,"DOHA BANK, LTD.",,,QA,QAT,QATAR,dohabank.com,https://commons.wikimedia.org/wiki/File:Doha_Bank_logo.svg
424337,VISA,CREDIT,CLASSIC,AHLI UNITED BANK,+9651802000,http://www.ahliunited.com.kw,KW,KWT,KUWAIT,ahliunited.com,https://commons.wikimedia.org/wiki/File:Ahli_United_Bank_logo.svg
424343,VISA,DEBIT,PREPAID CLASSIC,EMIRATES NBD BANK (P.J.S.C.),+971800456,http://www.emiratesnbd.com,AE,ARE,UNITED ARAB EMIRATES,emiratesnbd.com,https://commons.wikimedia.org/wiki/File:Emirates_NBD_logo.svg
424368,VISA,DEBIT,ELECTRON,JORDAN COMMERCIAL BANK,+96265203000,http://www.jcbank.com.jo,JO,JOR,JORDAN,jcbank.com.jo,https://img.logo.dev/jcbank.com.jo?format=png&size=400
424370,VISA,DEBIT,SIGNATURE,KURDISTAN INTERNATIONAL ISLAMIC BANK FOR INVESTMENT AND DEVELOPMENT,,,IQ,IRQ,IRAQ,,
424432,VISA,CREDIT,,NATIONAL BANK OF RAS AL-KHAIMAH,+97172281127,http://www.rakbank.ae,AE,ARE,UNITED ARAB EMIRATES,rakbank.ae,https://commons.wikimedia.org/wiki/File:Rakbank_logo.svg
424434,VISA,CREDIT,CLASSIC,BANK OF JORDAN,+96265696277,http://www.bankofjordan.com,PS,PSE,"PALESTINIAN TERRITORY, OCCUPIED",bankofjordan.com,https://commons.wikimedia.org/wiki/File:Bank_of_Jordan_logo.svg
424435,VISA,CREDIT,GOLD,BANK OF JORDAN,+96265696277,http://www.bankofjordan.com,PS,PSE,"PALESTINIAN TERRITORY, OCCUPIED",bankofjordan.com,https://commons.wikimedia.org/wiki/File:Bank_of_Jordan_logo.svg
424454,VISA,DEBIT,ELECTRON,ISLAMIC INTERNATIONAL ARAB BANK PLC,+96226506999,http://www.iiabank.com.jo,JO,JOR,JORDAN,arabbank.com,https://commons.wikimedia.org/wiki/File:Arab_Bank_logo.svg
424478,VISA,CREDIT,CLASSIC,FRANSABANK S.A.L.,+9611340180,http://www.fransabank.com,LB,LBN,LEBANON,fransabank.com,https://commons.wikimedia.org/wiki/File:Fransabank_logo.svg
424509,VISA,DEBIT,PREPAID CLASSIC,ARAB BANKING CORPORATION (JORDAN),,http://www.arabbanking.com,JO,JOR,JORDAN,arabbanking.com,https://img.logo.dev/arabbanking.com?format=png&size=400
424510,VISA,CREDIT,INFINITE,JORDAN KUWAIT BANK,,http://www.jordan-kuwait-bank.com,JO,JOR,JORDAN,jkb.com,https://commons.wikimedia.org/wiki/File:Jordan_Kuwait_Bank_logo.svg
424534,VISA,DEBIT,CLASSIC,CREDIT LIBANAIS S.A.L.,+9611900111,http://www.creditlibanais.com.lb,LB,LBN,LEBANON,creditlibanais.com,https://commons.wikimedia.org/wiki/File:Credit_Libanais_logo.svg
424565,VISA,DEBIT,CLASSIC,CREDIT LIBANAIS S.A.L.,+9611900111,http://www.creditlibanais.com.lb,LB,LBN,LEBANON,creditlibanais.com,https://commons.wikimedia.org/wiki/File:Credit_Libanais_logo.svg
424626,VISA,CREDIT,,ARAB AFRICAN INTERNATIONAL BANK,+20224886679,http://www.aaib.com,EG,EGY,EGYPT,aaib.com,https://commons.wikimedia.org/wiki/File:Arab_African_International_Bank_Logo.svg
424643,VISA,CREDIT,INFINITE,ARAB BANKING CORPORATION - EGYPT,,http://www.arabbanking.com,EG,EGY,EGYPT,arabbank.com,https://commons.wikimedia.org/wiki/File:Arab_Bank_logo.svg
424852,VISA,CREDIT,,,,,AE,ARE,UNITED ARAB EMIRATES,,
424900,VISA,CREDIT,CLASSIC,THE COMMERCIAL BANK OF QATAR (Q.S.C.),,,QA,QAT,QATAR,cbq.qa,https://commons.wikimedia.org/wiki/File:Commercial_Bank_of_Qatar_Logo.svg
424971,VISA,CREDIT,CLASSIC,HSBC BANK MIDDLE EAST,+97142241000,http://www.hsbc.ae,AE,ARE,UNITED ARAB EMIRATES,hsbc.com,https://commons.wikimedia.org/wiki/File:HSBC_logo_(2018).svg
424984,VISA,CREDIT,REWARDS,DUBAI ISLAMIC BANK,,http://www.alislami.ae,AE,ARE,UNITED ARAB EMIRATES,alislami.ae,https://commons.wikimedia.org/wiki/File:Dubai_Islamic_Bank_logo.svg
424985,VISA,CREDIT,REWARDS,DUBAI ISLAMIC BANK,,http://www.alislami.ae,AE,ARE,UNITED ARAB EMIRATES,alislami.ae,https://commons.wikimedia.org/wiki/File:Dubai_Islamic_Bank_logo.svg
424986,VISA,CREDIT,REWARDS,DUBAI ISLAMIC BANK,,http://www.alislami.ae,AE,ARE,UNITED ARAB EMIRATES,alislami.ae,https://commons.wikimedia.org/wiki/File:Dubai_Islamic_Bank_logo.svg
425179,VISA,DEBIT,REWARDS,BLOM BANK S.A.L.,(961-1) 738938 - 743300 OR (961-1) 372780 - 370830 - 373102,http://www.blom.com.lb,LB,LBN,LEBANON,blom.com.lb,https://commons.wikimedia.org/wiki/File:BLOM_Bank_logo.svg
425194,VISA,DEBIT,REWARDS,FRANSABANK S.A.L.,+9611340180,http://www.fransabank.com,LB,LBN,LEBANON,fransabank.com,https://commons.wikimedia.org/wiki/File:Fransabank_logo.svg
425195,VISA,CREDIT,,FRANSABANK S.A.L.,+9611340180,http://www.fransabank.com,LB,LBN,LEBANON,fransabank.com,https://commons.wikimedia.org/wiki/File:Fransabank_logo.svg
425506,VISA,CREDIT,CLASSIC,ISLAMIC INTERNATIONAL ARAB BANK PLC,+96226506999,http://www.iiabank.com.jo,JO,JOR,JORDAN,arabbank.com,https://commons.wikimedia.org/wiki/File:Arab_Bank_logo.svg
425507,VISA,CREDIT,GOLD,ISLAMIC INTERNATIONAL ARAB BANK PLC,+96226506999,http://www.iiabank.com.jo,JO,JOR,JORDAN,arabbank.com,https://commons.wikimedia.org/wiki/File:Arab_Bank_logo.svg
425508,VISA,DEBIT,CLASSIC,IRAQI MIDDLE EAST INVESTMENT BANK,,,IQ,IRQ,IRAQ,meb.iq,https://img.logo.dev/meb.iq?format=png&size=400
425537,VISA,DEBIT,PREPAID PLATINUM,FIRST ABU DHABI BANK (PJSC),,,AE,ARE,UNITED ARAB EMIRATES,bankfab.com,https://commons.wikimedia.org/wiki/File:First_Abu_Dhabi_Bank_Logo.svg
425568,VISA,CREDIT,CLASSIC,TRADE BANK OF IRAQ,+96415433561,http://www.tbiraq.com,IQ,IRQ,IRAQ,tbi.com.iq,https://commons.wikimedia.org/wiki/File:Trade_Bank_of_Iraq_logo.svg
425569,VISA,DEBIT,CLASSIC,TRADE BANK OF IRAQ,+96415433561,http://www.tbiraq.com,IQ,IRQ,IRAQ,tbi.com.iq,https://commons.wikimedia.org/wiki/File:Trade_Bank_of_Iraq_logo.svg
425681,VISA,CREDIT,,BLOM BANK S.A.L.,(961-1) 738938 - 743300 OR (961-1) 372780 - 370830 - 373102,http://www.blom.com.lb,LB,LBN,LEBANON,blom.com.lb,https://commons.wikimedia.org/wiki/File:BLOM_Bank_logo.svg
425687,VISA,CREDIT,PLATINUM,THE HOUSING BANK FOR TRADE & FINANCE,,,JO,JOR,JORDAN,hbtf.com,https://commons.wikimedia.org/wiki/File:Housing_Bank_for_Trade_and_Finance_logo.svg
425697,VISA,CREDIT,INFINITE,BANK AL ETIHAD,,,JO,JOR,JORDAN,bankaletihad.com,https://commons.wikimedia.org/wiki/File:Bank_al_Etihad_logo.svg
425727,VISA,DEBIT,CLASSIC,"ISRACARD, LTD.",,,IL,ISR,ISRAEL,isracard.co.il,https://commons.wikimedia.org/wiki/File:Isracard_logo.svg
425750,VISA,DEBIT,CLASSIC,MASHREQBANK,+97143632250,http://www.mashreqbank.com,AE,ARE,UNITED ARAB EMIRATES,mashreqbank.com,https://commons.wikimedia.org/wiki/File:Mashreq_bank_logo.svg
425851,VISA,CREDIT,INFINITE,STANDARD CHARTERED BANK OMAN,,,OM,OMN,OMAN,sc.com,https://commons.wikimedia.org/wiki/File:Standard_Chartered_(2021).svg
425859,VISA,CREDIT,INFINITE,THE NATIONAL BANK OF UMM AL-QAIWAIN PSC.,,,AE,ARE,UNITED ARAB EMIRATES,nbq.ae,https://commons.wikimedia.org/wiki/File:National_Bank_of_Umm_Al_Qaiwain_logo.svg
425869,VISA,CREDIT,PLATINUM,MASRAF AL RAYAN,+97444253333,http://www.alrayan.com,QA,QAT,QATAR,alrayan.com,https://commons.wikimedia.org/wiki/File:Masraf_Al_Rayan_logo.svg
425871,VISA,CREDIT,PLATINUM,BANQUE SAUDI FRANSI,966 1 289 9999 OR 966 1 874 4000,http://www.alfransi.com.sa,SA,SAU,SAUDI ARABIA,alfransi.com.sa,https://commons.wikimedia.org/wiki/File:Banque_Saudi_Fransi_Logo.svg
425873,VISA,CREDIT,INFINITE,THE COMMERCIAL BANK OF KUWAIT S.A.K.,,,KW,KWT,KUWAIT,cbk.com,https://commons.wikimedia.org/wiki/File:Commercial_Bank_of_Kuwait_logo.svg
425875,VISA,CREDIT,INFINITE,AM BANK S.A.L.,,,LB,LBN,LEBANON,ambank.com.lb,https://img.logo.dev/ambank.com.lb?format=png&size=400
425878,VISA,CREDIT,INFINITE,"COMMERCIAL BANK OF DUBAI, LTD.",,,AE,ARE,UNITED ARAB EMIRATES,cbd.ae,https://commons.wikimedia.org/wiki/File:Commercial_Bank_of_Dubai_logo.svg
425886,VISA,CREDIT,INFINITE,DUKHAN BANK,,,QA,QAT,QATAR,dukhanbank.com,https://commons.wikimedia.org/wiki/File:Dukhan_Bank_logo.svg
425893,VISA,DEBIT,INFINITE/PLATINUM,ABU DHABI ISLAMIC BANK,+97126100600,http://www.adib.ae,AE,ARE,UNITED ARAB EMIRATES,adib.ae,https://commons.wikimedia.org/wiki/File:Abu_Dhabi_Islamic_Bank_Logo.svg
425896,VISA,CREDIT,SIGNATURE BUSINESS,ALINMA BANK,,,SA,SAU,SAUDI ARABIA,alinma.com,https://commons.wikimedia.org/wiki/File:Alinma_Bank_logo.svg
425971,VISA,CREDIT,INFINITE,ABU DHABI ISLAMIC BANK,+97126100600,http://www.adib.ae,AE,ARE,UNITED ARAB EMIRATES,adib.ae,https://commons.wikimedia.org/wiki/File:Abu_Dhabi_Islamic_Bank_Logo.svg
425972,VISA,CREDIT,SIGNATURE,ABU DHABI ISLAMIC BANK,+97126100600,http://www.adib.ae,AE,ARE,UNITED ARAB EMIRATES,adib.ae,https://commons.wikimedia.org/wiki/File:Abu_Dhabi_Islamic_Bank_Logo.svg
426058,VISA,DEBIT,CLASSIC,BOUBYAN BANK K.S.C.,,,KW,KWT,KUWAIT,bankboubyan.com,https://commons.wikimedia.org/wiki/File:Boubyan_Bank_logo.svg
426060,VISA,CREDIT,,JORDAN COMMERCIAL BANK,+96265203000,http://www.jcbank.com.jo,JO,JOR,JORDAN,jcbank.com.jo,https://img.logo.dev/jcbank.com.jo?format=png&size=400
426083,VISA,CREDIT,SIGNATURE,"NATIONAL BANK OF KUWAIT, S.A.K.",+96522422011,http://www.nbk.com,KW,KWT,KUWAIT,nbk.com,https://commons.wikimedia.org/wiki/File:National_Bank_of_Kuwait_logo.svg
426103,VISA,CREDIT,REWARDS,DUBAI ISLAMIC BANK,,http://www.alislami.ae,AE,ARE,UNITED ARAB EMIRATES,alislami.ae,https://commons.wikimedia.org/wiki/File:Dubai_Islamic_Bank_logo.svg
426104,VISA,CREDIT,REWARDS,DUBAI ISLAMIC BANK,,http://www.alislami.ae,AE,ARE,UNITED ARAB EMIRATES,alislami.ae,https://commons.wikimedia.org/wiki/File:Dubai_Islamic_Bank_logo.svg
426105,VISA,CREDIT,PLATINUM,DUBAI ISLAMIC BANK,,http://www.alislami.ae,AE,ARE,UNITED ARAB EMIRATES,alislami.ae,https://commons.wikimedia.org/wiki/File:Dubai_Islamic_Bank_logo.svg
426106,VISA,CREDIT,SIGNATURE,DUBAI ISLAMIC BANK,,http://www.alislami.ae,AE,ARE,UNITED ARAB EMIRATES,alislami.ae,https://commons.wikimedia.org/wiki/File:Dubai_Islamic_Bank_logo.svg
426107,VISA,CREDIT,INFINITE,DUBAI ISLAMIC BANK,,http://www.alislami.ae,AE,ARE,UNITED ARAB EMIRATES,alislami.ae,https://commons.wikimedia.org/wiki/File:Dubai_Islamic_Bank_logo.svg
426112,VISA,CREDIT,CLASSIC,BANKMUSCAT (SAOG),,,OM,OMN,OMAN,bankmuscat.com,https://commons.wikimedia.org/wiki/File:Bank_Muscat_logo.svg
426227,VISA,CREDIT,CLASSIC,ARAB FINANCIAL SERVICES COMPANY,,,BH,BHR,BAHRAIN,afs.com.bh,https://img.logo.dev/afs.com.bh?format=png&size=400
426228,VISA,CREDIT,GOLD,AL-SALAM BANK - BAHRAIN B.S.C.,,,BH,BHR,BAHRAIN,alsalambank.com,https://commons.wikimedia.org/wiki/File:Al_Salam_Bank_logo.svg
426309,VISA,DEBIT,ELECTRON,FAISAL ISLAMIC BANK OF EGYPT,267-580-0230,http://www.faisalbank.com.eg,EG,EGY,EGYPT,faisalbank.com.eg,https://commons.wikimedia.org/wiki/File:Faisal_Islamic_Bank_of_Egypt_logo.svg
426315,VISA,CREDIT,CLASSIC,CITIBANK,+97143114000,https://www.citi.com.cn,AE,ARE,UNITED ARAB EMIRATES,citibank.com,https://commons.wikimedia.org/wiki/File:Citibank.svg
426316,VISA,CREDIT,GOLD,CITIBANK,+97143114000,https://www.citi.com.cn,AE,ARE,UNITED ARAB EMIRATES,citibank.com,https://commons.wikimedia.org/wiki/File:Citibank.svg
426317,VISA,DEBIT,ELECTRON,BANQUE MISR,+20223912150,http://www.banquemisr.com,EG,EGY,EGYPT,banquemisr.com,https://commons.wikimedia.org/wiki/File:Banque_Misr_logo.svg
426336,VISA,DEBIT,PLATINUM,PROVISIONAL BID - MISR DIGITAL INNOVATION,,,EG,EGY,EGYPT,,
426337,VISA,CREDIT,GOLD,CSCBANK S.A.L.,+9611871245,http://www.ccm.com.lb,LB,LBN,LEBANON,cscbank.com,https://img.logo.dev/cscbank.com?format=png&size=400
426355,VISA,CREDIT,PLATINUM,HSBC BANK - EGYPT SAE,+20235359100,http://www.hsbc.com.eg,EG,EGY,EGYPT,hsbc.com,https://commons.wikimedia.org/wiki/File:HSBC_logo_(2018).svg
426356,VISA,CREDIT,PLATINUM,HSBC BANK - EGYPT SAE,+20235359100,http://www.hsbc.com.eg,EG,EGY,EGYPT,hsbc.com,https://commons.wikimedia.org/wiki/File:HSBC_logo_(2018).svg
426362,VISA,CREDIT,ULTRA HIGH NET WORTH,AL RAJHI BANKING AND INVESTMENT CORP.,4433 92 000 + 966 OR 33 334 601 +966,http://www.alrajhibank.com.sa,SA,SAU,SAUDI ARABIA,alrajhibank.com.sa,https://commons.wikimedia.org/wiki/File:Al_Rajhi_Bank_Logo.svg
426371,VISA,DEBIT,PLATINUM,AHLI BANK (S.A.O.G),,,OM,OMN,OMAN,ahlibank.om,https://img.logo.dev/ahlibank.om?format=png&size=400
426372,VISA,DEBIT,SIGNATURE,AHLI BANK (S.A.O.G),,,OM,OMN,OMAN,ahlibank.om,https://img.logo.dev/ahlibank.om?format=png&size=400
426394,VISA,CREDIT,,HSBC BANK MIDDLE EAST,+9611361365,http://www.hsbc.ae,LB,LBN,LEBANON,hsbc.com,https://commons.wikimedia.org/wiki/File:HSBC_logo_(2018).svg
426445,VISA,CREDIT,INFINITE,NATIONAL BANK OF FUJAIRAH,,,AE,ARE,UNITED ARAB EMIRATES,nbf.ae,https://commons.wikimedia.org/wiki/File:National_Bank_of_Fujairah_logo.svg
426454,VISA,CREDIT,INFINITE,NATIONAL BANK OF FUJAIRAH,,,AE,ARE,UNITED ARAB EMIRATES,nbf.ae,https://commons.wikimedia.org/wiki/File:National_Bank_of_Fujairah_logo.svg
426471,VISA,DEBIT,GOLD,NATIONAL BANK OF EGYPT,,http://www.nbe.com.eg,EG,EGY,EGYPT,nbe.com.eg,https://commons.wikimedia.org/wiki/File:National_Bank_of_Egypt_Logo.svg
426609,VISA,CREDIT,SIGNATURE BUSINESS,EMIRATES ISLAMIC BANK P.J.S.C.,,,AE,ARE,UNITED ARAB EMIRATES,emiratesislamic.ae,https://commons.wikimedia.org/wiki/File:Emirates_Islamic_logo.svg
426610,VISA,CREDIT,SIGNATURE,EMIRATES ISLAMIC BANK P.J.S.C.,,,AE,ARE,UNITED ARAB EMIRATES,emiratesislamic.ae,https://commons.wikimedia.org/wiki/File:Emirates_Islamic_logo.svg
426611,VISA,CREDIT,PLATINUM,EMIRATES ISLAMIC BANK P.J.S.C.,,,AE,ARE,UNITED ARAB EMIRATES,emiratesislamic.ae,https://commons.wikimedia.org/wiki/File:Emirates_Islamic_logo.svg
426612,VISA,CREDIT,SIGNATURE,EMIRATES ISLAMIC BANK P.J.S.C.,,,AE,ARE,UNITED ARAB EMIRATES,emiratesislamic.ae,https://commons.wikimedia.org/wiki/File:Emirates_Islamic_logo.svg
426613,VISA,CREDIT,INFINITE,EMIRATES ISLAMIC BANK P.J.S.C.,,,AE,ARE,UNITED ARAB EMIRATES,emiratesislamic.ae,https://commons.wikimedia.org/wiki/File:Emirates_Islamic_logo.svg
426614,VISA,DEBIT,PREPAID PLATINUM,EMIRATES ISLAMIC BANK P.J.S.C.,,,AE,ARE,UNITED ARAB EMIRATES,emiratesislamic.ae,https://commons.wikimedia.org/wiki/File:Emirates_Islamic_logo.svg
426669,VISA,CREDIT,PLATINUM,BURGAN BANK (S.A.K.),,,KW,KWT,KUWAIT,burgan.com,https://commons.wikimedia.org/wiki/File:Burgan_Bank_logo.svg
426805,VISA,CREDIT,CLASSIC,BYBLOS BANK SAL,,,LB,LBN,LEBANON,byblosbank.com,https://commons.wikimedia.org/wiki/File:Byblos_Bank_logo.svg
426806,VISA,CREDIT,GOLD,BYBLOS BANK - SYRIA,963 11 9292 - 3348240 OR 1 OR 2 OR 3 OR 4,http://www.byblosbank.com,SY,SYR,SYRIAN ARAB REPUBLIC,byblosbank.com,https://commons.wikimedia.org/wiki/File:Byblos_Bank_logo.svg
426822,VISA,CREDIT,CLASSIC,QATAR INTERNATIONAL ISLAMIC BANK,,http://www.qiib.com.qa,QA,QAT,QATAR,qiib.com.qa,https://commons.wikimedia.org/wiki/File:QIIB_logo.svg
426823,VISA,CREDIT,GOLD,QATAR INTERNATIONAL ISLAMIC BANK,,http://www.qiib.com.qa,QA,QAT,QATAR,qiib.com.qa,https://commons.wikimedia.org/wiki/File:QIIB_logo.svg
426824,VISA,CREDIT,PLATINUM,QATAR INTERNATIONAL ISLAMIC BANK,,http://www.qiib.com.qa,QA,QAT,QATAR,qiib.com.qa,https://commons.wikimedia.org/wiki/File:QIIB_logo.svg
426867,VISA,CREDIT,SIGNATURE,CREDIT LIBANAIS S.A.L.,+9611900111,http://www.creditlibanais.com.lb,LB,LBN,LEBANON,creditlibanais.com,https://commons.wikimedia.org/wiki/File:Credit_Libanais_logo.svg
426868,VISA,DEBIT,CLASSIC,CREDIT LIBANAIS S.A.L.,+9611900111,http://www.creditlibanais.com.lb,LB,LBN,LEBANON,creditlibanais.com,https://commons.wikimedia.org/wiki/File:Credit_Libanais_logo.svg
426869,VISA,CREDIT,PLATINUM,CREDIT LIBANAIS S.A.L.,+9611900111,http://www.creditlibanais.com.lb,LB,LBN,LEBANON,creditlibanais.com,https://commons.wikimedia.org/wiki/File:Credit_Libanais_logo.svg
426870,VISA,DEBIT,CLASSIC,CREDIT LIBANAIS S.A.L.,+9611900111,http://www.creditlibanais.com.lb,LB,LBN,LEBANON,creditlibanais.com,https://commons.wikimedia.org/wiki/File:Credit_Libanais_logo.svg
426897,VISA,CREDIT,ULTRA HIGH NET WORTH,ALINMA BANK,,,SA,SAU,SAUDI ARABIA,alinma.com,https://commons.wikimedia.org/wiki/File:Alinma_Bank_logo.svg
427106,VISA,DEBIT,BUSINESS,KUWAIT FINANCE HOUSE,+9651803333,http://www.kfh.com,KW,KWT,KUWAIT,financehouse.ae,https://img.logo.dev/financehouse.ae?format=png&size=400
427200,VISA,CREDIT,,COMMERCIAL BANK OF SYRIA,,http://www.bankaudisyria.com,SY,SYR,SYRIAN ARAB REPUBLIC,cbs-bank.sy,https://img.logo.dev/cbs-bank.sy?format=png&size=400
427222,VISA,CREDIT,SIGNATURE,SAUDI AWWAL BANK,,,SA,SAU,SAUDI ARABIA,sab.com,https://commons.wikimedia.org/wiki/File:Saudi_Awwal_Bank_Logo.svg
427277,VISA,CREDIT,PLATINUM,ABU DHABI COMMERCIAL BANK,+97126962222,http://www.adcb.com,AE,ARE,UNITED ARAB EMIRATES,adcb.com,https://commons.wikimedia.org/wiki/File:Abu_Dhabi_Commercial_Bank_Logo.svg
427290,VISA,DEBIT,PREPAID CLASSIC,INDUSTRIAL BANK,,https://www.cib.com.cn,IQ,IRQ,IRAQ,cib.com.cn,https://img.logo.dev/cib.com.cn?format=png&size=400
427292,VISA,DEBIT,CLASSIC,"TURKIYE IS BANKASI, A.S.",,http://www.isbank.com.tr,IQ,IRQ,IRAQ,isbank.com.tr,https://img.logo.dev/isbank.com.tr?format=png&size=400
427294,VISA,DEBIT,CLASSIC,CAPITAL BANK OF JORDAN PLC. CO.,,,JO,JOR,JORDAN,bankofjordan.com,https://commons.wikimedia.org/wiki/File:Bank_of_Jordan_logo.svg
427299,VISA,DEBIT,SIGNATURE,MASHREQBANK,+97143632250,http://www.mashreqbank.com,AE,ARE,UNITED ARAB EMIRATES,mashreqbank.com,https://commons.wikimedia.org/wiki/File:Mashreq_bank_logo.svg
427733,VISA,CREDIT,PLATINUM,ALAWWAL BANK,,,SA,SAU,SAUDI ARABIA,sab.com,https://commons.wikimedia.org/wiki/File:Saudi_Awwal_Bank_Logo.svg
427739,VISA,CREDIT,PLATINUM,ALAWWAL BANK,,,SA,SAU,SAUDI ARABIA,sab.com,https://commons.wikimedia.org/wiki/File:Saudi_Awwal_Bank_Logo.svg
427740,VISA,DEBIT,SIGNATURE,COMMERCIAL BANK OF DUBAI(PSC),,,AE,ARE,UNITED ARAB EMIRATES,cbd.ae,https://commons.wikimedia.org/wiki/File:Commercial_Bank_of_Dubai_logo.svg
427776,VISA,CREDIT,BUSINESS,"ISRACARD, LTD.",,,IL,ISR,ISRAEL,isracard.co.il,https://commons.wikimedia.org/wiki/File:Isracard_logo.svg
427820,VISA,DEBIT,ELECTRON,AGRICULTURAL BANK OF EGYPT (ABE),,,EG,EGY,EGYPT,abe.com.eg,https://img.logo.dev/abe.com.eg?format=png&size=400
427821,VISA,DEBIT,PREPAID ELECTRON,PRINCIPAL BANK FOR DEVELOPMENT AND AGRICULTURAL CREDIT,2027951229,http://www.pbdac.com.eg,EG,EGY,EGYPT,pbdac.com.eg,https://img.logo.dev/pbdac.com.eg?format=png&size=400
427822,VISA,CREDIT,,PRINCIPAL BANK FOR DEVELOPMENT AND AGRICULTURAL CREDIT,2027951229,http://www.pbdac.com.eg,EG,EGY,EGYPT,pbdac.com.eg,https://img.logo.dev/pbdac.com.eg?format=png&size=400
427837,VISA,CREDIT,GOLD,EMIRATES NATIONAL BANK OF DUBAI S.A.E.,,,EG,EGY,EGYPT,emiratesnbd.com,https://commons.wikimedia.org/wiki/File:Emirates_NBD_logo.svg
427838,VISA,CREDIT,GOLD,EMIRATES NATIONAL BANK OF DUBAI S.A.E.,,,EG,EGY,EGYPT,emiratesnbd.com,https://commons.wikimedia.org/wiki/File:Emirates_NBD_logo.svg
427839,VISA,CREDIT,CORPORATE T&E,EMIRATES NATIONAL BANK OF DUBAI S.A.E.,,,EG,EGY,EGYPT,emiratesnbd.com,https://commons.wikimedia.org/wiki/File:Emirates_NBD_logo.svg
427840,VISA,DEBIT,CORPORATE T&E,EMIRATES NATIONAL BANK OF DUBAI S.A.E.,,,EG,EGY,EGYPT,emiratesnbd.com,https://commons.wikimedia.org/wiki/File:Emirates_NBD_logo.svg
427842,VISA,DEBIT,,,,,EG,EGY,EGYPT,,
427864,VISA,CREDIT,,ARAB BANKING CORPORATION (JORDAN),,http://www.arabbanking.com,JO,JOR,JORDAN,arabbanking.com,https://img.logo.dev/arabbanking.com?format=png&size=400
427866,VISA,CREDIT,CLASSIC,FIRST ABU DHABI BANK PJSC,+971600525500,https://www.bankfab.com,AE,ARE,UNITED ARAB EMIRATES,bankfab.com,https://commons.wikimedia.org/wiki/File:First_Abu_Dhabi_Bank_Logo.svg
427887,VISA,CREDIT,REWARDS,AM BANK S.A.L.,,,LB,LBN,LEBANON,ambank.com.lb,https://img.logo.dev/ambank.com.lb?format=png&size=400
427888,VISA,CREDIT,GOLD,AL-MAWARID BANK S.A.L.,,http://www.almawarid.com,LB,LBN,LEBANON,almawarid.com,https://img.logo.dev/almawarid.com?format=png&size=400
427899,VISA,CREDIT,SIGNATURE,CAPITAL BANK OF JORDAN PLC. CO.,,,JO,JOR,JORDAN,bankofjordan.com,https://commons.wikimedia.org/wiki/File:Bank_of_Jordan_logo.svg
428065,VISA,CREDIT,CLASSIC,EMIRATES ISLAMIC BANK P.J.S.C.,,,AE,ARE,UNITED ARAB EMIRATES,emiratesislamic.ae,https://commons.wikimedia.org/wiki/File:Emirates_Islamic_logo.svg
428066,VISA,CREDIT,GOLD,EMIRATES ISLAMIC BANK P.J.S.C.,,,AE,ARE,UNITED ARAB EMIRATES,emiratesislamic.ae,https://commons.wikimedia.org/wiki/File:Emirates_Islamic_logo.svg
428068,VISA,DEBIT,CLASSIC,D360 BANK,,,SA,SAU,SAUDI ARABIA,d360.com,https://commons.wikimedia.org/wiki/File:D360_Bank.svg
428113,VISA,CREDIT,PLATINUM,AL-SALAM BANK - BAHRAIN B.S.C.,,,BH,BHR,BAHRAIN,alsalambank.com,https://commons.wikimedia.org/wiki/File:Al_Salam_Bank_logo.svg
428114,VISA,CREDIT,PLATINUM,ARAB FINANCIAL SERVICES COMPANY,,,BH,BHR,BAHRAIN,afs.com.bh,https://img.logo.dev/afs.com.bh?format=png&size=400
428115,VISA,DEBIT,ELECTRON,AL SALAM BAHRAIN BANK,,,BH,BHR,BAHRAIN,alsalambank.com,https://commons.wikimedia.org/wiki/File:Al_Salam_Bank_logo.svg
428131,VISA,DEBIT,PREPAID,"DOHA BANK, LTD.",,,QA,QAT,QATAR,dohabank.com,https://commons.wikimedia.org/wiki/File:Doha_Bank_logo.svg
428132,VISA,CREDIT,GOLD,DOHA BANK Q.S.C.,+97444456000,http://www.dohabank.com.qa,QA,QAT,QATAR,dohabank.com,https://commons.wikimedia.org/wiki/File:Doha_Bank_logo.svg
428133,VISA,CREDIT,PLATINUM,DOHA BANK Q.S.C.,+97444456000,http://www.dohabank.com.qa,QA,QAT,QATAR,dohabank.com,https://commons.wikimedia.org/wiki/File:Doha_Bank_logo.svg
428188,VISA,CREDIT,SIGNATURE,ARAB ISLAMIC BANK,,,PS,PSE,"PALESTINIAN TERRITORY, OCCUPIED",aib.ps,https://img.logo.dev/aib.ps?format=png&size=400
428192,VISA,CREDIT,PLATINUM,ARAB ISLAMIC BANK,,,PS,PSE,"PALESTINIAN TERRITORY, OCCUPIED",aib.ps,https://img.logo.dev/aib.ps?format=png&size=400
428226,VISA,DEBIT,CLASSIC,"UNITED BANK, LTD.",,http://www.ubl.com.pk,AE,ARE,UNITED ARAB EMIRATES,ubl.com.pk,https://img.logo.dev/ubl.com.pk?format=png&size=400
428229,VISA,CREDIT,CLASSIC,CREDIT LIBANAIS S.A.L.,+9611900111,http://www.creditlibanais.com.lb,LB,LBN,LEBANON,creditlibanais.com,https://commons.wikimedia.org/wiki/File:Credit_Libanais_logo.svg
428230,VISA,CREDIT,REWARDS,CREDIT LIBANAIS S.A.L.,+9611900111,http://www.creditlibanais.com.lb,LB,LBN,LEBANON,creditlibanais.com,https://commons.wikimedia.org/wiki/File:Credit_Libanais_logo.svg
428231,VISA,CREDIT,PLATINUM,CREDIT LIBANAIS S.A.L.,+9611900111,http://www.creditlibanais.com.lb,LB,LBN,LEBANON,creditlibanais.com,https://commons.wikimedia.org/wiki/File:Credit_Libanais_logo.svg
428236,VISA,CREDIT,,"BANK AUDI SYRIA, S.A.",,,SY,SYR,SYRIAN ARAB REPUBLIC,bankaudigroup.com,https://commons.wikimedia.org/wiki/File:Bank_Audi_logo.svg
428245,VISA,DEBIT,PREPAID CLASSIC,"DOHA BANK, LTD.",,,QA,QAT,QATAR,dohabank.com,https://commons.wikimedia.org/wiki/File:Doha_Bank_logo.svg
428246,VISA,DEBIT,CLASSIC,"DOHA BANK, LTD.",,,QA,QAT,QATAR,dohabank.com,https://commons.wikimedia.org/wiki/File:Doha_Bank_logo.svg
428257,VISA,DEBIT,CLASSIC,ALIZZ ISLAMIC BANK (S.A.O.C),,,OM,OMN,OMAN,alizzislamic.com,https://img.logo.dev/alizzislamic.com?format=png&size=400
428274,VISA,CREDIT,PLATINUM,AL RAJHI BANKING AND INVESTMENT CORP.,4433 92 000 + 966 OR 33 334 601 +966,http://www.alrajhibank.com.sa,SA,SAU,SAUDI ARABIA,alrajhibank.com.sa,https://commons.wikimedia.org/wiki/File:Al_Rajhi_Bank_Logo.svg
428275,VISA,CREDIT,REWARDS,BANQUE SAUDI FRANSI,966 1 289 9999 OR 966 1 874 4000,http://www.alfransi.com.sa,SA,SAU,SAUDI ARABIA,alfransi.com.sa,https://commons.wikimedia.org/wiki/File:Banque_Saudi_Fransi_Logo.svg
428276,VISA,CREDIT,CLASSIC,STANDARD CHARTERED BANK,+971600522288,https://www.sc.com,AE,ARE,UNITED ARAB EMIRATES,sc.com,https://commons.wikimedia.org/wiki/File:Standard_Chartered_(2021).svg
428277,VISA,CREDIT,GOLD,STANDARD CHARTERED BANK,+971600522288,https://www.sc.com,AE,ARE,UNITED ARAB EMIRATES,sc.com,https://commons.wikimedia.org/wiki/File:Standard_Chartered_(2021).svg
428324,VISA,DEBIT,CLASSIC,MASHREQBANK,+97143632250,http://www.mashreqbank.com,AE,ARE,UNITED ARAB EMIRATES,mashreqbank.com,https://commons.wikimedia.org/wiki/File:Mashreq_bank_logo.svg
428327,VISA,DEBIT,CLASSIC,HSBC BANK MIDDLE EAST,+97142241000,http://www.hsbc.ae,AE,ARE,UNITED ARAB EMIRATES,hsbc.com,https://commons.wikimedia.org/wiki/File:HSBC_logo_(2018).svg
428331,VISA,DEBIT,CLASSIC,SAUDI AWWAL BANK,,,SA,SAU,SAUDI ARABIA,sab.com,https://commons.wikimedia.org/wiki/File:Saudi_Awwal_Bank_Logo.svg
428334,VISA,DEBIT,PREPAID CLASSIC,AL BILAD BANK,9662918884,http://www.bankalbilad.com,SA,SAU,SAUDI ARABIA,bankalbilad.com,https://commons.wikimedia.org/wiki/File:Bank_Albilad_Logo.svg
428335,VISA,DEBIT,PREPAID PLATINUM,AL BILAD BANK,9662918884,http://www.bankalbilad.com,SA,SAU,SAUDI ARABIA,bankalbilad.com,https://commons.wikimedia.org/wiki/File:Bank_Albilad_Logo.svg
428345,VISA,DEBIT,ELECTRON,MASHREQ BANK,,http://www.mashreqbank.com,BH,BHR,BAHRAIN,mashreqbank.com,https://commons.wikimedia.org/wiki/File:Mashreq_bank_logo.svg
428374,VISA,CREDIT,REWARDS,BANK AL JAZIRA,(966) 2 609 8888,http://www.baj.com.sa,SA,SAU,SAUDI ARABIA,baj.com.sa,https://commons.wikimedia.org/wiki/File:Aljazira_Bank_Logo.svg
428375,VISA,CREDIT,PLATINUM,BANK AL JAZIRA,(966) 2 609 8888,http://www.baj.com.sa,SA,SAU,SAUDI ARABIA,baj.com.sa,https://commons.wikimedia.org/wiki/File:Aljazira_Bank_Logo.svg
428482,VISA,DEBIT,PREPAID PLATINUM,ARAB BANK PLC,4600900,http://www.arabbank.jo,JO,JOR,JORDAN,arabbank.com,https://commons.wikimedia.org/wiki/File:Arab_Bank_logo.svg
428557,VISA,CREDIT,SIGNATURE,"NATIONAL BANK OF KUWAIT, S.A.K.",+97317583333,http://www.nbk.com,BH,BHR,BAHRAIN,nbk.com,https://commons.wikimedia.org/wiki/File:National_Bank_of_Kuwait_logo.svg
428559,VISA,DEBIT,,BYBLOS BANK S.A.L.,+9611205050,http://www.byblosbank.com,LB,LBN,LEBANON,byblosbank.com,https://commons.wikimedia.org/wiki/File:Byblos_Bank_logo.svg
428570,VISA,CREDIT,CLASSIC,AJMAN BANK (P.J.S.C.),+97167479999,http://www.ajmanbank.ae,AE,ARE,UNITED ARAB EMIRATES,ajmanbank.ae,https://commons.wikimedia.org/wiki/File:Ajman_Bank_logo.svg
428571,VISA,CREDIT,PLATINUM,NETWORK INTERNATIONAL LLC,,,AE,ARE,UNITED ARAB EMIRATES,network.ae,https://img.logo.dev/network.ae?format=png&size=400
428572,VISA,CREDIT,PLATINUM,AJMAN BANK (P.J.S.C.),+97167479999,http://www.ajmanbank.ae,AE,ARE,UNITED ARAB EMIRATES,ajmanbank.ae,https://commons.wikimedia.org/wiki/File:Ajman_Bank_logo.svg
428573,VISA,DEBIT,ELECTRON,AJMAN BANK (P.J.S.C.),+97167479999,http://www.ajmanbank.ae,AE,ARE,UNITED ARAB EMIRATES,ajmanbank.ae,https://commons.wikimedia.org/wiki/File:Ajman_Bank_logo.svg
428628,VISA,DEBIT,PLATINUM,ALAHLI BANK OF KUWAIT (K.S.C.),+96524341788,http://www.eahli.com,KW,KWT,KUWAIT,eahli.com,https://commons.wikimedia.org/wiki/File:Al_Ahli_Bank_of_Kuwait_logo.svg
428631,VISA,CREDIT,,"HABIB BANK, LTD.",+97165686116,http://www.habibbankltd.com,AE,ARE,UNITED ARAB EMIRATES,habibbankltd.com,https://img.logo.dev/habibbankltd.com?format=png&size=400
428648,VISA,DEBIT,PLATINUM,BANK OF SYRIA AND OVERSEAS,+963112260560,http://www.bso.com.sy,SY,SYR,SYRIAN ARAB REPUBLIC,bso.sy,https://img.logo.dev/bso.sy?format=png&size=400
428654,VISA,DEBIT,CLASSIC,MASHREQBANK,+96524954899,http://www.mashreqbank.com,KW,KWT,KUWAIT,mashreqbank.com,https://commons.wikimedia.org/wiki/File:Mashreq_bank_logo.svg
428671,VISA,DEBIT,GOLD,ALINMA BANK,,,SA,SAU,SAUDI ARABIA,alinma.com,https://commons.wikimedia.org/wiki/File:Alinma_Bank_logo.svg
428672,VISA,DEBIT,BUSINESS ENHANCED,ALINMA BANK,,,SA,SAU,SAUDI ARABIA,alinma.com,https://commons.wikimedia.org/wiki/File:Alinma_Bank_logo.svg
428673,VISA,DEBIT,INFINITE,ALINMA BANK,,,SA,SAU,SAUDI ARABIA,alinma.com,https://commons.wikimedia.org/wiki/File:Alinma_Bank_logo.svg
428674,VISA,DEBIT,CLASSIC,CREDIT LIBANAIS S.A.L.,00961-1-900 111,http://www.creditlibanais.com.lb,BH,BHR,BAHRAIN,creditlibanais.com,https://commons.wikimedia.org/wiki/File:Credit_Libanais_logo.svg
428678,VISA,CREDIT,INFINITE,ALINMA BANK,,,SA,SAU,SAUDI ARABIA,alinma.com,https://commons.wikimedia.org/wiki/File:Alinma_Bank_logo.svg
428679,VISA,CREDIT,PLATINUM,ALINMA BANK,,,SA,SAU,SAUDI ARABIA,alinma.com,https://commons.wikimedia.org/wiki/File:Alinma_Bank_logo.svg
428681,VISA,DEBIT,CLASSIC,HSBC BANK MIDDLE EAST,+974 4441 6663 A851+A851,http://www.hsbc.ae,QA,QAT,QATAR,hsbc.com,https://commons.wikimedia.org/wiki/File:HSBC_logo_(2018).svg
428682,VISA,DEBIT,CLASSIC,HSBC BANK MIDDLE EAST,+974 4441 6663 A851+A851,http://www.hsbc.ae,QA,QAT,QATAR,hsbc.com,https://commons.wikimedia.org/wiki/File:HSBC_logo_(2018).svg
428683,VISA,DEBIT,PLATINUM,HSBC BANK MIDDLE EAST,+974 4441 6663 A851+A851,http://www.hsbc.ae,QA,QAT,QATAR,hsbc.com,https://commons.wikimedia.org/wiki/File:HSBC_logo_(2018).svg
428684,VISA,DEBIT,CORPORATE T&E,CQUR BANK LLC,,,QA,QAT,QATAR,,
428685,VISA,DEBIT,PLATINUM,HSBC BANK MIDDLE EAST,+974 4441 6663 A851+A851,http://www.hsbc.ae,QA,QAT,QATAR,hsbc.com,https://commons.wikimedia.org/wiki/File:HSBC_logo_(2018).svg
428686,VISA,DEBIT,PLATINUM,HSBC BANK MIDDLE EAST,+974 4441 6663 A851+A851,http://www.hsbc.ae,QA,QAT,QATAR,hsbc.com,https://commons.wikimedia.org/wiki/File:HSBC_logo_(2018).svg
428687,VISA,DEBIT,CLASSIC,HSBC BANK MIDDLE EAST,+97142241000,http://www.hsbc.ae,AE,ARE,UNITED ARAB EMIRATES,hsbc.com,https://commons.wikimedia.org/wiki/File:HSBC_logo_(2018).svg
428688,VISA,DEBIT,PLATINUM,HSBC BANK MIDDLE EAST,+97142241000,http://www.hsbc.ae,AE,ARE,UNITED ARAB EMIRATES,hsbc.com,https://commons.wikimedia.org/wiki/File:HSBC_logo_(2018).svg
428689,VISA,DEBIT,INFINITE,HSBC BANK MIDDLE EAST,+97142241000,http://www.hsbc.ae,AE,ARE,UNITED ARAB EMIRATES,hsbc.com,https://commons.wikimedia.org/wiki/File:HSBC_logo_(2018).svg
428699,VISA,CREDIT,,AL HILAL BANK P.J.S.C.,+97124994460,http://www.alhilalonline.ae,AE,ARE,UNITED ARAB EMIRATES,alhilalbank.ae,https://commons.wikimedia.org/wiki/File:Al_Hilal_Bank_logo.svg
428745,VISA,CREDIT,PLATINUM,BANK OF BEIRUT SAL,,,LB,LBN,LEBANON,bankofbeirut.com,https://commons.wikimedia.org/wiki/File:Bank_of_Beirut_logo.svg
428926,VISA,DEBIT,PREPAID PLATINUM,BURGAN BANK (S.A.K.),,,KW,KWT,KUWAIT,burgan.com,https://commons.wikimedia.org/wiki/File:Burgan_Bank_logo.svg
428948,VISA,CREDIT,PLATINUM,SHARJAH ISLAMIC BANK,+97165999999,http://www.sib.ae,AE,ARE,UNITED ARAB EMIRATES,sib.ae,https://commons.wikimedia.org/wiki/File:Sharjah_Islamic_Bank_logo.svg
428950,VISA,DEBIT,REWARDS,INVEST BANK PLC,58 (212) 92 98 31,http://www.investbank.jo,JO,JOR,JORDAN,investbank.jo,https://img.logo.dev/investbank.jo?format=png&size=400
428969,VISA,CREDIT,PLATINUM,MASHREQBANK,+97143632250,http://www.mashreqbank.com,AE,ARE,UNITED ARAB EMIRATES,mashreqbank.com,https://commons.wikimedia.org/wiki/File:Mashreq_bank_logo.svg
428973,VISA,CREDIT,INFINITE,RIYAD BANK,,http://www.riyadbank.com,SA,SAU,SAUDI ARABIA,riyadbank.com,https://commons.wikimedia.org/wiki/File:Riyad_Bank_logo.svg
428981,VISA,CREDIT,SIGNATURE,EMIRATES NBD BANK (P.J.S.C.),,http://www.emiratesnbd.com,AE,ARE,UNITED ARAB EMIRATES,emiratesnbd.com,https://commons.wikimedia.org/wiki/File:Emirates_NBD_logo.svg
429004,VISA,CREDIT,INFINITE,GLOBAL DIGITAL FINANCIAL SOLUTIONS CO.,,,SA,SAU,SAUDI ARABIA,,
429011,VISA,CREDIT,CLASSIC,MASHREQBANK,+97143632250,http://www.mashreqbank.com,AE,ARE,UNITED ARAB EMIRATES,mashreqbank.com,https://commons.wikimedia.org/wiki/File:Mashreq_bank_logo.svg
429018,VISA,CREDIT,SIGNATURE,GLOBAL DIGITAL FINANCIAL SOLUTIONS CO.,,,SA,SAU,SAUDI ARABIA,,
429073,VISA,CREDIT,PLATINUM,MASHREQBANK,+97143632250,http://www.mashreqbank.com,AE,ARE,UNITED ARAB EMIRATES,mashreqbank.com,https://commons.wikimedia.org/wiki/File:Mashreq_bank_logo.svg
429079,VISA,DEBIT,PREPAID CLASSIC,THE NATIONAL BANK OF UMM AL-QAIWAIN PSC.,,,AE,ARE,UNITED ARAB EMIRATES,nbq.ae,https://commons.wikimedia.org/wiki/File:National_Bank_of_Umm_Al_Qaiwain_logo.svg
429110,VISA,CREDIT,CLASSIC,BANKMED S.A.L.,+9611708090,http://www.bankmed.com.lb,LB,LBN,LEBANON,bankmed.com.lb,https://commons.wikimedia.org/wiki/File:BankMed_logo.svg
429111,VISA,CREDIT,INFINITE,BANKMED SAL,,,LB,LBN,LEBANON,bankmed.com.lb,https://commons.wikimedia.org/wiki/File:BankMed_logo.svg
429425,VISA,CREDIT,CLASSIC,CSCBANK SAL,,,LB,LBN,LEBANON,cscbank.com,https://img.logo.dev/cscbank.com?format=png&size=400
429427,VISA,CREDIT,GOLD,CSCBANK SAL,,,LB,LBN,LEBANON,cscbank.com,https://img.logo.dev/cscbank.com?format=png&size=400
429520,VISA,CREDIT,PLATINUM,CAPITAL BANK OF JORDAN PLC. CO.,,,JO,JOR,JORDAN,bankofjordan.com,https://commons.wikimedia.org/wiki/File:Bank_of_Jordan_logo.svg
429524,VISA,CREDIT,,BANKMUSCAT LTD. (S.A.O.G.),,,OM,OMN,OMAN,bankmuscat.com,https://commons.wikimedia.org/wiki/File:Bank_Muscat_logo.svg
429559,VISA,CREDIT,CLASSIC,CREDIT LIBANAIS S.A.L.,+9611900111,http://www.creditlibanais.com.lb,LB,LBN,LEBANON,creditlibanais.com,https://commons.wikimedia.org/wiki/File:Credit_Libanais_logo.svg
429588,VISA,DEBIT,INFINITE,MASHREQBANK,+97143632250,http://www.mashreqbank.com,AE,ARE,UNITED ARAB EMIRATES,mashreqbank.com,https://commons.wikimedia.org/wiki/File:Mashreq_bank_logo.svg
429740,VISA,CREDIT,CLASSIC,"NATIONAL BANK OF KUWAIT - EGYPT (NBK), S.A.E.",,,EG,EGY,EGYPT,nbk.com,https://commons.wikimedia.org/wiki/File:National_Bank_of_Kuwait_logo.svg
429741,VISA,CREDIT,GOLD,NATIONAL BANK OF KUWAIT - EGYPT (S.A.E.),19336,https://www.nbk.com,EG,EGY,EGYPT,nbk.com,https://commons.wikimedia.org/wiki/File:National_Bank_of_Kuwait_logo.svg
429742,VISA,DEBIT,CLASSIC,NATIONAL BANK OF KUWAIT - EGYPT (S.A.E.),19336,https://www.nbk.com,EG,EGY,EGYPT,nbk.com,https://commons.wikimedia.org/wiki/File:National_Bank_of_Kuwait_logo.svg
429743,VISA,CREDIT,,NATIONAL BANK OF KUWAIT - EGYPT (S.A.E.),19336,https://www.nbk.com,EG,EGY,EGYPT,nbk.com,https://commons.wikimedia.org/wiki/File:National_Bank_of_Kuwait_logo.svg
429782,VISA,DEBIT,,ABU DHABI COMMERCIAL BANK,+97126962222,http://www.adcb.com,AE,ARE,UNITED ARAB EMIRATES,adcb.com,https://commons.wikimedia.org/wiki/File:Abu_Dhabi_Commercial_Bank_Logo.svg
429786,VISA,CREDIT,PLATINUM,AHLI BANK Q.S.C.,(974) 4232222,http://www.ahlibank.com.qa,QA,QAT,QATAR,ahlibank.com.qa,https://commons.wikimedia.org/wiki/File:Ahlibank_Qatar_logo.svg
429790,VISA,DEBIT,PLATINUM,ALAHLI BANK OF KUWAIT (K.S.C.),,http://www.eahli.com,AE,ARE,UNITED ARAB EMIRATES,eahli.com,https://commons.wikimedia.org/wiki/File:Al_Ahli_Bank_of_Kuwait_logo.svg
429791,VISA,CREDIT,INFINITE,ALAHLI BANK OF KUWAIT (K.S.C.),,http://www.eahli.com,AE,ARE,UNITED ARAB EMIRATES,eahli.com,https://commons.wikimedia.org/wiki/File:Al_Ahli_Bank_of_Kuwait_logo.svg
429816,VISA,DEBIT,CORPORATE T&E,BLOM BANK S.A.L.,(961-1) 738938 - 743300 OR (961-1) 372780 - 370830 - 373102,http://www.blom.com.lb,LB,LBN,LEBANON,blom.com.lb,https://commons.wikimedia.org/wiki/File:BLOM_Bank_logo.svg
429915,VISA,DEBIT,BUSINESS ENHANCED,BANK OF ALEXANDRIA,1 9 0 3 3 OR (02) 3938623 - 3913822 - 3916796,http://www.alexbank.com,EG,EGY,EGYPT,alexbank.com,https://commons.wikimedia.org/wiki/File:Alexbank_logo.svg
429920,VISA,DEBIT,REWARDS,BANK AL ETIHAD,,,JO,JOR,JORDAN,bankaletihad.com,https://commons.wikimedia.org/wiki/File:Bank_al_Etihad_logo.svg
429927,VISA,DEBIT,PREPAID PLATINUM,AL RAJHI BANKING AND INVESTMENT CORP.,4433 92 000 + 966 OR 33 334 601 +966,http://www.alrajhibank.com.sa,SA,SAU,SAUDI ARABIA,alrajhibank.com.sa,https://commons.wikimedia.org/wiki/File:Al_Rajhi_Bank_Logo.svg
429928,VISA,CREDIT,GOLD,CREDIT LIBANAIS S.A.L.,+9611900111,http://www.creditlibanais.com.lb,LB,LBN,LEBANON,creditlibanais.com,https://commons.wikimedia.org/wiki/File:Credit_Libanais_logo.svg
429929,VISA,DEBIT,CLASSIC,CREDIT LIBANAIS S.A.L.,+9611900111,http://www.creditlibanais.com.lb,LB,LBN,LEBANON,creditlibanais.com,https://commons.wikimedia.org/wiki/File:Credit_Libanais_logo.svg
429940,VISA,CREDIT,GOLD,AUDI SARADAR PRIVATE BANK S.A.L.,+9611205400,http://www.audisaradarpb.com,LB,LBN,LEBANON,audisaradarpb.com,https://img.logo.dev/audisaradarpb.com?format=png&size=400
429944,VISA,CREDIT,REWARDS,BANK AL ETIHAD,,,JO,JOR,JORDAN,bankaletihad.com,https://commons.wikimedia.org/wiki/File:Bank_al_Etihad_logo.svg
429945,VISA,CREDIT,REWARDS,BANK AL ETIHAD,,,JO,JOR,JORDAN,bankaletihad.com,https://commons.wikimedia.org/wiki/File:Bank_al_Etihad_logo.svg
429946,VISA,CREDIT,BUSINESS ENHANCED,BANQUE DU CAIRE,+20222648410,http://www.bdc.com.eg,EG,EGY,EGYPT,bdc.com.eg,https://commons.wikimedia.org/wiki/File:Banque_du_Caire_logo.svg
429947,VISA,CREDIT,PURCHASING WITH FLEET,COMMERCIAL INTERNATIONAL BANK,+20227383011,http://www.cibeg.com,EG,EGY,EGYPT,cibeg.com,https://commons.wikimedia.org/wiki/File:CIB_Logo.svg
429949,VISA,CREDIT,INFINITE,AUDI SARADAR PRIVATE BANK S.A.L.,+9611205400,http://www.audisaradarpb.com,LB,LBN,LEBANON,audisaradarpb.com,https://img.logo.dev/audisaradarpb.com?format=png&size=400
429950,VISA,DEBIT,CLASSIC,BANK OF SYRIA AND OVERSEAS,+963112260560,http://www.bso.com.sy,SY,SYR,SYRIAN ARAB REPUBLIC,bso.sy,https://img.logo.dev/bso.sy?format=png&size=400
429951,VISA,DEBIT,GOLD,BANK OF SYRIA AND OVERSEAS,+963112260560,http://www.bso.com.sy,SY,SYR,SYRIAN ARAB REPUBLIC,bso.sy,https://img.logo.dev/bso.sy?format=png&size=400
430105,VISA,CREDIT,,FAISAL ISLAMIC BANK OF EGYPT,267-580-0230,http://www.faisalbank.com.eg,EG,EGY,EGYPT,faisalbank.com.eg,https://commons.wikimedia.org/wiki/File:Faisal_Islamic_Bank_of_Egypt_logo.svg
430145,VISA,CREDIT,,DUBAI ISLAMIC BANK,,http://www.alislami.ae,AE,ARE,UNITED ARAB EMIRATES,alislami.ae,https://commons.wikimedia.org/wiki/File:Dubai_Islamic_Bank_logo.svg
430153,VISA,CREDIT,INFINITE,ARAB INTERNATIONAL BANK,23918794,http://www.aib.com.eg,EG,EGY,EGYPT,aib.com.eg,https://img.logo.dev/aib.com.eg?format=png&size=400
430198,VISA,CREDIT,,COMMERCIAL BANK OF QATAR LTD. (Q.S.C.),,,QA,QAT,QATAR,cbq.qa,https://commons.wikimedia.org/wiki/File:Commercial_Bank_of_Qatar_Logo.svg
430212,VISA,DEBIT,PREPAID,,,,EG,EGY,EGYPT,,
430255,VISA,DEBIT,PLATINUM,NATIONAL BANK OF FUJAIRAH,,,AE,ARE,UNITED ARAB EMIRATES,nbf.ae,https://commons.wikimedia.org/wiki/File:National_Bank_of_Fujairah_logo.svg
430258,VISA,CREDIT,PLATINUM,THE SAUDI NATIONAL BANK,,,SA,SAU,SAUDI ARABIA,alahli.com,https://commons.wikimedia.org/wiki/File:Saudi_National_Bank_Logo.svg
430259,VISA,CREDIT,INFINITE,THE SAUDI NATIONAL BANK,,,SA,SAU,SAUDI ARABIA,alahli.com,https://commons.wikimedia.org/wiki/File:Saudi_National_Bank_Logo.svg
430260,VISA,CREDIT,PLATINUM,THE SAUDI NATIONAL BANK,,,SA,SAU,SAUDI ARABIA,alahli.com,https://commons.wikimedia.org/wiki/File:Saudi_National_Bank_Logo.svg
430262,VISA,CREDIT,PLATINUM,NATIONAL COMMERCIAL BANK,96626464060,,SA,SAU,SAUDI ARABIA,alahli.com,https://commons.wikimedia.org/wiki/File:Saudi_National_Bank_Logo.svg
430280,VISA,CREDIT,CLASSIC,FIRST ABU DHABI BANK PJSC,971 2-611-1111,https://www.bankfab.com,KW,KWT,KUWAIT,bankfab.com,https://commons.wikimedia.org/wiki/File:First_Abu_Dhabi_Bank_Logo.svg
430281,VISA,CREDIT,GOLD,FIRST ABU DHABI BANK PJSC,971 2-611-1111,https://www.bankfab.com,KW,KWT,KUWAIT,bankfab.com,https://commons.wikimedia.org/wiki/File:First_Abu_Dhabi_Bank_Logo.svg
430287,VISA,DEBIT,PLATINUM,NATIONAL BANK OF FUJAIRAH,,,AE,ARE,UNITED ARAB EMIRATES,nbf.ae,https://commons.wikimedia.org/wiki/File:National_Bank_of_Fujairah_logo.svg
430290,VISA,DEBIT,CLASSIC,CREDIT LIBANAIS S.A.L.,,http://www.creditlibanais.com.lb,IQ,IRQ,IRAQ,creditlibanais.com,https://commons.wikimedia.org/wiki/File:Credit_Libanais_logo.svg
430397,VISA,DEBIT,BUSINESS,HSBC BANK MIDDLE EAST,+97142241000,http://www.hsbc.ae,AE,ARE,UNITED ARAB EMIRATES,hsbc.com,https://commons.wikimedia.org/wiki/File:HSBC_logo_(2018).svg
430398,VISA,DEBIT,BUSINESS,HSBC BANK MIDDLE EAST,+97142241000,http://www.hsbc.ae,AE,ARE,UNITED ARAB EMIRATES,hsbc.com,https://commons.wikimedia.org/wiki/File:HSBC_logo_(2018).svg
430548,VISA,CREDIT,SIGNATURE BUSINESS,INVEST BANK PLC,58 (212) 92 98 31,http://www.investbank.jo,JO,JOR,JORDAN,investbank.jo,https://img.logo.dev/investbank.jo?format=png&size=400
430553,VISA,CREDIT,SIGNATURE BUSINESS,INVEST BANK PLC,58 (212) 92 98 31,http://www.investbank.jo,JO,JOR,JORDAN,investbank.jo,https://img.logo.dev/investbank.jo?format=png&size=400
430564,VISA,DEBIT,CLASSIC,FIRST IRAQI ISLAMIC BANK FOR INVESTMENT AND FINANCE,,,IQ,IRQ,IRAQ,,
430599,VISA,CREDIT,PLATINUM,HSBC BANK MIDDLE EAST,+974 4441 6663 A851+A851,http://www.hsbc.ae,QA,QAT,QATAR,hsbc.com,https://commons.wikimedia.org/wiki/File:HSBC_logo_(2018).svg
430632,VISA,DEBIT,PREPAID PLATINUM,CREDIMAX B.S.C. (CLOSED),,,BH,BHR,BAHRAIN,max.co.il,https://commons.wikimedia.org/wiki/File:Max_It_Finance_logo.svg
430742,VISA,DEBIT,PREPAID PLATINUM,QATAR ISLAMIC BANK (S.A.Q.),+97444385555,,QA,QAT,QATAR,qib.com.qa,https://commons.wikimedia.org/wiki/File:Qatar_Islamic_Bank_Logo.svg
430747,VISA,DEBIT,PREPAID PLATINUM,QATAR ISLAMIC BANK (S.A.Q.),+97444385555,,QA,QAT,QATAR,qib.com.qa,https://commons.wikimedia.org/wiki/File:Qatar_Islamic_Bank_Logo.svg
430806,VISA,DEBIT,PREPAID CLASSIC,AL ARABIYA ISLAMIC BANK,,,IQ,IRQ,IRAQ,,
430827,VISA,DEBIT,PREPAID,INVEST BANK PLC,58 (212) 92 98 31,http://www.investbank.jo,JO,JOR,JORDAN,investbank.jo,https://img.logo.dev/investbank.jo?format=png&size=400
430951,VISA,CREDIT,PLATINUM,MASHREQBANK,+97143632250,http://www.mashreqbank.com,AE,ARE,UNITED ARAB EMIRATES,mashreqbank.com,https://commons.wikimedia.org/wiki/File:Mashreq_bank_logo.svg
431106,VISA,DEBIT,PREPAID PLATINUM,"BURGAN BANK, S.A.K.",+9651804080,http://www.burgan.com,KW,KWT,KUWAIT,burgan.com,https://commons.wikimedia.org/wiki/File:Burgan_Bank_logo.svg
431188,VISA,DEBIT,PREPAID BUSINESS,AHLI BANK (S.A.O.G),,,OM,OMN,OMAN,ahlibank.om,https://img.logo.dev/ahlibank.om?format=png&size=400
431199,VISA,DEBIT,REWARDS,BOUBYAN BANK K.S.C.,,,KW,KWT,KUWAIT,bankboubyan.com,https://commons.wikimedia.org/wiki/File:Boubyan_Bank_logo.svg
431210,VISA,CREDIT,ULTRA HIGH NET WORTH,THE GULF BANK K.S.C.,,,KW,KWT,KUWAIT,e-gulfbank.com,https://commons.wikimedia.org/wiki/File:Gulf_Bank_Kuwait_logo.svg
431211,VISA,CREDIT,INFINITE,THE GULF BANK K.S.C.,,,KW,KWT,KUWAIT,e-gulfbank.com,https://commons.wikimedia.org/wiki/File:Gulf_Bank_Kuwait_logo.svg
431248,VISA,CREDIT,GOLD,FIRST ABU DHABI BANK PJSC,+971600525500,https://www.bankfab.com,AE,ARE,UNITED ARAB EMIRATES,bankfab.com,https://commons.wikimedia.org/wiki/File:First_Abu_Dhabi_Bank_Logo.svg
431249,VISA,CREDIT,PLATINUM,FIRST ABU DHABI BANK PJSC,+971600525500,https://www.bankfab.com,AE,ARE,UNITED ARAB EMIRATES,bankfab.com,https://commons.wikimedia.org/wiki/File:First_Abu_Dhabi_Bank_Logo.svg
431250,VISA,CREDIT,GOLD,"BANK AUDI SYRIA, S.A.",,,SY,SYR,SYRIAN ARAB REPUBLIC,bankaudigroup.com,https://commons.wikimedia.org/wiki/File:Bank_Audi_logo.svg
431256,VISA,CREDIT,PLATINUM,QATAR NATIONAL BANK (Q.P.S.C.),,,QA,QAT,QATAR,qnb.com,https://commons.wikimedia.org/wiki/File:Qatar_National_Bank_Logo.svg
431266,VISA,DEBIT,SIGNATURE,D360 BANK,,,SA,SAU,SAUDI ARABIA,d360.com,https://commons.wikimedia.org/wiki/File:D360_Bank.svg
431270,VISA,CREDIT,INFINITE,KUWAIT FINANCE HOUSE,+9651803333,http://www.kfh.com,KW,KWT,KUWAIT,financehouse.ae,https://img.logo.dev/financehouse.ae?format=png&size=400
431355,VISA,DEBIT,PREPAID ELECTRON,ABU DHABI COMMERCIAL BANK,+97126962222,http://www.adcb.com,AE,ARE,UNITED ARAB EMIRATES,adcb.com,https://commons.wikimedia.org/wiki/File:Abu_Dhabi_Commercial_Bank_Logo.svg
431356,VISA,DEBIT,PREPAID CLASSIC,COMMERCIAL BANK OF DUBAI(PSC),,,AE,ARE,UNITED ARAB EMIRATES,cbd.ae,https://commons.wikimedia.org/wiki/File:Commercial_Bank_of_Dubai_logo.svg
431360,VISA,CREDIT,INFINITE,THE COMMERCIAL BANK OF QATAR (Q.S.C.),,,QA,QAT,QATAR,cbq.qa,https://commons.wikimedia.org/wiki/File:Commercial_Bank_of_Qatar_Logo.svg
431361,VISA,DEBIT,CLASSIC,"NATIONAL BANK OF KUWAIT, S.A.K.",(+) 966 2 653-8600,http://www.nbk.com,SA,SAU,SAUDI ARABIA,nbk.com,https://commons.wikimedia.org/wiki/File:National_Bank_of_Kuwait_logo.svg
431364,VISA,CREDIT,CLASSIC,AL-SALAM BANK - BAHRAIN B.S.C.,,,BH,BHR,BAHRAIN,alsalambank.com,https://commons.wikimedia.org/wiki/File:Al_Salam_Bank_logo.svg
431365,VISA,CREDIT,GOLD,AL-SALAM BANK - BAHRAIN B.S.C.,,,BH,BHR,BAHRAIN,alsalambank.com,https://commons.wikimedia.org/wiki/File:Al_Salam_Bank_logo.svg
431376,VISA,CREDIT,,BANK OF JORDAN,+96265696277,http://www.bankofjordan.com,PS,PSE,"PALESTINIAN TERRITORY, OCCUPIED",bankofjordan.com,https://commons.wikimedia.org/wiki/File:Bank_of_Jordan_logo.svg
431463,VISA,DEBIT,PREPAID CLASSIC,NATIONAL BANK OF FUJAIRAH,,,AE,ARE,UNITED ARAB EMIRATES,nbf.ae,https://commons.wikimedia.org/wiki/File:National_Bank_of_Fujairah_logo.svg
431475,VISA,DEBIT,PREPAID PLATINUM,KUWAIT INTERNATIONAL BANK,+9651866866,http://www.kib.com.kw,KW,KWT,KUWAIT,kib.com.kw,https://commons.wikimedia.org/wiki/File:Kuwait_International_Bank_logo.svg
431484,VISA,DEBIT,PREPAID TRAVEL MONEY,CITICORP,,http://www.latam.citibank.com,QA,QAT,QATAR,citibank.com,https://commons.wikimedia.org/wiki/File:Citibank.svg
431513,VISA,CREDIT,CLASSIC,ARAB INTERNATIONAL BANK,23918794,http://www.aib.com.eg,EG,EGY,EGYPT,aib.com.eg,https://img.logo.dev/aib.com.eg?format=png&size=400
431610,VISA,DEBIT,PLATINUM,MASHREQBANK,+97143632250,http://www.mashreqbank.com,AE,ARE,UNITED ARAB EMIRATES,mashreqbank.com,https://commons.wikimedia.org/wiki/File:Mashreq_bank_logo.svg
431716,VISA,DEBIT,GOLD,AUDI SARADAR PRIVATE BANK S.A.L.,+9611205400,http://www.audisaradarpb.com,LB,LBN,LEBANON,audisaradarpb.com,https://img.logo.dev/audisaradarpb.com?format=png&size=400
431743,VISA,DEBIT,CLASSIC,AL ARABIYA ISLAMIC BANK,,,IQ,IRQ,IRAQ,,
431756,VISA,CREDIT,SIGNATURE,ARAB BANKING CORPORATION - EGYPT,,http://www.arabbanking.com,EG,EGY,EGYPT,arabbank.com,https://commons.wikimedia.org/wiki/File:Arab_Bank_logo.svg
431826,VISA,DEBIT,PLATINUM,INTERNATIONAL SMART CARD COMPANY,,,IQ,IRQ,IRAQ,qicard.net,https://commons.wikimedia.org/wiki/File:Qi_card_logo.svg
431905,VISA,DEBIT,CLASSIC,"ISRACARD, LTD.",,,IL,ISR,ISRAEL,isracard.co.il,https://commons.wikimedia.org/wiki/File:Isracard_logo.svg
431906,VISA,CREDIT,PLATINUM,"ISRACARD, LTD.",,,IL,ISR,ISRAEL,isracard.co.il,https://commons.wikimedia.org/wiki/File:Isracard_logo.svg
431907,VISA,CREDIT,BUSINESS,"ISRACARD, LTD.",,,IL,ISR,ISRAEL,isracard.co.il,https://commons.wikimedia.org/wiki/File:Isracard_logo.svg
431927,VISA,DEBIT,CLASSIC,GULF BANK K.S.C.,1.800.223.2060,http://www.gulfbank.com,KW,KWT,KUWAIT,e-gulfbank.com,https://commons.wikimedia.org/wiki/File:Gulf_Bank_Kuwait_logo.svg
431991,VISA,CREDIT,PLATINUM,BLOM BANK S.A.L.,,http://www.blom.com.lb,IQ,IRQ,IRAQ,blom.com.lb,https://commons.wikimedia.org/wiki/File:BLOM_Bank_logo.svg
432022,VISA,DEBIT,PREPAID PLATINUM,QATAR NATIONAL BANK (Q.P.S.C.),,,QA,QAT,QATAR,qnb.com,https://commons.wikimedia.org/wiki/File:Qatar_National_Bank_Logo.svg
432044,VISA,CREDIT,,JORDAN AHLI BANK,+96265007777,http://www.ahli.com,JO,JOR,JORDAN,ahlibank.com.jo,https://commons.wikimedia.org/wiki/File:Jordan_Ahli_Bank_logo.svg
432060,VISA,CREDIT,,HSBC BANK MIDDLE EAST,+97142241000,http://www.hsbc.ae,AE,ARE,UNITED ARAB EMIRATES,hsbc.com,https://commons.wikimedia.org/wiki/File:HSBC_logo_(2018).svg
432061,VISA,CREDIT,,HSBC BANK MIDDLE EAST,+97317569999,http://www.hsbc.ae,BH,BHR,BAHRAIN,hsbc.com,https://commons.wikimedia.org/wiki/File:HSBC_logo_(2018).svg
432062,VISA,CREDIT,,HSBC BANK MIDDLE EAST,+974 4441 6663 A851+A851,http://www.hsbc.ae,QA,QAT,QATAR,hsbc.com,https://commons.wikimedia.org/wiki/File:HSBC_logo_(2018).svg
432063,VISA,CREDIT,,,,,OM,OMN,OMAN,,
432064,VISA,CREDIT,,,,,LB,LBN,LEBANON,,
432066,VISA,CREDIT,,HSBC BANK - EGYPT SAE,+20235359100,http://www.hsbc.com.eg,EG,EGY,EGYPT,hsbc.com,https://commons.wikimedia.org/wiki/File:HSBC_logo_(2018).svg
432114,VISA,CREDIT,INFINITE,EMIRATES NBD BANK (P.J.S.C.),+971800456,http://www.emiratesnbd.com,AE,ARE,UNITED ARAB EMIRATES,emiratesnbd.com,https://commons.wikimedia.org/wiki/File:Emirates_NBD_logo.svg
432118,VISA,CREDIT,PLATINUM,AHLI UNITED BANK B.S.C.,+97317710559,http://www.ahliunited.com,BH,BHR,BAHRAIN,ahliunited.com,https://commons.wikimedia.org/wiki/File:Ahli_United_Bank_logo.svg
432159,VISA,CREDIT,INFINITE,AL RAJHI BANKING AND INVESTMENT CORP.,4433 92 000 + 966 OR 33 334 601 +966,http://www.alrajhibank.com.sa,SA,SAU,SAUDI ARABIA,alrajhibank.com.sa,https://commons.wikimedia.org/wiki/File:Al_Rajhi_Bank_Logo.svg
432193,VISA,CREDIT,PLATINUM,BANQUE MISR,+97126273000,http://www.banquemisr.com,AE,ARE,UNITED ARAB EMIRATES,banquemisr.com,https://commons.wikimedia.org/wiki/File:Banque_Misr_logo.svg
432227,VISA,DEBIT,CLASSIC,"UNITED BANK, LTD.",,http://www.ubl.com.pk,BH,BHR,BAHRAIN,ubl.com.pk,https://img.logo.dev/ubl.com.pk?format=png&size=400
432229,VISA,DEBIT,CLASSIC,"UNITED BANK, LTD.",,http://www.ubl.com.pk,QA,QAT,QATAR,ubl.com.pk,https://img.logo.dev/ubl.com.pk?format=png&size=400
432234,VISA,CREDIT,CLASSIC,FIRST ABU DHABI BANK PJSC,+971600525500,https://www.bankfab.com,AE,ARE,UNITED ARAB EMIRATES,bankfab.com,https://commons.wikimedia.org/wiki/File:First_Abu_Dhabi_Bank_Logo.svg
432235,VISA,CREDIT,GOLD,FIRST ABU DHABI BANK PJSC,+971600525500,https://www.bankfab.com,AE,ARE,UNITED ARAB EMIRATES,bankfab.com,https://commons.wikimedia.org/wiki/File:First_Abu_Dhabi_Bank_Logo.svg
432236,VISA,CREDIT,PLATINUM,FIRST ABU DHABI BANK PJSC,+971600525500,https://www.bankfab.com,AE,ARE,UNITED ARAB EMIRATES,bankfab.com,https://commons.wikimedia.org/wiki/File:First_Abu_Dhabi_Bank_Logo.svg
432237,VISA,CREDIT,CORPORATE T&E,FIRST ABU DHABI BANK PJSC,+971600525500,https://www.bankfab.com,AE,ARE,UNITED ARAB EMIRATES,bankfab.com,https://commons.wikimedia.org/wiki/File:First_Abu_Dhabi_Bank_Logo.svg
432238,VISA,DEBIT,PREPAID CLASSIC,FIRST ABU DHABI BANK (PJSC),,,AE,ARE,UNITED ARAB EMIRATES,bankfab.com,https://commons.wikimedia.org/wiki/File:First_Abu_Dhabi_Bank_Logo.svg
432253,VISA,CREDIT,GOLD,CSCBANK S.A.L.,+9611871245,http://www.ccm.com.lb,LB,LBN,LEBANON,cscbank.com,https://img.logo.dev/cscbank.com?format=png&size=400
432256,VISA,CREDIT,INFINITE,MASHREQBANK,+97143632250,http://www.mashreqbank.com,AE,ARE,UNITED ARAB EMIRATES,mashreqbank.com,https://commons.wikimedia.org/wiki/File:Mashreq_bank_logo.svg
432326,VISA,CREDIT,CLASSIC,ALINMA BANK,,,SA,SAU,SAUDI ARABIA,alinma.com,https://commons.wikimedia.org/wiki/File:Alinma_Bank_logo.svg
432327,VISA,CREDIT,GOLD,ALINMA BANK,,,SA,SAU,SAUDI ARABIA,alinma.com,https://commons.wikimedia.org/wiki/File:Alinma_Bank_logo.svg
432328,VISA,DEBIT,CLASSIC,ALINMA BANK,,,SA,SAU,SAUDI ARABIA,alinma.com,https://commons.wikimedia.org/wiki/File:Alinma_Bank_logo.svg
432367,VISA,DEBIT,PREPAID CLASSIC,"PYYPL, LTD.",,,AE,ARE,UNITED ARAB EMIRATES,,
432410,VISA,DEBIT,CLASSIC,OMAN ARAB BANK SAO,(800) 860-9227,,OM,OMN,OMAN,oman-arabbank.com,https://commons.wikimedia.org/wiki/File:Oman_Arab_Bank_logo.svg
432415,VISA,DEBIT,PLATINUM,OMAN ARAB BANK SAO,(800) 860-9227,,OM,OMN,OMAN,oman-arabbank.com,https://commons.wikimedia.org/wiki/File:Oman_Arab_Bank_logo.svg
432423,VISA,CREDIT,CLASSIC,"NATIONAL BANK OF KUWAIT, S.A.K.",+96522422011,http://www.nbk.com,KW,KWT,KUWAIT,nbk.com,https://commons.wikimedia.org/wiki/File:National_Bank_of_Kuwait_logo.svg
432438,VISA,CREDIT,PLATINUM,THE COMMERCIAL BANK OF QATAR (Q.S.C.),,,QA,QAT,QATAR,cbq.qa,https://commons.wikimedia.org/wiki/File:Commercial_Bank_of_Qatar_Logo.svg
432503,VISA,CREDIT,PLATINUM,ARAB BANK PLC,4600900,http://www.arabbank.jo,JO,JOR,JORDAN,arabbank.com,https://commons.wikimedia.org/wiki/File:Arab_Bank_logo.svg
432504,VISA,CREDIT,PLATINUM,ARAB BANK PLC,+20 2 19100,http://www.arabbank.jo,EG,EGY,EGYPT,arabbank.com,https://commons.wikimedia.org/wiki/File:Arab_Bank_logo.svg
432506,VISA,CREDIT,PLATINUM,ARAB BANK PLC,+97022953333,http://www.arabbank.jo,PS,PSE,"PALESTINIAN TERRITORY, OCCUPIED",arabbank.com,https://commons.wikimedia.org/wiki/File:Arab_Bank_logo.svg
432507,VISA,CREDIT,CLASSIC,ARAB BANK PLC,+20 2 19100,http://www.arabbank.jo,EG,EGY,EGYPT,arabbank.com,https://commons.wikimedia.org/wiki/File:Arab_Bank_logo.svg
432508,VISA,DEBIT,PREPAID PLATINUM,KUWAIT FINANCE HOUSE,+9651803333,http://www.kfh.com,KW,KWT,KUWAIT,financehouse.ae,https://img.logo.dev/financehouse.ae?format=png&size=400
432509,VISA,CREDIT,CLASSIC,ARAB BANK PLC,+97022953333,http://www.arabbank.jo,PS,PSE,"PALESTINIAN TERRITORY, OCCUPIED",arabbank.com,https://commons.wikimedia.org/wiki/File:Arab_Bank_logo.svg
432512,VISA,CREDIT,PLATINUM,THE HOUSING BANK FOR TRADE & FINANCE,,,PS,PSE,"PALESTINIAN TERRITORY, OCCUPIED",hbtf.com,https://commons.wikimedia.org/wiki/File:Housing_Bank_for_Trade_and_Finance_logo.svg
432525,VISA,CREDIT,,JORDAN KUWAIT BANK,,http://www.jordan-kuwait-bank.com,JO,JOR,JORDAN,jkb.com,https://commons.wikimedia.org/wiki/File:Jordan_Kuwait_Bank_logo.svg
432556,VISA,CREDIT,CLASSIC,CREDIT LIBANAIS S.A.L.,+9611900111,http://www.creditlibanais.com.lb,LB,LBN,LEBANON,creditlibanais.com,https://commons.wikimedia.org/wiki/File:Credit_Libanais_logo.svg
432578,VISA,DEBIT,CLASSIC,ARAB BANK PLC,4600900,http://www.arabbank.jo,JO,JOR,JORDAN,arabbank.com,https://commons.wikimedia.org/wiki/File:Arab_Bank_logo.svg
432579,VISA,DEBIT,GOLD,ARAB BANK PLC,4600900,http://www.arabbank.jo,JO,JOR,JORDAN,arabbank.com,https://commons.wikimedia.org/wiki/File:Arab_Bank_logo.svg
432580,VISA,CREDIT,PLATINUM,ARAB BANK PLC,+97144450000,http://www.arabbank.jo,AE,ARE,UNITED ARAB EMIRATES,arabbank.com,https://commons.wikimedia.org/wiki/File:Arab_Bank_logo.svg
432581,VISA,CREDIT,REWARDS,ARAB BANK PLC,+97144450000,http://www.arabbank.jo,AE,ARE,UNITED ARAB EMIRATES,arabbank.com,https://commons.wikimedia.org/wiki/File:Arab_Bank_logo.svg
432582,VISA,CREDIT,PLATINUM,ARAB BANK PLC,+97444387878,http://www.arabbank.jo,QA,QAT,QATAR,arabbank.com,https://commons.wikimedia.org/wiki/File:Arab_Bank_logo.svg
432583,VISA,CREDIT,REWARDS,ARAB BANK PLC,+97444387878,http://www.arabbank.jo,QA,QAT,QATAR,arabbank.com,https://commons.wikimedia.org/wiki/File:Arab_Bank_logo.svg
432584,VISA,CREDIT,SIGNATURE,ARAB BANK PLC,+97022953333,http://www.arabbank.jo,PS,PSE,"PALESTINIAN TERRITORY, OCCUPIED",arabbank.com,https://commons.wikimedia.org/wiki/File:Arab_Bank_logo.svg
432585,VISA,CREDIT,PLATINUM,ARAB BANK PLC,+97317541000,http://www.arabbank.jo,BH,BHR,BAHRAIN,arabbank.com,https://commons.wikimedia.org/wiki/File:Arab_Bank_logo.svg
432586,VISA,CREDIT,GOLD,ARAB BANK PLC,+97317541000,http://www.arabbank.jo,BH,BHR,BAHRAIN,arabbank.com,https://commons.wikimedia.org/wiki/File:Arab_Bank_logo.svg
432587,VISA,CREDIT,CLASSIC,ARAB BANK PLC,+20 2 19100,http://www.arabbank.jo,EG,EGY,EGYPT,arabbank.com,https://commons.wikimedia.org/wiki/File:Arab_Bank_logo.svg
432588,VISA,CREDIT,GOLD,ARAB BANK PLC,+20 2 19100,http://www.arabbank.jo,EG,EGY,EGYPT,arabbank.com,https://commons.wikimedia.org/wiki/File:Arab_Bank_logo.svg
432589,VISA,CREDIT,,ARAB BANK PLC,4600900,http://www.arabbank.jo,JO,JOR,JORDAN,arabbank.com,https://commons.wikimedia.org/wiki/File:Arab_Bank_logo.svg
432591,VISA,CREDIT,,ARAB BANK PLC,4600900,http://www.arabbank.jo,JO,JOR,JORDAN,arabbank.com,https://commons.wikimedia.org/wiki/File:Arab_Bank_logo.svg
432592,VISA,CREDIT,CLASSIC,ARAB BANK PLC,+961 (7) 751070-2,http://www.arabbank.jo,LB,LBN,LEBANON,arabbank.com,https://commons.wikimedia.org/wiki/File:Arab_Bank_logo.svg
432593,VISA,CREDIT,REWARDS,ARAB BANK PLC,+961 (7) 751070-2,http://www.arabbank.jo,LB,LBN,LEBANON,arabbank.com,https://commons.wikimedia.org/wiki/File:Arab_Bank_logo.svg
432596,VISA,CREDIT,,ARAB BANK PLC,4600900,http://www.arabbank.jo,JO,JOR,JORDAN,arabbank.com,https://commons.wikimedia.org/wiki/File:Arab_Bank_logo.svg
432597,VISA,CREDIT,,ARAB BANK PLC,4600900,http://www.arabbank.jo,JO,JOR,JORDAN,arabbank.com,https://commons.wikimedia.org/wiki/File:Arab_Bank_logo.svg
432598,VISA,CREDIT,CLASSIC,ARAB BANK PLC,+97022953333,http://www.arabbank.jo,PS,PSE,"PALESTINIAN TERRITORY, OCCUPIED",arabbank.com,https://commons.wikimedia.org/wiki/File:Arab_Bank_logo.svg
432599,VISA,CREDIT,GOLD,ARAB BANK PLC,+97022953333,http://www.arabbank.jo,PS,PSE,"PALESTINIAN TERRITORY, OCCUPIED",arabbank.com,https://commons.wikimedia.org/wiki/File:Arab_Bank_logo.svg
432607,VISA,DEBIT,CLASSIC,OMAN ARAB BANK SAO,(800) 860-9227,,OM,OMN,OMAN,oman-arabbank.com,https://commons.wikimedia.org/wiki/File:Oman_Arab_Bank_logo.svg
432720,VISA,CREDIT,CLASSIC,ARAB JORDAN INVESTMENT BANK,,,JO,JOR,JORDAN,ajib.com,https://img.logo.dev/ajib.com?format=png&size=400
432721,VISA,CREDIT,GOLD,ARAB JORDAN INVESTMENT BANK,,,JO,JOR,JORDAN,ajib.com,https://img.logo.dev/ajib.com?format=png&size=400
432820,VISA,DEBIT,SIGNATURE,KURDISTAN INTERNATIONAL ISLAMIC BANK FOR INVESTMENT AND DEVELOPMENT,,,IQ,IRQ,IRAQ,,
432853,VISA,DEBIT,PREPAID CLASSIC,OMAN ARAB BANK SAO,(800) 860-9227,,OM,OMN,OMAN,oman-arabbank.com,https://commons.wikimedia.org/wiki/File:Oman_Arab_Bank_logo.svg
433007,VISA,DEBIT,CLASSIC,AREEBA SAL,,,LB,LBN,LEBANON,areeba.com,https://img.logo.dev/areeba.com?format=png&size=400
433008,VISA,CREDIT,GOLD,CREDIT LIBANAIS S.A.L.,+9611900111,http://www.creditlibanais.com.lb,LB,LBN,LEBANON,creditlibanais.com,https://commons.wikimedia.org/wiki/File:Credit_Libanais_logo.svg
433025,VISA,CREDIT,CLASSIC,ABU DHABI COMMERCIAL BANK,+97126962222,http://www.adcb.com,AE,ARE,UNITED ARAB EMIRATES,adcb.com,https://commons.wikimedia.org/wiki/File:Abu_Dhabi_Commercial_Bank_Logo.svg
433026,VISA,CREDIT,GOLD,ABU DHABI COMMERCIAL BANK,+97126962222,http://www.adcb.com,AE,ARE,UNITED ARAB EMIRATES,adcb.com,https://commons.wikimedia.org/wiki/File:Abu_Dhabi_Commercial_Bank_Logo.svg
433033,VISA,CREDIT,SIGNATURE,THE SAUDI INVESTMENT BANK,,,SA,SAU,SAUDI ARABIA,saib.com.sa,https://commons.wikimedia.org/wiki/File:Saudi_Investment_Bank_Logo.svg
433034,VISA,DEBIT,PLATINUM,BANQUE MISR,+20223912150,http://www.banquemisr.com,EG,EGY,EGYPT,banquemisr.com,https://commons.wikimedia.org/wiki/File:Banque_Misr_logo.svg
433072,VISA,DEBIT,PREPAID CLASSIC,AL BILAD BANK,9662918884,http://www.bankalbilad.com,SA,SAU,SAUDI ARABIA,bankalbilad.com,https://commons.wikimedia.org/wiki/File:Bank_Albilad_Logo.svg
433082,VISA,DEBIT,PREPAID PLATINUM,,,,OM,OMN,OMAN,,
433084,VISA,DEBIT,PLATINUM,OMAN ARAB BANK SAO,(800) 860-9227,,OM,OMN,OMAN,oman-arabbank.com,https://commons.wikimedia.org/wiki/File:Oman_Arab_Bank_logo.svg
433104,VISA,CREDIT,,QATAR ISLAMIC BANK (S.A.Q.),+97444385555,,QA,QAT,QATAR,qib.com.qa,https://commons.wikimedia.org/wiki/File:Qatar_Islamic_Bank_Logo.svg
433236,VISA,DEBIT,INFINITE,BANK DHOFAR (S.A.O.G.),+96824791111 / +96824790466,http://www.bankdhofar.com,OM,OMN,OMAN,bankdhofar.com,https://commons.wikimedia.org/wiki/File:Bank_Dhofar_logo.svg
433307,VISA,DEBIT,BUSINESS,HSBC BANK - EGYPT SAE,+20235359100,http://www.hsbc.com.eg,EG,EGY,EGYPT,hsbc.com,https://commons.wikimedia.org/wiki/File:HSBC_logo_(2018).svg
433334,VISA,CREDIT,GOLD,THE NATIONAL BANK OF UMM AL-QAIWAIN PSC.,,,AE,ARE,UNITED ARAB EMIRATES,nbq.ae,https://commons.wikimedia.org/wiki/File:National_Bank_of_Umm_Al_Qaiwain_logo.svg
433347,VISA,CREDIT,PLATINUM,NATIONAL COMMERCIAL BANK,96626464060,,SA,SAU,SAUDI ARABIA,alahli.com,https://commons.wikimedia.org/wiki/File:Saudi_National_Bank_Logo.svg
433362,VISA,CREDIT,CLASSIC,JORDAN ISLAMIC BANK,,,JO,JOR,JORDAN,jordanislamicbank.com,https://commons.wikimedia.org/wiki/File:Jordan_Islamic_Bank_logo.svg
433363,VISA,CREDIT,GOLD,JORDAN ISLAMIC BANK,,,JO,JOR,JORDAN,jordanislamicbank.com,https://commons.wikimedia.org/wiki/File:Jordan_Islamic_Bank_logo.svg
433364,VISA,DEBIT,CLASSIC,JORDAN ISLAMIC BANK,,,JO,JOR,JORDAN,jordanislamicbank.com,https://commons.wikimedia.org/wiki/File:Jordan_Islamic_Bank_logo.svg
433365,VISA,CREDIT,CORPORATE T&E,NATIONAL BANK OF FUJAIRAH,,,AE,ARE,UNITED ARAB EMIRATES,nbf.ae,https://commons.wikimedia.org/wiki/File:National_Bank_of_Fujairah_logo.svg
433366,VISA,CREDIT,BUSINESS,ALINMA BANK,,,SA,SAU,SAUDI ARABIA,alinma.com,https://commons.wikimedia.org/wiki/File:Alinma_Bank_logo.svg
433367,VISA,DEBIT,ELECTRON,ABU DHABI ISLAMIC BANK,+97126100600,http://www.adib.ae,AE,ARE,UNITED ARAB EMIRATES,adib.ae,https://commons.wikimedia.org/wiki/File:Abu_Dhabi_Islamic_Bank_Logo.svg
433370,VISA,DEBIT,BUSINESS,EMIRATES NBD BANK (P.J.S.C.),,http://www.emiratesnbd.com,SA,SAU,SAUDI ARABIA,emiratesnbd.com,https://commons.wikimedia.org/wiki/File:Emirates_NBD_logo.svg
433371,VISA,CREDIT,SIGNATURE,QATAR NATIONAL BANK (Q.P.S.C.),,,QA,QAT,QATAR,qnb.com,https://commons.wikimedia.org/wiki/File:Qatar_National_Bank_Logo.svg
433379,VISA,CREDIT,SIGNATURE,NATIONAL BANK OF OMAN LIMITED (S.A.O.G.),,,OM,OMN,OMAN,nbo.om,https://commons.wikimedia.org/wiki/File:National_Bank_of_Oman_logo.svg
433435,VISA,CREDIT,BUSINESS,ALIZZ ISLAMIC BANK (S.A.O.C),,,OM,OMN,OMAN,alizzislamic.com,https://img.logo.dev/alizzislamic.com?format=png&size=400
433436,VISA,CREDIT,INFINITE,NATIONAL BANK OF OMAN LIMITED (S.A.O.G.),,,OM,OMN,OMAN,nbo.om,https://commons.wikimedia.org/wiki/File:National_Bank_of_Oman_logo.svg
433456,VISA,CREDIT,CLASSIC,THE HOUSING BANK FOR TRADE & FINANCE,,,PS,PSE,"PALESTINIAN TERRITORY, OCCUPIED",hbtf.com,https://commons.wikimedia.org/wiki/File:Housing_Bank_for_Trade_and_Finance_logo.svg
433457,VISA,CREDIT,ULTRA HIGH NET WORTH,AL BILAD BANK,9662918884,http://www.bankalbilad.com,SA,SAU,SAUDI ARABIA,bankalbilad.com,https://commons.wikimedia.org/wiki/File:Bank_Albilad_Logo.svg
433478,VISA,DEBIT,BUSINESS,NATIONAL BANK OF OMAN LIMITED (S.A.O.G.),,,OM,OMN,OMAN,nbo.om,https://commons.wikimedia.org/wiki/File:National_Bank_of_Oman_logo.svg
433488,VISA,DEBIT,GOLD,ARAB INTERNATIONAL BANK,23918794,http://www.aib.com.eg,EG,EGY,EGYPT,aib.com.eg,https://img.logo.dev/aib.com.eg?format=png&size=400
433781,VISA,CREDIT,ULTRA HIGH NET WORTH,QATAR NATIONAL BANK (Q.P.S.C.),,,QA,QAT,QATAR,qnb.com,https://commons.wikimedia.org/wiki/File:Qatar_National_Bank_Logo.svg
433783,VISA,CREDIT,SIGNATURE,BANK DHOFAR (S.A.O.G.),+96824791111 / +96824790466,http://www.bankdhofar.com,OM,OMN,OMAN,bankdhofar.com,https://commons.wikimedia.org/wiki/File:Bank_Dhofar_logo.svg
433786,VISA,CREDIT,PLATINUM,SAUDI AWWAL BANK,,,SA,SAU,SAUDI ARABIA,sab.com,https://commons.wikimedia.org/wiki/File:Saudi_Awwal_Bank_Logo.svg
433803,VISA,DEBIT,PREPAID,CREDIT LIBANAIS S.A.L.,+9611900111,http://www.creditlibanais.com.lb,LB,LBN,LEBANON,creditlibanais.com,https://commons.wikimedia.org/wiki/File:Credit_Libanais_logo.svg
433808,VISA,DEBIT,ELECTRON,BANKMED S.A.L.,+9611708090,http://www.bankmed.com.lb,LB,LBN,LEBANON,bankmed.com.lb,https://commons.wikimedia.org/wiki/File:BankMed_logo.svg
433813,VISA,DEBIT,ELECTRON,BANK OF BEIRUT SAL,,,LB,LBN,LEBANON,bankofbeirut.com,https://commons.wikimedia.org/wiki/File:Bank_of_Beirut_logo.svg
433825,VISA,DEBIT,CLASSIC,BANKMED SAL,,,LB,LBN,LEBANON,bankmed.com.lb,https://commons.wikimedia.org/wiki/File:BankMed_logo.svg
433829,VISA,DEBIT,PLATINUM,BANK OF BEIRUT SAL,,,OM,OMN,OMAN,bankofbeirut.com,https://commons.wikimedia.org/wiki/File:Bank_of_Beirut_logo.svg
433836,VISA,DEBIT,PREPAID CLASSIC,BANK OF BEIRUT SAL,,,LB,LBN,LEBANON,bankofbeirut.com,https://commons.wikimedia.org/wiki/File:Bank_of_Beirut_logo.svg
433862,VISA,CREDIT,,AL RAJHI BANKING AND INVESTMENT CORP.,,http://www.alrajhibank.com.sa,JO,JOR,JORDAN,alrajhibank.com.sa,https://commons.wikimedia.org/wiki/File:Al_Rajhi_Bank_Logo.svg
433863,VISA,CREDIT,,AL RAJHI BANKING AND INVESTMENT CORP.,+96524954333,http://www.alrajhibank.com.sa,KW,KWT,KUWAIT,alrajhibank.com.sa,https://commons.wikimedia.org/wiki/File:Al_Rajhi_Bank_Logo.svg
433910,VISA,DEBIT,PREPAID CLASSIC,ARAB AFRICAN INTERNATIONAL BANK,+20224886679,http://www.aaib.com,EG,EGY,EGYPT,aaib.com,https://commons.wikimedia.org/wiki/File:Arab_African_International_Bank_Logo.svg
433916,VISA,CREDIT,GOLD,OMAN ARAB BANK SAO,(800) 860-9227,,OM,OMN,OMAN,oman-arabbank.com,https://commons.wikimedia.org/wiki/File:Oman_Arab_Bank_logo.svg
433917,VISA,CREDIT,CLASSIC,OMAN ARAB BANK SAO,(800) 860-9227,,OM,OMN,OMAN,oman-arabbank.com,https://commons.wikimedia.org/wiki/File:Oman_Arab_Bank_logo.svg
433918,VISA,CREDIT,PLATINUM,OMAN ARAB BANK SAO,(800) 860-9227,,OM,OMN,OMAN,oman-arabbank.com,https://commons.wikimedia.org/wiki/File:Oman_Arab_Bank_logo.svg
433952,VISA,DEBIT,PREPAID CLASSIC,AL BILAD BANK,9662918884,http://www.bankalbilad.com,SA,SAU,SAUDI ARABIA,bankalbilad.com,https://commons.wikimedia.org/wiki/File:Bank_Albilad_Logo.svg
433954,VISA,CREDIT,CLASSIC,FIRST ABU DHABI BANK (PJSC),,,AE,ARE,UNITED ARAB EMIRATES,bankfab.com,https://commons.wikimedia.org/wiki/File:First_Abu_Dhabi_Bank_Logo.svg
433955,VISA,CREDIT,INFINITE,FIRST ABU DHABI BANK (PJSC),,,AE,ARE,UNITED ARAB EMIRATES,bankfab.com,https://commons.wikimedia.org/wiki/File:First_Abu_Dhabi_Bank_Logo.svg
433956,VISA,CREDIT,SIGNATURE,QATAR NATIONAL BANK S.A.E,,,EG,EGY,EGYPT,qnb.com,https://commons.wikimedia.org/wiki/File:Qatar_National_Bank_Logo.svg
433957,VISA,CREDIT,CLASSIC,HABIB BANK AG ZURICH,+97180000006,http://www.bankalhabib.com,AE,ARE,UNITED ARAB EMIRATES,bankalhabib.com,https://img.logo.dev/bankalhabib.com?format=png&size=400
433958,VISA,DEBIT,CLASSIC,HABIB BANK AG ZURICH,+97180000006,http://www.bankalhabib.com,AE,ARE,UNITED ARAB EMIRATES,bankalhabib.com,https://img.logo.dev/bankalhabib.com?format=png&size=400
433959,VISA,CREDIT,,HABIB BANK AG ZURICH,+97180000006,http://www.bankalhabib.com,AE,ARE,UNITED ARAB EMIRATES,bankalhabib.com,https://img.logo.dev/bankalhabib.com?format=png&size=400
433971,VISA,CREDIT,CLASSIC,CAPITAL BANK OF JORDAN PLC. CO.,,,JO,JOR,JORDAN,bankofjordan.com,https://commons.wikimedia.org/wiki/File:Bank_of_Jordan_logo.svg
433972,VISA,CREDIT,GOLD,SOCIETE GENERALE DE BANQUE - JORDAN,+96265600300,http://www.sgbj.com,JO,JOR,JORDAN,sgbj.com,https://img.logo.dev/sgbj.com?format=png&size=400
433980,VISA,CREDIT,CLASSIC,CSCBANK SAL,,,LB,LBN,LEBANON,cscbank.com,https://img.logo.dev/cscbank.com?format=png&size=400
433981,VISA,CREDIT,CLASSIC,CSCBANK SAL,,,LB,LBN,LEBANON,cscbank.com,https://img.logo.dev/cscbank.com?format=png&size=400
433982,VISA,CREDIT,GOLD,CSCBANK S.A.L.,+9611871245,http://www.ccm.com.lb,LB,LBN,LEBANON,cscbank.com,https://img.logo.dev/cscbank.com?format=png&size=400
433983,VISA,CREDIT,GOLD,CSCBANK SAL,,,LB,LBN,LEBANON,cscbank.com,https://img.logo.dev/cscbank.com?format=png&size=400
433987,VISA,CREDIT,PLATINUM,SAMBA FINANCIAL GROUP,+9668001242000,http://www.samba.com,SA,SAU,SAUDI ARABIA,alahli.com,https://commons.wikimedia.org/wiki/File:Saudi_National_Bank_Logo.svg
433988,VISA,CREDIT,INFINITE,SAMBA FINANCIAL GROUP,+9668001242000,http://www.samba.com,SA,SAU,SAUDI ARABIA,alahli.com,https://commons.wikimedia.org/wiki/File:Saudi_National_Bank_Logo.svg
434102,VISA,CREDIT,PLATINUM,QATAR NATIONAL BANK S.A.E,,,EG,EGY,EGYPT,qnb.com,https://commons.wikimedia.org/wiki/File:Qatar_National_Bank_Logo.svg
434107,VISA,DEBIT,PREPAID CLASSIC,ALINMA BANK,,,SA,SAU,SAUDI ARABIA,alinma.com,https://commons.wikimedia.org/wiki/File:Alinma_Bank_logo.svg
434126,VISA,CREDIT,GOLD,QATAR NATIONAL BANK S.A.E,,,EG,EGY,EGYPT,qnb.com,https://commons.wikimedia.org/wiki/File:Qatar_National_Bank_Logo.svg
434127,VISA,CREDIT,GOLD,QATAR NATIONAL BANK S.A.E,,,EG,EGY,EGYPT,qnb.com,https://commons.wikimedia.org/wiki/File:Qatar_National_Bank_Logo.svg
434138,VISA,CREDIT,SIGNATURE,QATAR ISLAMIC BANK (S.A.Q.),+97444385555,,QA,QAT,QATAR,qib.com.qa,https://commons.wikimedia.org/wiki/File:Qatar_Islamic_Bank_Logo.svg
434141,VISA,DEBIT,CLASSIC,"DOHA BANK, LTD.",,,QA,QAT,QATAR,dohabank.com,https://commons.wikimedia.org/wiki/File:Doha_Bank_logo.svg
434143,VISA,CREDIT,PLATINUM,FIRST ABU DHABI BANK (PJSC),,,AE,ARE,UNITED ARAB EMIRATES,bankfab.com,https://commons.wikimedia.org/wiki/File:First_Abu_Dhabi_Bank_Logo.svg
434145,VISA,DEBIT,PREPAID PURCHASING,IRAQ ELECTRONIC GATE FOR FINANCIAL SERVICES CO. LTD.,,,IQ,IRQ,IRAQ,qicard.net,https://commons.wikimedia.org/wiki/File:Qi_card_logo.svg
434152,VISA,DEBIT,PREPAID CLASSIC,IRAQ ELECTRONIC GATE FOR FINANCIAL SERVICES CO. LTD.,,,IQ,IRQ,IRAQ,qicard.net,https://commons.wikimedia.org/wiki/File:Qi_card_logo.svg
434173,VISA,CREDIT,CLASSIC,HSBC BANK OMAN S.A.O.G,,,OM,OMN,OMAN,hsbc.com,https://commons.wikimedia.org/wiki/File:HSBC_logo_(2018).svg
434175,VISA,DEBIT,PREPAID BUSINESS,MASHREQBANK,,http://www.mashreqbank.com,EG,EGY,EGYPT,mashreqbank.com,https://commons.wikimedia.org/wiki/File:Mashreq_bank_logo.svg
434177,VISA,CREDIT,GOLD,QNB ALAHLI,,,EG,EGY,EGYPT,qnb.com,https://commons.wikimedia.org/wiki/File:Qatar_National_Bank_Logo.svg
434204,VISA,DEBIT,CLASSIC,THE COMMERCIAL BANK OF QATAR (Q.S.C.),,,QA,QAT,QATAR,cbq.qa,https://commons.wikimedia.org/wiki/File:Commercial_Bank_of_Qatar_Logo.svg
434477,VISA,DEBIT,PREPAID CLASSIC,ABU DHABI ISLAMIC BANK,+97126100600,http://www.adib.ae,AE,ARE,UNITED ARAB EMIRATES,adib.ae,https://commons.wikimedia.org/wiki/File:Abu_Dhabi_Islamic_Bank_Logo.svg
434479,VISA,CREDIT,CLASSIC,AHLI BANK (S.A.O.G),,,OM,OMN,OMAN,ahlibank.om,https://img.logo.dev/ahlibank.om?format=png&size=400
434607,VISA,DEBIT,PREPAID CORPORATE T&E,FIRST ABU DHABI BANK (PJSC),,,AE,ARE,UNITED ARAB EMIRATES,bankfab.com,https://commons.wikimedia.org/wiki/File:First_Abu_Dhabi_Bank_Logo.svg
434681,VISA,CREDIT,SIGNATURE,IRAQI ISLAMIC BANK FOR INVESTMENT AND DEVELOPMENT,,,IQ,IRQ,IRAQ,,
434694,VISA,CREDIT,,ARAB AFRICAN INTERNATIONAL BANK,+20224886679,http://www.aaib.com,EG,EGY,EGYPT,aaib.com,https://commons.wikimedia.org/wiki/File:Arab_African_International_Bank_Logo.svg
434775,VISA,DEBIT,PREPAID PLATINUM,NASS WALLET COMPANY FOR FINANCIAL AND PAYMENT SERVICES THROUGH CELLPHONES,,,IQ,IRQ,IRAQ,,
434941,VISA,CREDIT,CLASSIC,PROVISIONAL - FIRST ABU DHABI BANK (PJSC),,,EG,EGY,EGYPT,bankfab.com,https://commons.wikimedia.org/wiki/File:First_Abu_Dhabi_Bank_Logo.svg
434942,VISA,CREDIT,GOLD,PROVISIONAL - FIRST ABU DHABI BANK (PJSC),,,EG,EGY,EGYPT,bankfab.com,https://commons.wikimedia.org/wiki/File:First_Abu_Dhabi_Bank_Logo.svg
435008,VISA,DEBIT,PLATINUM,,,,IQ,IRQ,IRAQ,,
435208,VISA,CREDIT,REWARDS,THE HOUSING BANK FOR TRADE & FINANCE,,,JO,JOR,JORDAN,hbtf.com,https://commons.wikimedia.org/wiki/File:Housing_Bank_for_Trade_and_Finance_logo.svg
435209,VISA,CREDIT,CLASSIC,JORDAN COMMERCIAL BANK,+96265203000,http://www.jcbank.com.jo,JO,JOR,JORDAN,jcbank.com.jo,https://img.logo.dev/jcbank.com.jo?format=png&size=400
435220,VISA,CREDIT,CLASSIC,JORDAN COMMERCIAL BANK,+96265203000,http://www.jcbank.com.jo,JO,JOR,JORDAN,jcbank.com.jo,https://img.logo.dev/jcbank.com.jo?format=png&size=400
435240,VISA,CREDIT,PLATINUM,ARAB NATIONAL BANK,,,SA,SAU,SAUDI ARABIA,anb.com.sa,https://commons.wikimedia.org/wiki/File:Anb_new_logo.svg
435292,VISA,CREDIT,,,,,IL,ISR,ISRAEL,,
435311,VISA,DEBIT,CLASSIC,ABU DHABI ISLAMIC BANK,,http://www.adib.ae,IQ,IRQ,IRAQ,adib.ae,https://commons.wikimedia.org/wiki/File:Abu_Dhabi_Islamic_Bank_Logo.svg
435322,VISA,DEBIT,INFINITE,ABU DHABI ISLAMIC BANK,,http://www.adib.ae,IQ,IRQ,IRAQ,adib.ae,https://commons.wikimedia.org/wiki/File:Abu_Dhabi_Islamic_Bank_Logo.svg
435700,VISA,DEBIT,PREPAID PLATINUM,RIYAD BANK,,http://www.riyadbank.com,SA,SAU,SAUDI ARABIA,riyadbank.com,https://commons.wikimedia.org/wiki/File:Riyad_Bank_logo.svg
435717,VISA,DEBIT,PLATINUM,ZAND BANK P.J.S.C.,,,AE,ARE,UNITED ARAB EMIRATES,zand.ae,https://img.logo.dev/zand.ae?format=png&size=400
435723,VISA,CREDIT,SIGNATURE,AHLI BANK (S.A.O.G),,,OM,OMN,OMAN,ahlibank.om,https://img.logo.dev/ahlibank.om?format=png&size=400
435733,VISA,DEBIT,INFINITE,D360 BANK,,,SA,SAU,SAUDI ARABIA,d360.com,https://commons.wikimedia.org/wiki/File:D360_Bank.svg
435949,VISA,DEBIT,CLASSIC,BANK OF BARODA,,https://www.bankofbaroda.in,OM,OMN,OMAN,bankofbaroda.in,https://img.logo.dev/bankofbaroda.in?format=png&size=400
436321,VISA,CREDIT,CLASSIC,AL RAJHI BANKING AND INVESTMENT CORP.,4433 92 000 + 966 OR 33 334 601 +966,http://www.alrajhibank.com.sa,SA,SAU,SAUDI ARABIA,alrajhibank.com.sa,https://commons.wikimedia.org/wiki/File:Al_Rajhi_Bank_Logo.svg
436637,VISA,DEBIT,PREPAID CLASSIC,BANKMUSCAT (SAOG),,,OM,OMN,OMAN,bankmuscat.com,https://commons.wikimedia.org/wiki/File:Bank_Muscat_logo.svg
436737,VISA,DEBIT,GOLD,BANQUE MISR,+20223912150,http://www.banquemisr.com,EG,EGY,EGYPT,banquemisr.com,https://commons.wikimedia.org/wiki/File:Banque_Misr_logo.svg
436798,VISA,DEBIT,PREPAID CLASSIC,ARAB FINANCIAL SERVICES COMPANY,,,BH,BHR,BAHRAIN,afs.com.bh,https://img.logo.dev/afs.com.bh?format=png&size=400
436835,VISA,CREDIT,,,,,SA,SAU,SAUDI ARABIA,,
436976,VISA,CREDIT,,,,,SA,SAU,SAUDI ARABIA,,
437334,VISA,CREDIT,INFINITE,KHALEEJI BANK B.S.C,,,BH,BHR,BAHRAIN,khcbonline.com,https://commons.wikimedia.org/wiki/File:Khaleeji_Bank_logo.svg
437335,VISA,DEBIT,CLASSIC,AL-SALAM BANK - BAHRAIN B.S.C.,,,BH,BHR,BAHRAIN,alsalambank.com,https://commons.wikimedia.org/wiki/File:Al_Salam_Bank_logo.svg
437336,VISA,CREDIT,INFINITE,AL-SALAM BANK - BAHRAIN B.S.C.,,,BH,BHR,BAHRAIN,alsalambank.com,https://commons.wikimedia.org/wiki/File:Al_Salam_Bank_logo.svg
437367,VISA,CREDIT,INFINITE,MASHREQBANK,,http://www.mashreqbank.com,EG,EGY,EGYPT,mashreqbank.com,https://commons.wikimedia.org/wiki/File:Mashreq_bank_logo.svg
437394,VISA,CREDIT,CLASSIC,BANK AL ATIHAD,,,JO,JOR,JORDAN,,
437395,VISA,CREDIT,GOLD,BANK AL ATIHAD,,,JO,JOR,JORDAN,,
437397,VISA,DEBIT,PREPAID PLATINUM,NATIONAL BANK OF BAHRAIN B. S. C.,,,BH,BHR,BAHRAIN,nbbonline.com,https://commons.wikimedia.org/wiki/File:National_Bank_of_Bahrain_logo.svg
437425,VISA,DEBIT,CLASSIC,HSBC BANK OMAN (S.A.O.G),,,OM,OMN,OMAN,hsbc.com,https://commons.wikimedia.org/wiki/File:HSBC_logo_(2018).svg
437426,VISA,DEBIT,PLATINUM,HSBC BANK OMAN (S.A.O.G),,,OM,OMN,OMAN,hsbc.com,https://commons.wikimedia.org/wiki/File:HSBC_logo_(2018).svg
437427,VISA,DEBIT,PLATINUM,HSBC BANK OMAN (S.A.O.G),,,OM,OMN,OMAN,hsbc.com,https://commons.wikimedia.org/wiki/File:HSBC_logo_(2018).svg
437464,VISA,DEBIT,PREPAID,EMIRATES NBD,+971800456,http://www.emiratesnbd.com,AE,ARE,UNITED ARAB EMIRATES,emiratesnbd.com,https://commons.wikimedia.org/wiki/File:Emirates_NBD_logo.svg
437494,VISA,CREDIT,PLATINUM,CREDIT LIBANAIS S.A.L.,+9611900111,http://www.creditlibanais.com.lb,LB,LBN,LEBANON,creditlibanais.com,https://commons.wikimedia.org/wiki/File:Credit_Libanais_logo.svg
437495,VISA,CREDIT,INFINITE,CREDIT LIBANAIS S.A.L.,+9611900111,http://www.creditlibanais.com.lb,LB,LBN,LEBANON,creditlibanais.com,https://commons.wikimedia.org/wiki/File:Credit_Libanais_logo.svg
437496,VISA,CREDIT,PLATINUM,INDUSTRIAL BANK,,https://www.cib.com.cn,IQ,IRQ,IRAQ,cib.com.cn,https://img.logo.dev/cib.com.cn?format=png&size=400
437530,VISA,DEBIT,,CREDIT LIBANAIS S.A.L.,00961-1-900 111,http://www.creditlibanais.com.lb,BH,BHR,BAHRAIN,creditlibanais.com,https://commons.wikimedia.org/wiki/File:Credit_Libanais_logo.svg
437535,VISA,DEBIT,PREPAID CLASSIC,CREDIMAX B.S.C. (CLOSED),,,BH,BHR,BAHRAIN,max.co.il,https://commons.wikimedia.org/wiki/File:Max_It_Finance_logo.svg
437544,VISA,DEBIT,PREPAID PLATINUM,NYMCARD PAYMENT SERVICES L.L.C.,,,AE,ARE,UNITED ARAB EMIRATES,nymcard.com,https://img.logo.dev/nymcard.com?format=png&size=400
437545,VISA,DEBIT,BUSINESS,QATAR NATIONAL BANK S.A.E,,,EG,EGY,EGYPT,qnb.com,https://commons.wikimedia.org/wiki/File:Qatar_National_Bank_Logo.svg
437548,VISA,DEBIT,PREPAID CORPORATE T&E,MAJID AL FUTTAIM FINANCE,,,AE,ARE,UNITED ARAB EMIRATES,,
437556,VISA,CREDIT,SIGNATURE,MIDBANK S.A.E,,,EG,EGY,EGYPT,midbank.com.eg,https://img.logo.dev/midbank.com.eg?format=png&size=400
437569,VISA,DEBIT,ELECTRON,BANKMUSCAT LTD. (S.A.O.G.),,,OM,OMN,OMAN,bankmuscat.com,https://commons.wikimedia.org/wiki/File:Bank_Muscat_logo.svg
437974,VISA,CREDIT,PLATINUM,BANQUE SAUDI FRANSI,966 1 289 9999 OR 966 1 874 4000,http://www.alfransi.com.sa,SA,SAU,SAUDI ARABIA,alfransi.com.sa,https://commons.wikimedia.org/wiki/File:Banque_Saudi_Fransi_Logo.svg
437975,VISA,CREDIT,INFINITE,BANQUE SAUDI FRANSI,966 1 289 9999 OR 966 1 874 4000,http://www.alfransi.com.sa,SA,SAU,SAUDI ARABIA,alfransi.com.sa,https://commons.wikimedia.org/wiki/File:Banque_Saudi_Fransi_Logo.svg
437976,VISA,CREDIT,SIGNATURE,BANQUE SAUDI FRANSI,966 1 289 9999 OR 966 1 874 4000,http://www.alfransi.com.sa,SA,SAU,SAUDI ARABIA,alfransi.com.sa,https://commons.wikimedia.org/wiki/File:Banque_Saudi_Fransi_Logo.svg
437977,VISA,CREDIT,SIGNATURE,BANQUE SAUDI FRANSI,966 1 289 9999 OR 966 1 874 4000,http://www.alfransi.com.sa,SA,SAU,SAUDI ARABIA,alfransi.com.sa,https://commons.wikimedia.org/wiki/File:Banque_Saudi_Fransi_Logo.svg
437978,VISA,CREDIT,ULTRA HIGH NET WORTH,BANQUE SAUDI FRANSI,966 1 289 9999 OR 966 1 874 4000,http://www.alfransi.com.sa,SA,SAU,SAUDI ARABIA,alfransi.com.sa,https://commons.wikimedia.org/wiki/File:Banque_Saudi_Fransi_Logo.svg
437979,VISA,CREDIT,SIGNATURE,BANQUE SAUDI FRANSI,966 1 289 9999 OR 966 1 874 4000,http://www.alfransi.com.sa,SA,SAU,SAUDI ARABIA,alfransi.com.sa,https://commons.wikimedia.org/wiki/File:Banque_Saudi_Fransi_Logo.svg
437991,VISA,DEBIT,PREPAID,,,,LB,LBN,LEBANON,,
438083,VISA,CREDIT,GOLD,SOHAR INTERNATIONAL BANK (S.A.O.G),,,OM,OMN,OMAN,soharinternational.com,https://commons.wikimedia.org/wiki/File:Sohar_International_logo.svg
438123,VISA,CREDIT,PLATINUM,BURGAN BANK (S.A.K.),,,KW,KWT,KUWAIT,burgan.com,https://commons.wikimedia.org/wiki/File:Burgan_Bank_logo.svg
438124,VISA,CREDIT,PLATINUM,BURGAN BANK (S.A.K.),,,KW,KWT,KUWAIT,burgan.com,https://commons.wikimedia.org/wiki/File:Burgan_Bank_logo.svg
438169,VISA,CREDIT,PLATINUM,BANQUE MISR,+20223912150,http://www.banquemisr.com,EG,EGY,EGYPT,banquemisr.com,https://commons.wikimedia.org/wiki/File:Banque_Misr_logo.svg
438172,VISA,CREDIT,GOLD,BANQUE MISR,+20223912150,http://www.banquemisr.com,EG,EGY,EGYPT,banquemisr.com,https://commons.wikimedia.org/wiki/File:Banque_Misr_logo.svg
438227,VISA,CREDIT,SIGNATURE,DUKHAN BANK,,,QA,QAT,QATAR,dukhanbank.com,https://commons.wikimedia.org/wiki/File:Dukhan_Bank_logo.svg
438353,VISA,CREDIT,SIGNATURE,GULF COMMERCIAL BANK,,,IQ,IRQ,IRAQ,,
438680,VISA,DEBIT,CLASSIC,THE GROUP FOR CARD SERVICES,,,QA,QAT,QATAR,,
438772,VISA,CREDIT,SIGNATURE,ARAB NATIONAL BANK,,,SA,SAU,SAUDI ARABIA,anb.com.sa,https://commons.wikimedia.org/wiki/File:Anb_new_logo.svg
438807,VISA,DEBIT,CLASSIC,BANQUE MISR,+20223912150,http://www.banquemisr.com,EG,EGY,EGYPT,banquemisr.com,https://commons.wikimedia.org/wiki/File:Banque_Misr_logo.svg
438929,VISA,DEBIT,REWARDS,COMMERCIAL BANK OF DUBAI(PSC),,,AE,ARE,UNITED ARAB EMIRATES,cbd.ae,https://commons.wikimedia.org/wiki/File:Commercial_Bank_of_Dubai_logo.svg
438980,VISA,CREDIT,CLASSIC,ABU DHABI COMMERCIAL BANK,+97126962222,http://www.adcb.com,AE,ARE,UNITED ARAB EMIRATES,adcb.com,https://commons.wikimedia.org/wiki/File:Abu_Dhabi_Commercial_Bank_Logo.svg
438981,VISA,CREDIT,GOLD,ABU DHABI COMMERCIAL BANK,+97126962222,http://www.adcb.com,AE,ARE,UNITED ARAB EMIRATES,adcb.com,https://commons.wikimedia.org/wiki/File:Abu_Dhabi_Commercial_Bank_Logo.svg
438982,VISA,DEBIT,CLASSIC,ABU DHABI COMMERCIAL BANK,+97126962222,http://www.adcb.com,AE,ARE,UNITED ARAB EMIRATES,adcb.com,https://commons.wikimedia.org/wiki/File:Abu_Dhabi_Commercial_Bank_Logo.svg
438990,VISA,DEBIT,SIGNATURE,BAHRAIN ISLAMIC BANK BSC,,,BH,BHR,BAHRAIN,bisb.com,https://commons.wikimedia.org/wiki/File:BisB_logo.svg
438993,VISA,DEBIT,GOLD,EMIRATES NBD,+971800456,http://www.emiratesnbd.com,AE,ARE,UNITED ARAB EMIRATES,emiratesnbd.com,https://commons.wikimedia.org/wiki/File:Emirates_NBD_logo.svg
438996,VISA,DEBIT,GOLD,BAHRAIN ISLAMIC BANK BSC,,,BH,BHR,BAHRAIN,bisb.com,https://commons.wikimedia.org/wiki/File:BisB_logo.svg
438997,VISA,CREDIT,ULTRA HIGH NET WORTH,KHALEEJI BANK B.S.C,,,BH,BHR,BAHRAIN,khcbonline.com,https://commons.wikimedia.org/wiki/File:Khaleeji_Bank_logo.svg
438998,VISA,DEBIT,PREPAID CLASSIC,ARAB FINANCIAL SERVICES COMPANY,,,BH,BHR,BAHRAIN,afs.com.bh,https://img.logo.dev/afs.com.bh?format=png&size=400
439052,VISA,DEBIT,SIGNATURE,HSBC BANK MIDDLE EAST,+97142241000,http://www.hsbc.ae,AE,ARE,UNITED ARAB EMIRATES,hsbc.com,https://commons.wikimedia.org/wiki/File:HSBC_logo_(2018).svg
439073,VISA,CREDIT,,FRANSABANK S.A.L.,+9611340180,http://www.fransabank.com,LB,LBN,LEBANON,fransabank.com,https://commons.wikimedia.org/wiki/File:Fransabank_logo.svg
439097,VISA,CREDIT,BUSINESS SIGNATURE,NATIONAL BANK OF OMAN LIMITED (S.A.O.G.),,,OM,OMN,OMAN,nbo.om,https://commons.wikimedia.org/wiki/File:National_Bank_of_Oman_logo.svg
439141,VISA,CREDIT,SIGNATURE,AL-SALAM BANK - BAHRAIN B.S.C.,,,BH,BHR,BAHRAIN,alsalambank.com,https://commons.wikimedia.org/wiki/File:Al_Salam_Bank_logo.svg
439277,VISA,CREDIT,INFINITE,SAUDI AWWAL BANK,,,SA,SAU,SAUDI ARABIA,sab.com,https://commons.wikimedia.org/wiki/File:Saudi_Awwal_Bank_Logo.svg
439339,VISA,DEBIT,PREPAID PLATINUM,EMIRATES NBD BANK (P.J.S.C.),+971800456,http://www.emiratesnbd.com,AE,ARE,UNITED ARAB EMIRATES,emiratesnbd.com,https://commons.wikimedia.org/wiki/File:Emirates_NBD_logo.svg
439357,VISA,DEBIT,PREPAID CLASSIC,NATIONAL BANK OF OMAN LIMITED (S.A.O.G.),,,OM,OMN,OMAN,nbo.om,https://commons.wikimedia.org/wiki/File:National_Bank_of_Oman_logo.svg
439370,VISA,DEBIT,PREPAID PLATINUM,ARAB NATIONAL BANK,,,SA,SAU,SAUDI ARABIA,anb.com.sa,https://commons.wikimedia.org/wiki/File:Anb_new_logo.svg
439950,VISA,CREDIT,PLATINUM,FIRST ABU DHABI BANK (PJSC),,,OM,OMN,OMAN,bankfab.com,https://commons.wikimedia.org/wiki/File:First_Abu_Dhabi_Bank_Logo.svg
439954,VISA,DEBIT,CLASSIC,GIB-SA,,,SA,SAU,SAUDI ARABIA,gib.com,https://commons.wikimedia.org/wiki/File:Gulf_International_Bank_Logo.svg
439955,VISA,CREDIT,PLATINUM,GIB-SA,,,SA,SAU,SAUDI ARABIA,gib.com,https://commons.wikimedia.org/wiki/File:Gulf_International_Bank_Logo.svg
439956,VISA,DEBIT,PLATINUM,GULF INTERNATIONAL BANK B.S.C.,,,BH,BHR,BAHRAIN,gib.com,https://commons.wikimedia.org/wiki/File:Gulf_International_Bank_Logo.svg
439962,VISA,CREDIT,INFINITE,CREDIT LIBANAIS S.A.L.,+9611900111,http://www.creditlibanais.com.lb,LB,LBN,LEBANON,creditlibanais.com,https://commons.wikimedia.org/wiki/File:Credit_Libanais_logo.svg
440033,VISA,DEBIT,PLATINUM,BANK OF BEIRUT SAL,,,LB,LBN,LEBANON,bankofbeirut.com,https://commons.wikimedia.org/wiki/File:Bank_of_Beirut_logo.svg
440034,VISA,CREDIT,PLATINUM,BANK OF BEIRUT SAL,,,LB,LBN,LEBANON,bankofbeirut.com,https://commons.wikimedia.org/wiki/File:Bank_of_Beirut_logo.svg
440037,VISA,CREDIT,SIGNATURE BUSINESS,BANK OF BEIRUT SAL,,,LB,LBN,LEBANON,bankofbeirut.com,https://commons.wikimedia.org/wiki/File:Bank_of_Beirut_logo.svg
440038,VISA,DEBIT,BUSINESS,BANK OF BEIRUT SAL,,,LB,LBN,LEBANON,bankofbeirut.com,https://commons.wikimedia.org/wiki/File:Bank_of_Beirut_logo.svg
440207,VISA,DEBIT,CLASSIC,BANQUE MISR,,http://www.banquemisr.com,EG,EGY,EGYPT,banquemisr.com,https://commons.wikimedia.org/wiki/File:Banque_Misr_logo.svg
440208,VISA,CREDIT,CLASSIC,QATAR NATIONAL BANK AL AHLI S.A.E.,,,EG,EGY,EGYPT,qnb.com,https://commons.wikimedia.org/wiki/File:Qatar_National_Bank_Logo.svg
440250,VISA,DEBIT,PREPAID PURCHASING,ARAB FINANCIAL SERVICES COMPANY,,,BH,BHR,BAHRAIN,afs.com.bh,https://img.logo.dev/afs.com.bh?format=png&size=400
440300,VISA,CREDIT,BUSINESS,"ISRACARD, LTD.",,,IL,ISR,ISRAEL,isracard.co.il,https://commons.wikimedia.org/wiki/File:Isracard_logo.svg
440302,VISA,CREDIT,GOLD,"ISRACARD, LTD.",,,IL,ISR,ISRAEL,isracard.co.il,https://commons.wikimedia.org/wiki/File:Isracard_logo.svg
440303,VISA,CREDIT,,BANK LEUMI LE-ISRAEL B.M.,+97239544555,http://english.leumi.co.il,IL,ISR,ISRAEL,leumi.co.il,https://commons.wikimedia.org/wiki/File:Bank_Leumi_Logo.svg
440304,VISA,DEBIT,PREPAID,MASHREQBANK,+97143632250,http://www.mashreqbank.com,AE,ARE,UNITED ARAB EMIRATES,mashreqbank.com,https://commons.wikimedia.org/wiki/File:Mashreq_bank_logo.svg
440309,VISA,CREDIT,PLATINUM,CREDIMAX B.S.C. (CLOSED),,,BH,BHR,BAHRAIN,max.co.il,https://commons.wikimedia.org/wiki/File:Max_It_Finance_logo.svg
440413,VISA,CREDIT,PLATINUM,NETWORK INTERNATIONAL LLC,,,AE,ARE,UNITED ARAB EMIRATES,network.ae,https://img.logo.dev/network.ae?format=png&size=400
440420,VISA,CREDIT,BUSINESS ENHANCED,FIRST ABU DHABI BANK (PJSC),,,AE,ARE,UNITED ARAB EMIRATES,bankfab.com,https://commons.wikimedia.org/wiki/File:First_Abu_Dhabi_Bank_Logo.svg
440451,VISA,CREDIT,BUSINESS,ASEEL FINANCE JSC,,,AE,ARE,UNITED ARAB EMIRATES,,
440478,VISA,CREDIT,BUSINESS ENHANCED,FIRST ABU DHABI BANK (PJSC),,,AE,ARE,UNITED ARAB EMIRATES,bankfab.com,https://commons.wikimedia.org/wiki/File:First_Abu_Dhabi_Bank_Logo.svg
440518,VISA,DEBIT,ULTRA HIGH NET WORTH,INTL HDQTRS-CENTER OWNED,,,QA,QAT,QATAR,,
440532,VISA,CREDIT,PLATINUM,BANK AL JAZIRA,(966) 2 609 8888,http://www.baj.com.sa,SA,SAU,SAUDI ARABIA,baj.com.sa,https://commons.wikimedia.org/wiki/File:Aljazira_Bank_Logo.svg
440533,VISA,DEBIT,CLASSIC,BANK AL JAZIRA,(966) 2 609 8888,http://www.baj.com.sa,SA,SAU,SAUDI ARABIA,baj.com.sa,https://commons.wikimedia.org/wiki/File:Aljazira_Bank_Logo.svg
440545,VISA,CREDIT,,BLOM BANK S.A.L.,(961-1) 738938 - 743300 OR (961-1) 372780 - 370830 - 373102,http://www.blom.com.lb,LB,LBN,LEBANON,blom.com.lb,https://commons.wikimedia.org/wiki/File:BLOM_Bank_logo.svg
440546,VISA,CREDIT,,BANK AUDI S.A.L. - AUDI SARADAR GROUP,,,LB,LBN,LEBANON,bankaudigroup.com,https://commons.wikimedia.org/wiki/File:Bank_Audi_logo.svg
440568,VISA,CREDIT,REWARDS,FRANSABANK S.A.L.,+9611340180,http://www.fransabank.com,LB,LBN,LEBANON,fransabank.com,https://commons.wikimedia.org/wiki/File:Fransabank_logo.svg
440569,VISA,CREDIT,REWARDS,FRANSABANK S.A.L.,+9611340180,http://www.fransabank.com,LB,LBN,LEBANON,fransabank.com,https://commons.wikimedia.org/wiki/File:Fransabank_logo.svg
440575,VISA,DEBIT,SIGNATURE,ARAB AFRICAN INTERNATIONAL BANK,+20224886679,http://www.aaib.com,EG,EGY,EGYPT,aaib.com,https://commons.wikimedia.org/wiki/File:Arab_African_International_Bank_Logo.svg
440576,VISA,DEBIT,INFINITE,ARAB AFRICAN INTERNATIONAL BANK,+20224886679,http://www.aaib.com,EG,EGY,EGYPT,aaib.com,https://commons.wikimedia.org/wiki/File:Arab_African_International_Bank_Logo.svg
440583,VISA,CREDIT,CORPORATE T&E,CQUR BANK LLC,,,QA,QAT,QATAR,,
440598,VISA,DEBIT,PREPAID TRAVEL MONEY,CITICORP,+97143114000,http://www.latam.citibank.com,AE,ARE,UNITED ARAB EMIRATES,citibank.com,https://commons.wikimedia.org/wiki/File:Citibank.svg
440625,VISA,CREDIT,GOLD,"COMMERCIAL BANK OF KUWAIT, S.A.K.",00971 2 6447944,http://www.cbk.com,KW,KWT,KUWAIT,cbk.com,https://commons.wikimedia.org/wiki/File:Commercial_Bank_of_Kuwait_logo.svg
440629,VISA,CREDIT,CLASSIC,SAUDI INVESTMENT BANK,,,SA,SAU,SAUDI ARABIA,saib.com.sa,https://commons.wikimedia.org/wiki/File:Saudi_Investment_Bank_Logo.svg
440630,VISA,DEBIT,ELECTRON,SAUDI INVESTMENT BANK,,,SA,SAU,SAUDI ARABIA,saib.com.sa,https://commons.wikimedia.org/wiki/File:Saudi_Investment_Bank_Logo.svg
440631,VISA,CREDIT,GOLD,SAUDI INVESTMENT BANK,,,SA,SAU,SAUDI ARABIA,saib.com.sa,https://commons.wikimedia.org/wiki/File:Saudi_Investment_Bank_Logo.svg
440647,VISA,DEBIT,CLASSIC,BANQUE SAUDI FRANSI,966 1 289 9999 OR 966 1 874 4000,http://www.alfransi.com.sa,SA,SAU,SAUDI ARABIA,alfransi.com.sa,https://commons.wikimedia.org/wiki/File:Banque_Saudi_Fransi_Logo.svg
440662,VISA,CREDIT,CLASSIC,BBAC S.A.L,+9614727747,http://www.bbacbank.com,LB,LBN,LEBANON,bbacbank.com,https://img.logo.dev/bbacbank.com?format=png&size=400
440663,VISA,CREDIT,GOLD,BBAC S.A.L,+9614727747,http://www.bbacbank.com,LB,LBN,LEBANON,bbacbank.com,https://img.logo.dev/bbacbank.com?format=png&size=400
440700,VISA,CREDIT,CLASSIC,BANQUE DU CAIRE,+20222648410,http://www.bdc.com.eg,EG,EGY,EGYPT,bdc.com.eg,https://commons.wikimedia.org/wiki/File:Banque_du_Caire_logo.svg
440701,VISA,CREDIT,GOLD,BANQUE DU CAIRE,+20222648410,http://www.bdc.com.eg,EG,EGY,EGYPT,bdc.com.eg,https://commons.wikimedia.org/wiki/File:Banque_du_Caire_logo.svg
440704,VISA,CREDIT,CORPORATE T&E,"NATIONAL BANK OF KUWAIT - EGYPT (NBK), S.A.E.",,,EG,EGY,EGYPT,nbk.com,https://commons.wikimedia.org/wiki/File:National_Bank_of_Kuwait_logo.svg
440711,VISA,DEBIT,ELECTRON,BURGAN BANK (S.A.K.),,,KW,KWT,KUWAIT,burgan.com,https://commons.wikimedia.org/wiki/File:Burgan_Bank_logo.svg
440717,VISA,CREDIT,CLASSIC,BANK AUDI SAL,,,LB,LBN,LEBANON,bankaudigroup.com,https://commons.wikimedia.org/wiki/File:Bank_Audi_logo.svg
440718,VISA,DEBIT,GOLD,BANK AUDI S.A.L. - AUDI SARADAR GROUP,,,LB,LBN,LEBANON,bankaudigroup.com,https://commons.wikimedia.org/wiki/File:Bank_Audi_logo.svg
440786,VISA,CREDIT,REWARDS,BLOM BANK S.A.L.,(961-1) 738938 - 743300 OR (961-1) 372780 - 370830 - 373102,http://www.blom.com.lb,LB,LBN,LEBANON,blom.com.lb,https://commons.wikimedia.org/wiki/File:BLOM_Bank_logo.svg
440788,VISA,DEBIT,REWARDS,BLOM BANK S.A.L.,(961-1) 738938 - 743300 OR (961-1) 372780 - 370830 - 373102,http://www.blom.com.lb,LB,LBN,LEBANON,blom.com.lb,https://commons.wikimedia.org/wiki/File:BLOM_Bank_logo.svg
440789,VISA,CREDIT,GOLD,BANQUE AUDI S.A.L.,+9614727777,http://www.banqueaudi.com,LB,LBN,LEBANON,banqueaudi.com,https://img.logo.dev/banqueaudi.com?format=png&size=400
440795,VISA,DEBIT,BUSINESS,BANQUE SAUDI FRANSI,966 1 289 9999 OR 966 1 874 4000,http://www.alfransi.com.sa,SA,SAU,SAUDI ARABIA,alfransi.com.sa,https://commons.wikimedia.org/wiki/File:Banque_Saudi_Fransi_Logo.svg
440800,VISA,DEBIT,PREPAID PLATINUM,BURGAN BANK (S.A.K.),,,KW,KWT,KUWAIT,burgan.com,https://commons.wikimedia.org/wiki/File:Burgan_Bank_logo.svg
440801,VISA,DEBIT,PREPAID PLATINUM,BURGAN BANK (S.A.K.),,,KW,KWT,KUWAIT,burgan.com,https://commons.wikimedia.org/wiki/File:Burgan_Bank_logo.svg
440831,VISA,DEBIT,PREPAID PLATINUM,BURGAN BANK (S.A.K.),,,KW,KWT,KUWAIT,burgan.com,https://commons.wikimedia.org/wiki/File:Burgan_Bank_logo.svg
440874,VISA,DEBIT,ELECTRON,EMIRATES NBD,+971800456,http://www.emiratesnbd.com,AE,ARE,UNITED ARAB EMIRATES,emiratesnbd.com,https://commons.wikimedia.org/wiki/File:Emirates_NBD_logo.svg
440885,VISA,DEBIT,SIGNATURE,COMMERCIAL BANK OF DUBAI(PSC),,,AE,ARE,UNITED ARAB EMIRATES,cbd.ae,https://commons.wikimedia.org/wiki/File:Commercial_Bank_of_Dubai_logo.svg
440979,VISA,DEBIT,GOLD,BANQUE MISR,+20223912150,http://www.banquemisr.com,EG,EGY,EGYPT,banquemisr.com,https://commons.wikimedia.org/wiki/File:Banque_Misr_logo.svg
440983,VISA,DEBIT,PREPAID CLASSIC,BANQUE MISR,+20223912150,http://www.banquemisr.com,EG,EGY,EGYPT,banquemisr.com,https://commons.wikimedia.org/wiki/File:Banque_Misr_logo.svg
440989,VISA,CREDIT,PLATINUM,FIRST ABU DHABI BANK (PJSC),,,AE,ARE,UNITED ARAB EMIRATES,bankfab.com,https://commons.wikimedia.org/wiki/File:First_Abu_Dhabi_Bank_Logo.svg
440997,VISA,DEBIT,PLATINUM,FIRST ABU DHABI BANK (PJSC),,,AE,ARE,UNITED ARAB EMIRATES,bankfab.com,https://commons.wikimedia.org/wiki/File:First_Abu_Dhabi_Bank_Logo.svg
441004,VISA,DEBIT,GOLD,ARAB INTERNATIONAL BANK,23918794,http://www.aib.com.eg,EG,EGY,EGYPT,aib.com.eg,https://img.logo.dev/aib.com.eg?format=png&size=400
441127,VISA,DEBIT,PREPAID CORPORATE T&E,UAE EXCHANGE CENTRE LLC,+97142617575,http://www.uaeexchange.com,AE,ARE,UNITED ARAB EMIRATES,uaeexchange.com,https://img.logo.dev/uaeexchange.com?format=png&size=400
441176,VISA,CREDIT,INFINITE,BANK AL ETIHAD,,,JO,JOR,JORDAN,bankaletihad.com,https://commons.wikimedia.org/wiki/File:Bank_al_Etihad_logo.svg
441180,VISA,DEBIT,INFINITE,BANK AL ETIHAD,,,JO,JOR,JORDAN,bankaletihad.com,https://commons.wikimedia.org/wiki/File:Bank_al_Etihad_logo.svg
441193,VISA,CREDIT,SIGNATURE,BANK AL ETIHAD,,,JO,JOR,JORDAN,bankaletihad.com,https://commons.wikimedia.org/wiki/File:Bank_al_Etihad_logo.svg
441194,VISA,DEBIT,PREPAID CLASSIC,BANQUE MISR,+20223912150,http://www.banquemisr.com,EG,EGY,EGYPT,banquemisr.com,https://commons.wikimedia.org/wiki/File:Banque_Misr_logo.svg
441195,VISA,CREDIT,CLASSIC,FIRST ABU DHABI BANK PJSC,+971600525500,https://www.bankfab.com,AE,ARE,UNITED ARAB EMIRATES,bankfab.com,https://commons.wikimedia.org/wiki/File:First_Abu_Dhabi_Bank_Logo.svg
441196,VISA,CREDIT,GOLD,FIRST ABU DHABI BANK PJSC,+971600525500,https://www.bankfab.com,AE,ARE,UNITED ARAB EMIRATES,bankfab.com,https://commons.wikimedia.org/wiki/File:First_Abu_Dhabi_Bank_Logo.svg
441198,VISA,DEBIT,SIGNATURE,BANK AL ETIHAD,,,JO,JOR,JORDAN,bankaletihad.com,https://commons.wikimedia.org/wiki/File:Bank_al_Etihad_logo.svg
441215,VISA,CREDIT,SIGNATURE,THE COMMERCIAL BANK OF KUWAIT S.A.K.,,,KW,KWT,KUWAIT,cbk.com,https://commons.wikimedia.org/wiki/File:Commercial_Bank_of_Kuwait_logo.svg
441286,VISA,CREDIT,INFINITE,THE HOUSING BANK FOR TRADE & FINANCE,,,JO,JOR,JORDAN,hbtf.com,https://commons.wikimedia.org/wiki/File:Housing_Bank_for_Trade_and_Finance_logo.svg
441330,VISA,CREDIT,,"DOHA BANK, LTD.",,,KW,KWT,KUWAIT,dohabank.com,https://commons.wikimedia.org/wiki/File:Doha_Bank_logo.svg
441350,VISA,DEBIT,PREPAID,,,,SA,SAU,SAUDI ARABIA,,
441374,VISA,DEBIT,PREPAID CLASSIC,AL ANSARI EXCHANGE LLC,,,AE,ARE,UNITED ARAB EMIRATES,,
441375,VISA,CREDIT,BUSINESS ENHANCED,AL RAJHI BANKING AND INVESTMENT CORP.,4433 92 000 + 966 OR 33 334 601 +966,http://www.alrajhibank.com.sa,SA,SAU,SAUDI ARABIA,alrajhibank.com.sa,https://commons.wikimedia.org/wiki/File:Al_Rajhi_Bank_Logo.svg
441555,VISA,DEBIT,CLASSIC,BANK OF BAHRAIN & KUWAIT B.S.C.,,,BH,BHR,BAHRAIN,bbkonline.com,https://commons.wikimedia.org/wiki/File:BBK_logo.svg
441658,VISA,DEBIT,PREPAID BUSINESS,STC BANK,,,SA,SAU,SAUDI ARABIA,stcbank.com.sa,https://commons.wikimedia.org/wiki/File:Stc_pay_logo.svg
441773,VISA,CREDIT,REWARDS,BYBLOS BANK,,,LB,LBN,LEBANON,byblosbank.com,https://commons.wikimedia.org/wiki/File:Byblos_Bank_logo.svg
442022,VISA,DEBIT,PREPAID PLATINUM,QATAR NATIONAL BANK (Q.P.S.C.),,,QA,QAT,QATAR,qnb.com,https://commons.wikimedia.org/wiki/File:Qatar_National_Bank_Logo.svg
442104,VISA,CREDIT,PLATINUM,THE GULF BANK K.S.C.,,,KW,KWT,KUWAIT,e-gulfbank.com,https://commons.wikimedia.org/wiki/File:Gulf_Bank_Kuwait_logo.svg
442105,VISA,CREDIT,CLASSIC,THE GULF BANK K.S.C.,,,KW,KWT,KUWAIT,e-gulfbank.com,https://commons.wikimedia.org/wiki/File:Gulf_Bank_Kuwait_logo.svg
442109,VISA,CREDIT,INFINITE,EMIRATES ISLAMIC BANK P.J.S.C.,,,AE,ARE,UNITED ARAB EMIRATES,emiratesislamic.ae,https://commons.wikimedia.org/wiki/File:Emirates_Islamic_logo.svg
442130,VISA,CREDIT,PURCHASING,ARAB BANK PLC,+97317541000,http://www.arabbank.jo,BH,BHR,BAHRAIN,arabbank.com,https://commons.wikimedia.org/wiki/File:Arab_Bank_logo.svg
442131,VISA,CREDIT,BUSINESS ENHANCED,ARAB JORDAN INVESTMENT BANK,,,JO,JOR,JORDAN,ajib.com,https://img.logo.dev/ajib.com?format=png&size=400
442141,VISA,DEBIT,BUSINESS ENHANCED,CREDIT AGRICOLE EGYPT S.A.E.,+20952381002,http://www.ca-egypt.com,EG,EGY,EGYPT,ca-egypt.com,https://commons.wikimedia.org/wiki/File:Cr%C3%A9dit_Agricole.svg
442164,VISA,CREDIT,CLASSIC,FIRST ABU DHABI BANK PJSC,+971600525500,https://www.bankfab.com,AE,ARE,UNITED ARAB EMIRATES,bankfab.com,https://commons.wikimedia.org/wiki/File:First_Abu_Dhabi_Bank_Logo.svg
442165,VISA,CREDIT,PLATINUM,FIRST ABU DHABI BANK PJSC,+971600525500,https://www.bankfab.com,AE,ARE,UNITED ARAB EMIRATES,bankfab.com,https://commons.wikimedia.org/wiki/File:First_Abu_Dhabi_Bank_Logo.svg
442166,VISA,CREDIT,PLATINUM,FIRST ABU DHABI BANK (PJSC),,,AE,ARE,UNITED ARAB EMIRATES,bankfab.com,https://commons.wikimedia.org/wiki/File:First_Abu_Dhabi_Bank_Logo.svg
442169,VISA,CREDIT,PLATINUM,ABU DHABI ISLAMIC BANK,+97126100600,http://www.adib.ae,AE,ARE,UNITED ARAB EMIRATES,adib.ae,https://commons.wikimedia.org/wiki/File:Abu_Dhabi_Islamic_Bank_Logo.svg
442170,VISA,CREDIT,PLATINUM,ABU DHABI ISLAMIC BANK,+97126100600,http://www.adib.ae,AE,ARE,UNITED ARAB EMIRATES,adib.ae,https://commons.wikimedia.org/wiki/File:Abu_Dhabi_Islamic_Bank_Logo.svg
442171,VISA,CREDIT,PLATINUM,ABU DHABI ISLAMIC BANK,+97126100600,http://www.adib.ae,AE,ARE,UNITED ARAB EMIRATES,adib.ae,https://commons.wikimedia.org/wiki/File:Abu_Dhabi_Islamic_Bank_Logo.svg
442172,VISA,DEBIT,CLASSIC,BARCLAYS BANK PLC,+97143626888,http://www.barclays.co.uk,AE,ARE,UNITED ARAB EMIRATES,barclays.com,https://commons.wikimedia.org/wiki/File:Barclays_logo.svg
442178,VISA,CREDIT,PLATINUM,MASHREQBANK,+97143632250,http://www.mashreqbank.com,AE,ARE,UNITED ARAB EMIRATES,mashreqbank.com,https://commons.wikimedia.org/wiki/File:Mashreq_bank_logo.svg
442179,VISA,CREDIT,PLATINUM,MASHREQ BANK,+97143632250,http://www.mashreqbank.com,AE,ARE,UNITED ARAB EMIRATES,mashreqbank.com,https://commons.wikimedia.org/wiki/File:Mashreq_bank_logo.svg
442180,VISA,CREDIT,PLATINUM,MASHREQBANK,+97143632250,http://www.mashreqbank.com,AE,ARE,UNITED ARAB EMIRATES,mashreqbank.com,https://commons.wikimedia.org/wiki/File:Mashreq_bank_logo.svg
442233,VISA,CREDIT,,,,,AE,ARE,UNITED ARAB EMIRATES,,
442421,VISA,CREDIT,PLATINUM,QATAR NATIONAL BANK,+97444622724,http://www.qnb.com.qa,QA,QAT,QATAR,qnb.com,https://commons.wikimedia.org/wiki/File:Qatar_National_Bank_Logo.svg
442422,VISA,CREDIT,PLATINUM,QATAR NATIONAL BANK,+97444622724,http://www.qnb.com.qa,QA,QAT,QATAR,qnb.com,https://commons.wikimedia.org/wiki/File:Qatar_National_Bank_Logo.svg
442429,VISA,CREDIT,ULTRA HIGH NET WORTH,QATAR NATIONAL BANK (Q.P.S.C.),,,QA,QAT,QATAR,qnb.com,https://commons.wikimedia.org/wiki/File:Qatar_National_Bank_Logo.svg
442445,VISA,DEBIT,PREPAID CLASSIC,ABU DHABI ISLAMIC BANK,+97126100600,http://www.adib.ae,AE,ARE,UNITED ARAB EMIRATES,adib.ae,https://commons.wikimedia.org/wiki/File:Abu_Dhabi_Islamic_Bank_Logo.svg
442446,VISA,CREDIT,SIGNATURE,THE GULF BANK K.S.C.,,,KW,KWT,KUWAIT,e-gulfbank.com,https://commons.wikimedia.org/wiki/File:Gulf_Bank_Kuwait_logo.svg
442463,VISA,DEBIT,CLASSIC,D360 BANK,,,SA,SAU,SAUDI ARABIA,d360.com,https://commons.wikimedia.org/wiki/File:D360_Bank.svg
442473,VISA,CREDIT,SIGNATURE,FIRST ABU DHABI BANK (PJSC),,,AE,ARE,UNITED ARAB EMIRATES,bankfab.com,https://commons.wikimedia.org/wiki/File:First_Abu_Dhabi_Bank_Logo.svg
442822,VISA,DEBIT,PREPAID PLATINUM,FIRST ABU DHABI BANK (PJSC),,,AE,ARE,UNITED ARAB EMIRATES,bankfab.com,https://commons.wikimedia.org/wiki/File:First_Abu_Dhabi_Bank_Logo.svg
443182,VISA,DEBIT,CLASSIC,CREDIT LIBANAIS S.A.L.,+9611900111,http://www.creditlibanais.com.lb,LB,LBN,LEBANON,creditlibanais.com,https://commons.wikimedia.org/wiki/File:Credit_Libanais_logo.svg
443329,VISA,CREDIT,GOLD,FIRST ABU DHABI BANK PJSC,+20225204375,https://www.bankfab.com,EG,EGY,EGYPT,bankfab.com,https://commons.wikimedia.org/wiki/File:First_Abu_Dhabi_Bank_Logo.svg
443338,VISA,CREDIT,PLATINUM,FIRST ABU DHABI BANK (PJSC),,,EG,EGY,EGYPT,bankfab.com,https://commons.wikimedia.org/wiki/File:First_Abu_Dhabi_Bank_Logo.svg
443422,VISA,DEBIT,PREPAID,,,,IQ,IRQ,IRAQ,,
443851,VISA,DEBIT,GOLD,EMIRATES ISLAMIC BANK P.J.S.C.,,,AE,ARE,UNITED ARAB EMIRATES,emiratesislamic.ae,https://commons.wikimedia.org/wiki/File:Emirates_Islamic_logo.svg
443911,VISA,DEBIT,REWARDS,EMIRATES NBD BANK (P.J.S.C.),+971800456,http://www.emiratesnbd.com,AE,ARE,UNITED ARAB EMIRATES,emiratesnbd.com,https://commons.wikimedia.org/wiki/File:Emirates_NBD_logo.svg
443912,VISA,DEBIT,BUSINESS,EMIRATES NBD BANK (P.J.S.C.),+971800456,http://www.emiratesnbd.com,AE,ARE,UNITED ARAB EMIRATES,emiratesnbd.com,https://commons.wikimedia.org/wiki/File:Emirates_NBD_logo.svg
443913,VISA,DEBIT,INFINITE/SIGNATURE,EMIRATES NBD BANK (P.J.S.C.),+971800456,http://www.emiratesnbd.com,AE,ARE,UNITED ARAB EMIRATES,emiratesnbd.com,https://commons.wikimedia.org/wiki/File:Emirates_NBD_logo.svg
443925,VISA,CREDIT,ULTRA HIGH NET WORTH,SAUDI AWWAL BANK,,,SA,SAU,SAUDI ARABIA,sab.com,https://commons.wikimedia.org/wiki/File:Saudi_Awwal_Bank_Logo.svg
443926,VISA,DEBIT,PREPAID PURCHASING,AL RAJHI BANKING AND INVESTMENT CORP.,4433 92 000 + 966 OR 33 334 601 +966,http://www.alrajhibank.com.sa,SA,SAU,SAUDI ARABIA,alrajhibank.com.sa,https://commons.wikimedia.org/wiki/File:Al_Rajhi_Bank_Logo.svg
443927,VISA,DEBIT,PLATINUM,PROVISIONAL BID - COMPANY IZDIHAR FOR FINANCIAL TECHNOLOGY,,,SA,SAU,SAUDI ARABIA,izdihar.sa,https://img.logo.dev/izdihar.sa?format=png&size=400
443946,VISA,DEBIT,PREPAID PLATINUM,AL BILAD BANK,9662918884,http://www.bankalbilad.com,SA,SAU,SAUDI ARABIA,bankalbilad.com,https://commons.wikimedia.org/wiki/File:Bank_Albilad_Logo.svg
443959,VISA,CREDIT,PLATINUM,EMIRATES NBD BANK (P.J.S.C.),+971800456,http://www.emiratesnbd.com,AE,ARE,UNITED ARAB EMIRATES,emiratesnbd.com,https://commons.wikimedia.org/wiki/File:Emirates_NBD_logo.svg
443965,VISA,CREDIT,,QATAR INTERNATIONAL ISLAMIC BANK,,http://www.qiib.com.qa,QA,QAT,QATAR,qiib.com.qa,https://commons.wikimedia.org/wiki/File:QIIB_logo.svg
443966,VISA,CREDIT,PLATINUM,EMIRATES ISLAMIC BANK P.J.S.C.,,,AE,ARE,UNITED ARAB EMIRATES,emiratesislamic.ae,https://commons.wikimedia.org/wiki/File:Emirates_Islamic_logo.svg
443967,VISA,CREDIT,GOLD,THE COMMERCIAL BANK OF KUWAIT S.A.K.,,,KW,KWT,KUWAIT,cbk.com,https://commons.wikimedia.org/wiki/File:Commercial_Bank_of_Kuwait_logo.svg
443968,VISA,CREDIT,GOLD,THE COMMERCIAL BANK OF KUWAIT S.A.K.,,,KW,KWT,KUWAIT,cbk.com,https://commons.wikimedia.org/wiki/File:Commercial_Bank_of_Kuwait_logo.svg
443992,VISA,CREDIT,SIGNATURE,AHLI BANK Q.S.C.,(974) 4232222,http://www.ahlibank.com.qa,QA,QAT,QATAR,ahlibank.com.qa,https://commons.wikimedia.org/wiki/File:Ahlibank_Qatar_logo.svg
443993,VISA,DEBIT,CLASSIC,AHLI BANK Q.S.C.,(974) 4232222,http://www.ahlibank.com.qa,QA,QAT,QATAR,ahlibank.com.qa,https://commons.wikimedia.org/wiki/File:Ahlibank_Qatar_logo.svg
443995,VISA,CREDIT,SIGNATURE,BOUBYAN BANK K.S.C.,,,KW,KWT,KUWAIT,bankboubyan.com,https://commons.wikimedia.org/wiki/File:Boubyan_Bank_logo.svg
444030,VISA,CREDIT,CLASSIC,FIRST ABU DHABI BANK PJSC,+97317228800,https://www.bankfab.com,BH,BHR,BAHRAIN,bankfab.com,https://commons.wikimedia.org/wiki/File:First_Abu_Dhabi_Bank_Logo.svg
444031,VISA,CREDIT,GOLD,FIRST ABU DHABI BANK PJSC,+97317228800,https://www.bankfab.com,BH,BHR,BAHRAIN,bankfab.com,https://commons.wikimedia.org/wiki/File:First_Abu_Dhabi_Bank_Logo.svg
444032,VISA,CREDIT,PLATINUM,FIRST ABU DHABI BANK PJSC,+97317228800,https://www.bankfab.com,BH,BHR,BAHRAIN,bankfab.com,https://commons.wikimedia.org/wiki/File:First_Abu_Dhabi_Bank_Logo.svg
444033,VISA,CREDIT,PLATINUM,THE NATIONAL BANK OF UMM AL-QAIWAIN PSC.,,,AE,ARE,UNITED ARAB EMIRATES,nbq.ae,https://commons.wikimedia.org/wiki/File:National_Bank_of_Umm_Al_Qaiwain_logo.svg
444034,VISA,DEBIT,PREPAID CLASSIC,THE NATIONAL BANK OF UMM AL-QAIWAIN PSC.,,,AE,ARE,UNITED ARAB EMIRATES,nbq.ae,https://commons.wikimedia.org/wiki/File:National_Bank_of_Umm_Al_Qaiwain_logo.svg
444035,VISA,DEBIT,PREPAID CLASSIC,THE NATIONAL BANK OF UMM AL-QAIWAIN PSC.,,,AE,ARE,UNITED ARAB EMIRATES,nbq.ae,https://commons.wikimedia.org/wiki/File:National_Bank_of_Umm_Al_Qaiwain_logo.svg
444043,VISA,CREDIT,,,,,AE,ARE,UNITED ARAB EMIRATES,,
444049,VISA,CREDIT,,"DOHA BANK, LTD.",,,AE,ARE,UNITED ARAB EMIRATES,dohabank.com,https://commons.wikimedia.org/wiki/File:Doha_Bank_logo.svg
444311,VISA,CREDIT,CLASSIC,IRAQ ELECTRONIC GATE FOR FINANCIAL SERVICES CO. LTD.,,,IQ,IRQ,IRAQ,qicard.net,https://commons.wikimedia.org/wiki/File:Qi_card_logo.svg
444312,VISA,CREDIT,INFINITE,THE SAUDI INVESTMENT BANK,,,SA,SAU,SAUDI ARABIA,saib.com.sa,https://commons.wikimedia.org/wiki/File:Saudi_Investment_Bank_Logo.svg
444322,VISA,CREDIT,BUSINESS,"ISRAEL CREDIT CARDS, LTD.",,http://www.cal-intl.com,IL,ISR,ISRAEL,cal-online.co.il,https://commons.wikimedia.org/wiki/File:Cal_Israel_Credit_Cards_logo.svg
444332,VISA,DEBIT,PREPAID PLATINUM,KUWAIT FINANCE HOUSE,+9651803333,http://www.kfh.com,KW,KWT,KUWAIT,financehouse.ae,https://img.logo.dev/financehouse.ae?format=png&size=400
444333,VISA,CREDIT,INFINITE,QATAR NATIONAL BANK (Q.P.S.C.),,,QA,QAT,QATAR,qnb.com,https://commons.wikimedia.org/wiki/File:Qatar_National_Bank_Logo.svg
444397,VISA,CREDIT,PURCHASING,ALINMA BANK,,,SA,SAU,SAUDI ARABIA,alinma.com,https://commons.wikimedia.org/wiki/File:Alinma_Bank_logo.svg
444411,VISA,CREDIT,ULTRA HIGH NET WORTH,VISION BANK,,https://www.visionbank.bank,SA,SAU,SAUDI ARABIA,visionbank.com.sa,https://img.logo.dev/visionbank.com.sa?format=png&size=400
444439,VISA,DEBIT,SIGNATURE,EMIRATES NBD BANK (P.J.S.C.),+971800456,http://www.emiratesnbd.com,AE,ARE,UNITED ARAB EMIRATES,emiratesnbd.com,https://commons.wikimedia.org/wiki/File:Emirates_NBD_logo.svg
444445,VISA,DEBIT,PREPAID PLATINUM,BANQUE SAUDI FRANSI,966 1 289 9999 OR 966 1 874 4000,http://www.alfransi.com.sa,SA,SAU,SAUDI ARABIA,alfransi.com.sa,https://commons.wikimedia.org/wiki/File:Banque_Saudi_Fransi_Logo.svg
444447,VISA,CREDIT,INFINITE,STANDARD CHARTERED BANK,+971600522288,https://www.sc.com,AE,ARE,UNITED ARAB EMIRATES,sc.com,https://commons.wikimedia.org/wiki/File:Standard_Chartered_(2021).svg
444460,VISA,CREDIT,CLASSIC,DOHA BANK UAE,,,AE,ARE,UNITED ARAB EMIRATES,dohabank.com,https://commons.wikimedia.org/wiki/File:Doha_Bank_logo.svg
444461,VISA,CREDIT,BUSINESS,DOHA BANK UAE,,,AE,ARE,UNITED ARAB EMIRATES,dohabank.com,https://commons.wikimedia.org/wiki/File:Doha_Bank_logo.svg
444462,VISA,CREDIT,PLATINUM,DOHA BANK Q.S.C.,+97144456000,http://www.dohabank.com.qa,AE,ARE,UNITED ARAB EMIRATES,dohabank.com,https://commons.wikimedia.org/wiki/File:Doha_Bank_logo.svg
444463,VISA,DEBIT,CLASSIC,"DOHA BANK, LTD.",,,AE,ARE,UNITED ARAB EMIRATES,dohabank.com,https://commons.wikimedia.org/wiki/File:Doha_Bank_logo.svg
444469,VISA,DEBIT,PREPAID CLASSIC,BANK OF BAGHDAD,+964662568329,http://www.bankofbaghdad.org,IQ,IRQ,IRAQ,bankofbaghdad.com.iq,https://img.logo.dev/bankofbaghdad.com.iq?format=png&size=400
444494,VISA,DEBIT,CLASSIC,AL RAJHI BANKING AND INVESTMENT CORP.,4433 92 000 + 966 OR 33 334 601 +966,http://www.alrajhibank.com.sa,SA,SAU,SAUDI ARABIA,alrajhibank.com.sa,https://commons.wikimedia.org/wiki/File:Al_Rajhi_Bank_Logo.svg
444495,VISA,DEBIT,PLATINUM,BANK AL JAZIRA,(966) 2 609 8888,http://www.baj.com.sa,SA,SAU,SAUDI ARABIA,baj.com.sa,https://commons.wikimedia.org/wiki/File:Aljazira_Bank_Logo.svg
444496,VISA,DEBIT,PLATINUM,BANK AL JAZIRA,(966) 2 609 8888,http://www.baj.com.sa,SA,SAU,SAUDI ARABIA,baj.com.sa,https://commons.wikimedia.org/wiki/File:Aljazira_Bank_Logo.svg
444812,VISA,CREDIT,CLASSIC,DUBAI ISLAMIC BANK,,http://www.alislami.ae,AE,ARE,UNITED ARAB EMIRATES,alislami.ae,https://commons.wikimedia.org/wiki/File:Dubai_Islamic_Bank_logo.svg
444824,VISA,DEBIT,BUSINESS,COMMERCIAL INTERNATIONAL BANK,+20227383011,http://www.cibeg.com,EG,EGY,EGYPT,cibeg.com,https://commons.wikimedia.org/wiki/File:CIB_Logo.svg
444825,VISA,DEBIT,PREPAID PLATINUM,NYMCARD PAYMENT SERVICES L.L.C.,,,AE,ARE,UNITED ARAB EMIRATES,nymcard.com,https://img.logo.dev/nymcard.com?format=png&size=400
445021,VISA,CREDIT,PLATINUM,DUBAI ISLAMIC BANK,,http://www.alislami.ae,AE,ARE,UNITED ARAB EMIRATES,alislami.ae,https://commons.wikimedia.org/wiki/File:Dubai_Islamic_Bank_logo.svg
445022,VISA,CREDIT,REWARDS,DUBAI ISLAMIC BANK,,http://www.alislami.ae,AE,ARE,UNITED ARAB EMIRATES,alislami.ae,https://commons.wikimedia.org/wiki/File:Dubai_Islamic_Bank_logo.svg
445133,VISA,CREDIT,PLATINUM,COMMERCIAL BANK OF DUBAI(PSC),,,AE,ARE,UNITED ARAB EMIRATES,cbd.ae,https://commons.wikimedia.org/wiki/File:Commercial_Bank_of_Dubai_logo.svg
445134,VISA,CREDIT,CLASSIC,COMMERCIAL BANK OF DUBAI(PSC),,,AE,ARE,UNITED ARAB EMIRATES,cbd.ae,https://commons.wikimedia.org/wiki/File:Commercial_Bank_of_Dubai_logo.svg
445135,VISA,CREDIT,SIGNATURE,COMMERCIAL BANK OF DUBAI(PSC),,,AE,ARE,UNITED ARAB EMIRATES,cbd.ae,https://commons.wikimedia.org/wiki/File:Commercial_Bank_of_Dubai_logo.svg
445136,VISA,CREDIT,INFINITE,COMMERCIAL BANK OF DUBAI(PSC),,,AE,ARE,UNITED ARAB EMIRATES,cbd.ae,https://commons.wikimedia.org/wiki/File:Commercial_Bank_of_Dubai_logo.svg
445137,VISA,CREDIT,PLATINUM,COMMERCIAL BANK OF DUBAI(PSC),,,AE,ARE,UNITED ARAB EMIRATES,cbd.ae,https://commons.wikimedia.org/wiki/File:Commercial_Bank_of_Dubai_logo.svg
445138,VISA,CREDIT,GOLD,COMMERCIAL BANK OF DUBAI(PSC),,,AE,ARE,UNITED ARAB EMIRATES,cbd.ae,https://commons.wikimedia.org/wiki/File:Commercial_Bank_of_Dubai_logo.svg
445149,VISA,CREDIT,CLASSIC,BYBLOS BANK SAL,,,LB,LBN,LEBANON,byblosbank.com,https://commons.wikimedia.org/wiki/File:Byblos_Bank_logo.svg
445150,VISA,CREDIT,BUSINESS ENHANCED,BLOM BANK S.A.L.,(961-1) 738938 - 743300 OR (961-1) 372780 - 370830 - 373102,http://www.blom.com.lb,LB,LBN,LEBANON,blom.com.lb,https://commons.wikimedia.org/wiki/File:BLOM_Bank_logo.svg
445303,VISA,CREDIT,SIGNATURE,THE SAUDI NATIONAL BANK,,,SA,SAU,SAUDI ARABIA,alahli.com,https://commons.wikimedia.org/wiki/File:Saudi_National_Bank_Logo.svg
445309,VISA,CREDIT,PLATINUM,AL RAJHI BANKING AND INVESTMENT CORP.,4433 92 000 + 966 OR 33 334 601 +966,http://www.alrajhibank.com.sa,SA,SAU,SAUDI ARABIA,alrajhibank.com.sa,https://commons.wikimedia.org/wiki/File:Al_Rajhi_Bank_Logo.svg
445315,VISA,DEBIT,INFINITE,"REVOLUT, LTD.",,,IL,ISR,ISRAEL,,
445327,VISA,CREDIT,INFINITE,AL-RAJHI BANKING AND INVESTMENT CORPORATION,,,SA,SAU,SAUDI ARABIA,alrajhibank.com.sa,https://commons.wikimedia.org/wiki/File:Al_Rajhi_Bank_Logo.svg
445413,VISA,DEBIT,PREPAID CLASSIC,NASS WALLET COMPANY FOR FINANCIAL AND PAYMENT SERVICES THROUGH CELLPHONES,,,IQ,IRQ,IRAQ,,
445514,VISA,CREDIT,PLATINUM,COMMERCIAL INTERNATIONAL BANK,+20227383011,http://www.cibeg.com,EG,EGY,EGYPT,cibeg.com,https://commons.wikimedia.org/wiki/File:CIB_Logo.svg
445520,VISA,CREDIT,SIGNATURE,AL RAJHI BANKING AND INVESTMENT CORP.,4433 92 000 + 966 OR 33 334 601 +966,http://www.alrajhibank.com.sa,SA,SAU,SAUDI ARABIA,alrajhibank.com.sa,https://commons.wikimedia.org/wiki/File:Al_Rajhi_Bank_Logo.svg
445521,VISA,CREDIT,INFINITE,AL RAJHI BANKING AND INVESTMENT CORP.,4433 92 000 + 966 OR 33 334 601 +966,http://www.alrajhibank.com.sa,SA,SAU,SAUDI ARABIA,alrajhibank.com.sa,https://commons.wikimedia.org/wiki/File:Al_Rajhi_Bank_Logo.svg
445522,VISA,DEBIT,PREPAID PLATINUM,AL RAJHI BANKING AND INVESTMENT CORP.,4433 92 000 + 966 OR 33 334 601 +966,http://www.alrajhibank.com.sa,SA,SAU,SAUDI ARABIA,alrajhibank.com.sa,https://commons.wikimedia.org/wiki/File:Al_Rajhi_Bank_Logo.svg
445541,VISA,CREDIT,BUSINESS,ABU DHABI ISLAMIC BANK,+97126100600,http://www.adib.ae,AE,ARE,UNITED ARAB EMIRATES,adib.ae,https://commons.wikimedia.org/wiki/File:Abu_Dhabi_Islamic_Bank_Logo.svg
445542,VISA,CREDIT,BUSINESS ENHANCED,ABU DHABI ISLAMIC BANK,+97126100600,http://www.adib.ae,AE,ARE,UNITED ARAB EMIRATES,adib.ae,https://commons.wikimedia.org/wiki/File:Abu_Dhabi_Islamic_Bank_Logo.svg
445543,VISA,DEBIT,BUSINESS,ABU DHABI ISLAMIC BANK,+97126100600,http://www.adib.ae,AE,ARE,UNITED ARAB EMIRATES,adib.ae,https://commons.wikimedia.org/wiki/File:Abu_Dhabi_Islamic_Bank_Logo.svg
445556,VISA,CREDIT,CLASSIC,BANQUE LIBANO-FRANCAISE S.A.L.,1272,http://www.eblf.com,LB,LBN,LEBANON,eblf.com,https://img.logo.dev/eblf.com?format=png&size=400
445557,VISA,CREDIT,GOLD,BANQUE LIBANO-FRANCAISE S.A.L.,1272,http://www.eblf.com,LB,LBN,LEBANON,eblf.com,https://img.logo.dev/eblf.com?format=png&size=400
445558,VISA,DEBIT,ELECTRON,BANQUE LIBANO-FRANCAISE S.A.L.,1272,http://www.eblf.com,LB,LBN,LEBANON,eblf.com,https://img.logo.dev/eblf.com?format=png&size=400
445559,VISA,DEBIT,,BANQUE LIBANO-FRANCAISE S.A.L.,1272,http://www.eblf.com,LB,LBN,LEBANON,eblf.com,https://img.logo.dev/eblf.com?format=png&size=400
445564,VISA,DEBIT,INFINITE,BANK AL JAZIRA,(966) 2 609 8888,http://www.baj.com.sa,SA,SAU,SAUDI ARABIA,baj.com.sa,https://commons.wikimedia.org/wiki/File:Aljazira_Bank_Logo.svg
445576,VISA,CREDIT,CLASSIC,ABU DHABI COMMERCIAL BANK,+97126962222,http://www.adcb.com,AE,ARE,UNITED ARAB EMIRATES,adcb.com,https://commons.wikimedia.org/wiki/File:Abu_Dhabi_Commercial_Bank_Logo.svg
445577,VISA,CREDIT,REWARDS,ABU DHABI COMMERCIAL BANK,+97126962222,http://www.adcb.com,AE,ARE,UNITED ARAB EMIRATES,adcb.com,https://commons.wikimedia.org/wiki/File:Abu_Dhabi_Commercial_Bank_Logo.svg
445578,VISA,CREDIT,INFINITE,ABU DHABI COMMERCIAL BANK,+97126962222,http://www.adcb.com,AE,ARE,UNITED ARAB EMIRATES,adcb.com,https://commons.wikimedia.org/wiki/File:Abu_Dhabi_Commercial_Bank_Logo.svg
445579,VISA,CREDIT,PLATINUM,ABU DHABI COMMERCIAL BANK,+97126962222,http://www.adcb.com,AE,ARE,UNITED ARAB EMIRATES,adcb.com,https://commons.wikimedia.org/wiki/File:Abu_Dhabi_Commercial_Bank_Logo.svg
445682,VISA,DEBIT,PREPAID PLATINUM,DUBAI ISLAMIC BANK,,http://www.alislami.ae,AE,ARE,UNITED ARAB EMIRATES,alislami.ae,https://commons.wikimedia.org/wiki/File:Dubai_Islamic_Bank_logo.svg
445684,VISA,DEBIT,PREPAID PLATINUM,AL ANSARI EXCHANGE LLC,,,AE,ARE,UNITED ARAB EMIRATES,,
445687,VISA,DEBIT,PREPAID PLATINUM,AL BILAD BANK,,http://www.bankalbilad.com,SA,SAU,SAUDI ARABIA,bankalbilad.com,https://commons.wikimedia.org/wiki/File:Bank_Albilad_Logo.svg
445692,VISA,DEBIT,PREPAID PLATINUM,FIRST ABU DHABI BANK (PJSC),,,AE,ARE,UNITED ARAB EMIRATES,bankfab.com,https://commons.wikimedia.org/wiki/File:First_Abu_Dhabi_Bank_Logo.svg
445696,VISA,DEBIT,BUSINESS,EMIRATES NBD BANK (P.J.S.C.),,http://www.emiratesnbd.com,SA,SAU,SAUDI ARABIA,emiratesnbd.com,https://commons.wikimedia.org/wiki/File:Emirates_NBD_logo.svg
445813,VISA,CREDIT,PLATINUM,HSBC BANK MIDDLE EAST,+97317569999,http://www.hsbc.ae,BH,BHR,BAHRAIN,hsbc.com,https://commons.wikimedia.org/wiki/File:HSBC_logo_(2018).svg
445814,VISA,CREDIT,CLASSIC,BANK AL ETIHAD,,,JO,JOR,JORDAN,bankaletihad.com,https://commons.wikimedia.org/wiki/File:Bank_al_Etihad_logo.svg
445815,VISA,CREDIT,PLATINUM,HSBC BANK - EGYPT SAE,+20235359100,http://www.hsbc.com.eg,EG,EGY,EGYPT,hsbc.com,https://commons.wikimedia.org/wiki/File:HSBC_logo_(2018).svg
445826,VISA,DEBIT,PREPAID CORPORATE T&E,AL-RAJHI BANKING AND INVESTMENT CORPORATION,,,SA,SAU,SAUDI ARABIA,alrajhibank.com.sa,https://commons.wikimedia.org/wiki/File:Al_Rajhi_Bank_Logo.svg
445827,VISA,DEBIT,PREPAID PLATINUM,AL RAJHI BANKING AND INVESTMENT CORP.,4433 92 000 + 966 OR 33 334 601 +966,http://www.alrajhibank.com.sa,SA,SAU,SAUDI ARABIA,alrajhibank.com.sa,https://commons.wikimedia.org/wiki/File:Al_Rajhi_Bank_Logo.svg
445955,VISA,DEBIT,CLASSIC,SOCIETE GENERALE DE BANQUE AU LIBAN S.A.L (SGBL),1274477777,http://www.sgbl.com.lb,LB,LBN,LEBANON,sgbl.com.lb,https://commons.wikimedia.org/wiki/File:SGBL_logo.svg
445956,VISA,DEBIT,GOLD,CSCBANK SAL,,,LB,LBN,LEBANON,cscbank.com,https://img.logo.dev/cscbank.com?format=png&size=400
445960,VISA,DEBIT,CLASSIC,LEBANON AND GULF BANK SAL,+9611965000,http://www.lgbbank.com,LB,LBN,LEBANON,e-gulfbank.com,https://commons.wikimedia.org/wiki/File:Gulf_Bank_Kuwait_logo.svg
445994,VISA,DEBIT,PREPAID TRAVEL MONEY,"INTERPAYMENT SERVICES, LTD.",,,KW,KWT,KUWAIT,,
446011,VISA,CREDIT,PLATINUM,"ISRACARD, LTD.",,,IL,ISR,ISRAEL,isracard.co.il,https://commons.wikimedia.org/wiki/File:Isracard_logo.svg
446079,VISA,CREDIT,,BANK AL ETIHAD,,,JO,JOR,JORDAN,bankaletihad.com,https://commons.wikimedia.org/wiki/File:Bank_al_Etihad_logo.svg
446236,VISA,DEBIT,PREPAID,SHARJAH ISLAMIC BANK,+97165999999,http://www.sib.ae,AE,ARE,UNITED ARAB EMIRATES,sib.ae,https://commons.wikimedia.org/wiki/File:Sharjah_Islamic_Bank_logo.svg
446237,VISA,CREDIT,PLATINUM,FIRST ABU DHABI BANK (PJSC),,,AE,ARE,UNITED ARAB EMIRATES,bankfab.com,https://commons.wikimedia.org/wiki/File:First_Abu_Dhabi_Bank_Logo.svg
446255,VISA,DEBIT,CLASSIC,ARAB JORDAN INVESTMENT BANK,,,JO,JOR,JORDAN,ajib.com,https://img.logo.dev/ajib.com?format=png&size=400
446273,VISA,DEBIT,,ARAB BANKING CORPORATION - EGYPT,,http://www.arabbanking.com,EG,EGY,EGYPT,arabbank.com,https://commons.wikimedia.org/wiki/File:Arab_Bank_logo.svg
446302,VISA,DEBIT,PREPAID PLATINUM,NATIONAL BANK OF UMM AL-QAIWAIN PSC.,+97167655225,http://www.nbq.ae,AE,ARE,UNITED ARAB EMIRATES,nbq.ae,https://commons.wikimedia.org/wiki/File:National_Bank_of_Umm_Al_Qaiwain_logo.svg
446392,VISA,CREDIT,SIGNATURE,AL BILAD BANK,9662918884,http://www.bankalbilad.com,SA,SAU,SAUDI ARABIA,bankalbilad.com,https://commons.wikimedia.org/wiki/File:Bank_Albilad_Logo.svg
446393,VISA,DEBIT,SIGNATURE,AL BILAD BANK,,http://www.bankalbilad.com,SA,SAU,SAUDI ARABIA,bankalbilad.com,https://commons.wikimedia.org/wiki/File:Bank_Albilad_Logo.svg
446404,VISA,DEBIT,INFINITE,BANQUE SAUDI FRANSI,966 1 289 9999 OR 966 1 874 4000,http://www.alfransi.com.sa,SA,SAU,SAUDI ARABIA,alfransi.com.sa,https://commons.wikimedia.org/wiki/File:Banque_Saudi_Fransi_Logo.svg
446422,VISA,CREDIT,SIGNATURE,AL BILAD BANK,9662918884,http://www.bankalbilad.com,SA,SAU,SAUDI ARABIA,bankalbilad.com,https://commons.wikimedia.org/wiki/File:Bank_Albilad_Logo.svg
446458,VISA,CREDIT,GOLD,QATAR NATIONAL BANK AL AHLI S.A.E.,,,EG,EGY,EGYPT,qnb.com,https://commons.wikimedia.org/wiki/File:Qatar_National_Bank_Logo.svg
446459,VISA,DEBIT,PREPAID CLASSIC,ABU DHABI COMMERCIAL BANK - ADCB - EGYPT,,,EG,EGY,EGYPT,adcb.com,https://commons.wikimedia.org/wiki/File:Abu_Dhabi_Commercial_Bank_Logo.svg
446523,VISA,DEBIT,PREPAID CLASSIC,BANQUE LIBANO-FRANCAISE SAL,,,LB,LBN,LEBANON,eblf.com,https://img.logo.dev/eblf.com?format=png&size=400
446608,VISA,CREDIT,SIGNATURE,AL RAJHI BANKING AND INVESTMENT CORP.,4433 92 000 + 966 OR 33 334 601 +966,http://www.alrajhibank.com.sa,SA,SAU,SAUDI ARABIA,alrajhibank.com.sa,https://commons.wikimedia.org/wiki/File:Al_Rajhi_Bank_Logo.svg
446609,VISA,CREDIT,SIGNATURE,AL RAJHI BANKING AND INVESTMENT CORP.,4433 92 000 + 966 OR 33 334 601 +966,http://www.alrajhibank.com.sa,SA,SAU,SAUDI ARABIA,alrajhibank.com.sa,https://commons.wikimedia.org/wiki/File:Al_Rajhi_Bank_Logo.svg
446610,VISA,CREDIT,INFINITE,INVEST BANK PLC,58 (212) 92 98 31,http://www.investbank.jo,JO,JOR,JORDAN,investbank.jo,https://img.logo.dev/investbank.jo?format=png&size=400
446611,VISA,CREDIT,SIGNATURE,INVEST BANK PLC,58 (212) 92 98 31,http://www.investbank.jo,JO,JOR,JORDAN,investbank.jo,https://img.logo.dev/investbank.jo?format=png&size=400
446612,VISA,CREDIT,SIGNATURE,INVEST BANK PLC,58 (212) 92 98 31,http://www.investbank.jo,JO,JOR,JORDAN,investbank.jo,https://img.logo.dev/investbank.jo?format=png&size=400
446672,VISA,DEBIT,SIGNATURE,ALINMA BANK,,,SA,SAU,SAUDI ARABIA,alinma.com,https://commons.wikimedia.org/wiki/File:Alinma_Bank_logo.svg
446673,VISA,CREDIT,SIGNATURE,ALINMA BANK,,,SA,SAU,SAUDI ARABIA,alinma.com,https://commons.wikimedia.org/wiki/File:Alinma_Bank_logo.svg
446914,VISA,CREDIT,PLATINUM,BANK AL JAZIRA,,http://www.baj.com.sa,SA,SAU,SAUDI ARABIA,baj.com.sa,https://commons.wikimedia.org/wiki/File:Aljazira_Bank_Logo.svg
446926,VISA,CREDIT,,"DOHA BANK, LTD.",,,QA,QAT,QATAR,dohabank.com,https://commons.wikimedia.org/wiki/File:Doha_Bank_logo.svg
446977,VISA,DEBIT,CLASSIC,CREDIT BANK OF IRAQ,,,IQ,IRQ,IRAQ,,
446998,VISA,CREDIT,,MASHREQBANK,+97143632250,http://www.mashreqbank.com,AE,ARE,UNITED ARAB EMIRATES,mashreqbank.com,https://commons.wikimedia.org/wiki/File:Mashreq_bank_logo.svg
447168,VISA,DEBIT,CLASSIC,BANKMUSCAT (SAOG),,,OM,OMN,OMAN,bankmuscat.com,https://commons.wikimedia.org/wiki/File:Bank_Muscat_logo.svg
447180,VISA,CREDIT,INFINITE,CREDIT LIBANAIS S.A.L.,,http://www.creditlibanais.com.lb,LB,LBN,LEBANON,creditlibanais.com,https://commons.wikimedia.org/wiki/File:Credit_Libanais_logo.svg
447262,VISA,CREDIT,PLATINUM,"ISRACARD, LTD.",,,IL,ISR,ISRAEL,isracard.co.il,https://commons.wikimedia.org/wiki/File:Isracard_logo.svg
447316,VISA,DEBIT,CLASSIC,BANK OF BEIRUT S.A.L.,961 1 972972 983999,http://www.bankofbeirut.com,LB,LBN,LEBANON,bankofbeirut.com,https://commons.wikimedia.org/wiki/File:Bank_of_Beirut_logo.svg
447317,VISA,DEBIT,GOLD,BANK OF BEIRUT S.A.L.,961 1 972972 983999,http://www.bankofbeirut.com,LB,LBN,LEBANON,bankofbeirut.com,https://commons.wikimedia.org/wiki/File:Bank_of_Beirut_logo.svg
447345,VISA,DEBIT,CLASSIC,GULF COMMERCIAL BANK,,,IQ,IRQ,IRAQ,,
447376,VISA,DEBIT,PLATINUM,"CITIBANK, NATIONAL ASSOCIATION",,,AE,ARE,UNITED ARAB EMIRATES,citibank.com,https://commons.wikimedia.org/wiki/File:Citibank.svg
447377,VISA,DEBIT,PLATINUM,"CITIBANK, NATIONAL ASSOCIATION",,,AE,ARE,UNITED ARAB EMIRATES,citibank.com,https://commons.wikimedia.org/wiki/File:Citibank.svg
447390,VISA,DEBIT,PLATINUM,BANK OF BEIRUT S.A.L.,961 1 972972 983999,http://www.bankofbeirut.com,LB,LBN,LEBANON,bankofbeirut.com,https://commons.wikimedia.org/wiki/File:Bank_of_Beirut_logo.svg
447477,VISA,DEBIT,PLATINUM,NATIONAL BANK OF OMAN LIMITED (S.A.O.G.),,,OM,OMN,OMAN,nbo.om,https://commons.wikimedia.org/wiki/File:National_Bank_of_Oman_logo.svg
447479,VISA,DEBIT,SIGNATURE,NATIONAL BANK OF OMAN LIMITED (S.A.O.G.),,,OM,OMN,OMAN,nbo.om,https://commons.wikimedia.org/wiki/File:National_Bank_of_Oman_logo.svg
447500,VISA,CREDIT,GOLD,IRAQI MIDDLE EAST INVESTMENT BANK,,,IQ,IRQ,IRAQ,meb.iq,https://img.logo.dev/meb.iq?format=png&size=400
447513,VISA,DEBIT,PLATINUM,ARAB BANK PLC,+97022953333,http://www.arabbank.jo,PS,PSE,"PALESTINIAN TERRITORY, OCCUPIED",arabbank.com,https://commons.wikimedia.org/wiki/File:Arab_Bank_logo.svg
447521,VISA,DEBIT,PLATINUM,ARAB BANK PLC,+97144450000,http://www.arabbank.jo,AE,ARE,UNITED ARAB EMIRATES,arabbank.com,https://commons.wikimedia.org/wiki/File:Arab_Bank_logo.svg
447522,VISA,DEBIT,PLATINUM,ARAB BANK PLC,4600900,http://www.arabbank.jo,JO,JOR,JORDAN,arabbank.com,https://commons.wikimedia.org/wiki/File:Arab_Bank_logo.svg
447524,VISA,DEBIT,ELECTRON,ARAB BANK PLC,+961 (7) 751070-2,http://www.arabbank.jo,LB,LBN,LEBANON,arabbank.com,https://commons.wikimedia.org/wiki/File:Arab_Bank_logo.svg
447525,VISA,DEBIT,PLATINUM,ARAB BANK PLC,+97317541000,http://www.arabbank.jo,BH,BHR,BAHRAIN,arabbank.com,https://commons.wikimedia.org/wiki/File:Arab_Bank_logo.svg
447526,VISA,DEBIT,PLATINUM,ARAB BANK PLC,+97444387878,http://www.arabbank.jo,QA,QAT,QATAR,arabbank.com,https://commons.wikimedia.org/wiki/File:Arab_Bank_logo.svg
447527,VISA,DEBIT,PLATINUM,ARAB BANK PLC,+20 2 19100,http://www.arabbank.jo,EG,EGY,EGYPT,arabbank.com,https://commons.wikimedia.org/wiki/File:Arab_Bank_logo.svg
447528,VISA,DEBIT,PLATINUM,ARAB BANK PLC,+961 (7) 751070-2,http://www.arabbank.jo,LB,LBN,LEBANON,arabbank.com,https://commons.wikimedia.org/wiki/File:Arab_Bank_logo.svg
447529,VISA,DEBIT,CLASSIC,ARAB BANK PLC,+20 2 19100,http://www.arabbank.jo,EG,EGY,EGYPT,arabbank.com,https://commons.wikimedia.org/wiki/File:Arab_Bank_logo.svg
447563,VISA,CREDIT,CLASSIC,NATIONAL BANK OF EGYPT,,http://www.nbe.com.eg,EG,EGY,EGYPT,nbe.com.eg,https://commons.wikimedia.org/wiki/File:National_Bank_of_Egypt_Logo.svg
447568,VISA,DEBIT,CLASSIC,"THE UNITED BANK, S.A.E.",,,EG,EGY,EGYPT,,
447569,VISA,CREDIT,PLATINUM,QATAR NATIONAL BANK AL AHLI S.A.E.,,,EG,EGY,EGYPT,qnb.com,https://commons.wikimedia.org/wiki/File:Qatar_National_Bank_Logo.svg
447570,VISA,DEBIT,PLATINUM,ARAB AFRICAN INTERNATIONAL BANK,,http://www.aaib.com,EG,EGY,EGYPT,aaib.com,https://commons.wikimedia.org/wiki/File:Arab_African_International_Bank_Logo.svg
447576,VISA,CREDIT,INFINITE,BANK AL ETIHAD,,,JO,JOR,JORDAN,bankaletihad.com,https://commons.wikimedia.org/wiki/File:Bank_al_Etihad_logo.svg
447577,VISA,DEBIT,BUSINESS ENHANCED,MASHREQBANK,,http://www.mashreqbank.com,AE,ARE,UNITED ARAB EMIRATES,mashreqbank.com,https://commons.wikimedia.org/wiki/File:Mashreq_bank_logo.svg
447625,VISA,CREDIT,,MASHREQBANK,+97143632250,http://www.mashreqbank.com,AE,ARE,UNITED ARAB EMIRATES,mashreqbank.com,https://commons.wikimedia.org/wiki/File:Mashreq_bank_logo.svg
447627,VISA,CREDIT,PLATINUM,BANKMUSCAT (SAOG),,,OM,OMN,OMAN,bankmuscat.com,https://commons.wikimedia.org/wiki/File:Bank_Muscat_logo.svg
447653,VISA,CREDIT,SIGNATURE BUSINESS,EMIRATES NBD BANK (P.J.S.C.),,http://www.emiratesnbd.com,AE,ARE,UNITED ARAB EMIRATES,emiratesnbd.com,https://commons.wikimedia.org/wiki/File:Emirates_NBD_logo.svg
447654,VISA,CREDIT,PLATINUM,EMIRATES NBD BANK (P.J.S.C.),,http://www.emiratesnbd.com,AE,ARE,UNITED ARAB EMIRATES,emiratesnbd.com,https://commons.wikimedia.org/wiki/File:Emirates_NBD_logo.svg
447767,VISA,DEBIT,CLASSIC,CREDIT LIBANAIS S.A.L.,+9611900111,http://www.creditlibanais.com.lb,LB,LBN,LEBANON,creditlibanais.com,https://commons.wikimedia.org/wiki/File:Credit_Libanais_logo.svg
447768,VISA,DEBIT,PLATINUM,CREDIT LIBANAIS S.A.L.,+9611900111,http://www.creditlibanais.com.lb,LB,LBN,LEBANON,creditlibanais.com,https://commons.wikimedia.org/wiki/File:Credit_Libanais_logo.svg
447859,VISA,DEBIT,PREPAID CLASSIC,ARAB BANK PLC,,http://www.arabbank.jo,EG,EGY,EGYPT,arabbank.com,https://commons.wikimedia.org/wiki/File:Arab_Bank_logo.svg
447877,VISA,CREDIT,CLASSIC,SAMBA FINANCIAL GROUP,+9718001242000,http://www.samba.com,AE,ARE,UNITED ARAB EMIRATES,alahli.com,https://commons.wikimedia.org/wiki/File:Saudi_National_Bank_Logo.svg
447878,VISA,CREDIT,GOLD,SAMBA FINANCIAL GROUP,+9718001242000,http://www.samba.com,AE,ARE,UNITED ARAB EMIRATES,alahli.com,https://commons.wikimedia.org/wiki/File:Saudi_National_Bank_Logo.svg
447879,VISA,CREDIT,PLATINUM,SAMBA FINANCIAL GROUP,+9718001242000,http://www.samba.com,AE,ARE,UNITED ARAB EMIRATES,alahli.com,https://commons.wikimedia.org/wiki/File:Saudi_National_Bank_Logo.svg
448300,VISA,CREDIT,CLASSIC,LEBANON AND GULF BANK SAL,+9611965000,http://www.lgbbank.com,LB,LBN,LEBANON,e-gulfbank.com,https://commons.wikimedia.org/wiki/File:Gulf_Bank_Kuwait_logo.svg
448302,VISA,CREDIT,GOLD,LEBANON AND GULF BANK SAL,+9611965000,http://www.lgbbank.com,LB,LBN,LEBANON,e-gulfbank.com,https://commons.wikimedia.org/wiki/File:Gulf_Bank_Kuwait_logo.svg
448319,VISA,CREDIT,CLASSIC,BBAC S.A.L,+9614727747,http://www.bbacbank.com,LB,LBN,LEBANON,bbacbank.com,https://img.logo.dev/bbacbank.com?format=png&size=400
448329,VISA,DEBIT,PREPAID PLATINUM,BURGAN BANK (S.A.K.),,,KW,KWT,KUWAIT,burgan.com,https://commons.wikimedia.org/wiki/File:Burgan_Bank_logo.svg
448333,VISA,CREDIT,PLATINUM,ABU DHABI COMMERCIAL BANK,+97126962222,http://www.adcb.com,AE,ARE,UNITED ARAB EMIRATES,adcb.com,https://commons.wikimedia.org/wiki/File:Abu_Dhabi_Commercial_Bank_Logo.svg
448339,VISA,CREDIT,PLATINUM,CREDIT LIBANAIS S.A.L.,+9611900111,http://www.creditlibanais.com.lb,LB,LBN,LEBANON,creditlibanais.com,https://commons.wikimedia.org/wiki/File:Credit_Libanais_logo.svg
448509,VISA,CREDIT,PURCHASING,RIYAD BANK,,http://www.riyadbank.com,SA,SAU,SAUDI ARABIA,riyadbank.com,https://commons.wikimedia.org/wiki/File:Riyad_Bank_logo.svg
448748,VISA,CREDIT,PLATINUM,MASHREQBANK,,http://www.mashreqbank.com,AE,ARE,UNITED ARAB EMIRATES,mashreqbank.com,https://commons.wikimedia.org/wiki/File:Mashreq_bank_logo.svg
448782,VISA,DEBIT,CLASSIC,PALESTINE INVESTMENT BANK,,,PS,PSE,"PALESTINIAN TERRITORY, OCCUPIED",pib.ps,https://img.logo.dev/pib.ps?format=png&size=400
448783,VISA,CREDIT,CLASSIC,PALESTINE INVESTMENT BANK,,,PS,PSE,"PALESTINIAN TERRITORY, OCCUPIED",pib.ps,https://img.logo.dev/pib.ps?format=png&size=400
448784,VISA,DEBIT,CLASSIC,ABU DHABI ISLAMIC BANK,,http://www.adib.ae,IQ,IRQ,IRAQ,adib.ae,https://commons.wikimedia.org/wiki/File:Abu_Dhabi_Islamic_Bank_Logo.svg
448785,VISA,DEBIT,INFINITE,ABU DHABI ISLAMIC BANK,,http://www.adib.ae,IQ,IRQ,IRAQ,adib.ae,https://commons.wikimedia.org/wiki/File:Abu_Dhabi_Islamic_Bank_Logo.svg
449197,VISA,DEBIT,PLATINUM,STANDARD CHARTERED BANK,+971600522288,https://www.sc.com,AE,ARE,UNITED ARAB EMIRATES,sc.com,https://commons.wikimedia.org/wiki/File:Standard_Chartered_(2021).svg
449315,VISA,DEBIT,PREPAID PLATINUM,AHLI BANK (S.A.O.G),,,OM,OMN,OMAN,ahlibank.om,https://img.logo.dev/ahlibank.om?format=png&size=400
449316,VISA,DEBIT,PREPAID PLATINUM,AHLI BANK (S.A.O.G),,,OM,OMN,OMAN,ahlibank.om,https://img.logo.dev/ahlibank.om?format=png&size=400
449349,VISA,DEBIT,CLASSIC,THE HOUSING BANK FOR TRADE & FINANCE,,,JO,JOR,JORDAN,hbtf.com,https://commons.wikimedia.org/wiki/File:Housing_Bank_for_Trade_and_Finance_logo.svg
449387,VISA,CREDIT,CLASSIC,AHLI BANK Q.S.C.,(974) 4232222,http://www.ahlibank.com.qa,QA,QAT,QATAR,ahlibank.com.qa,https://commons.wikimedia.org/wiki/File:Ahlibank_Qatar_logo.svg
449388,VISA,CREDIT,INFINITE,QATAR ISLAMIC BANK (S.A.Q.),,,QA,QAT,QATAR,qib.com.qa,https://commons.wikimedia.org/wiki/File:Qatar_Islamic_Bank_Logo.svg
449630,VISA,DEBIT,PREPAID PLATINUM,AL-SALAM BANK - BAHRAIN B.S.C.,,,BH,BHR,BAHRAIN,alsalambank.com,https://commons.wikimedia.org/wiki/File:Al_Salam_Bank_logo.svg
449807,VISA,DEBIT,CLASSIC,,,,AE,ARE,UNITED ARAB EMIRATES,,
449999,VISA,CREDIT,INFINITE,NATIONAL BANK OF BAHRAIN B. S. C.,,,BH,BHR,BAHRAIN,nbbonline.com,https://commons.wikimedia.org/wiki/File:National_Bank_of_Bahrain_logo.svg
450068,VISA,DEBIT,PREPAID CLASSIC,NATIONAL BANK OF EGYPT,,http://www.nbe.com.eg,EG,EGY,EGYPT,nbe.com.eg,https://commons.wikimedia.org/wiki/File:National_Bank_of_Egypt_Logo.svg
450085,VISA,DEBIT,CLASSIC,NATIONAL BANK OF EGYPT,,http://www.nbe.com.eg,EG,EGY,EGYPT,nbe.com.eg,https://commons.wikimedia.org/wiki/File:National_Bank_of_Egypt_Logo.svg
450162,VISA,CREDIT,,,,,AE,ARE,UNITED ARAB EMIRATES,,
450238,VISA,DEBIT,INFINITE,BURGAN BANK (S.A.K.),,,KW,KWT,KUWAIT,burgan.com,https://commons.wikimedia.org/wiki/File:Burgan_Bank_logo.svg
450604,VISA,DEBIT,PLATINUM,HABIB BANK AG ZURICH,+97180000006,http://www.bankalhabib.com,AE,ARE,UNITED ARAB EMIRATES,bankalhabib.com,https://img.logo.dev/bankalhabib.com?format=png&size=400
450605,VISA,DEBIT,REWARDS,BOUBYAN BANK K.S.C.,,,KW,KWT,KUWAIT,bankboubyan.com,https://commons.wikimedia.org/wiki/File:Boubyan_Bank_logo.svg
450657,VISA,DEBIT,PREPAID CLASSIC,GLOBAL DIGITAL FINANCIAL SOLUTIONS CO.,,,SA,SAU,SAUDI ARABIA,,
450766,VISA,CREDIT,PLATINUM,THE SAUDI NATIONAL BANK,,,SA,SAU,SAUDI ARABIA,alahli.com,https://commons.wikimedia.org/wiki/File:Saudi_National_Bank_Logo.svg
450778,VISA,DEBIT,INFINITE/PLATINUM,KUWAIT FINANCE HOUSE,+9651803333,http://www.kfh.com,KW,KWT,KUWAIT,financehouse.ae,https://img.logo.dev/financehouse.ae?format=png&size=400
450824,VISA,CREDIT,REWARDS,BANQUE SAUDI FRANSI,,http://www.alfransi.com.sa,SA,SAU,SAUDI ARABIA,alfransi.com.sa,https://commons.wikimedia.org/wiki/File:Banque_Saudi_Fransi_Logo.svg
450828,VISA,CREDIT,GOLD,NATIONAL BANK OF BAHRAIN B. S. C.,,,BH,BHR,BAHRAIN,nbbonline.com,https://commons.wikimedia.org/wiki/File:National_Bank_of_Bahrain_logo.svg
450829,VISA,CREDIT,CLASSIC,NATIONAL BANK OF BAHRAIN B. S. C.,,,BH,BHR,BAHRAIN,nbbonline.com,https://commons.wikimedia.org/wiki/File:National_Bank_of_Bahrain_logo.svg
450899,VISA,CREDIT,CLASSIC,ARAB AFRICAN INTERNATIONAL BANK,+20224886679,http://www.aaib.com,EG,EGY,EGYPT,aaib.com,https://commons.wikimedia.org/wiki/File:Arab_African_International_Bank_Logo.svg
450902,VISA,CREDIT,,ALAHLI BANK OF KUWAIT (K.S.C.),+96524341788,http://www.eahli.com,KW,KWT,KUWAIT,eahli.com,https://commons.wikimedia.org/wiki/File:Al_Ahli_Bank_of_Kuwait_logo.svg
450904,VISA,DEBIT,PREPAID CLASSIC,MASHREQBANK,,http://www.mashreqbank.com,EG,EGY,EGYPT,mashreqbank.com,https://commons.wikimedia.org/wiki/File:Mashreq_bank_logo.svg
450905,VISA,DEBIT,CLASSIC,EMIRATES NBD BANK (P.J.S.C.),+971800456,http://www.emiratesnbd.com,AE,ARE,UNITED ARAB EMIRATES,emiratesnbd.com,https://commons.wikimedia.org/wiki/File:Emirates_NBD_logo.svg
451111,VISA,DEBIT,PREPAID CLASSIC,GLOBAL DIGITAL FINANCIAL SOLUTIONS CO.,,,SA,SAU,SAUDI ARABIA,,
451387,VISA,DEBIT,PLATINUM,BANK SOHAR (S.A.O.G.),+96824730000,http://www.banksohar.net,OM,OMN,OMAN,soharinternational.com,https://commons.wikimedia.org/wiki/File:Sohar_International_logo.svg
451475,VISA,CREDIT,SIGNATURE,RIYAD BANK,,http://www.riyadbank.com,SA,SAU,SAUDI ARABIA,riyadbank.com,https://commons.wikimedia.org/wiki/File:Riyad_Bank_logo.svg
451533,VISA,DEBIT,PREPAID CLASSIC,INTL HDQTRS-CENTER OWNED,,,PS,PSE,"PALESTINE, STATE OF",,
451534,VISA,DEBIT,PREPAID CLASSIC,INTL HDQTRS-CENTER OWNED,,,PS,PSE,"PALESTINE, STATE OF",,
451544,VISA,DEBIT,PREPAID PLATINUM,INTL HDQTRS-CENTER OWNED,,,KW,KWT,KUWAIT,,
451545,VISA,DEBIT,PREPAID ELECTRON,INTL HDQTRS-CENTER OWNED,,,KW,KWT,KUWAIT,,
451554,VISA,DEBIT,PREPAID PLATINUM,INTL HDQTRS-CENTER OWNED,,,KW,KWT,KUWAIT,,
451792,VISA,DEBIT,PREPAID,HABIB BANK AG ZURICH,+97180000006,http://www.bankalhabib.com,AE,ARE,UNITED ARAB EMIRATES,bankalhabib.com,https://img.logo.dev/bankalhabib.com?format=png&size=400
451887,VISA,CREDIT,BUSINESS ENHANCED,NATIONAL BANK OF FUJAIRAH,,,AE,ARE,UNITED ARAB EMIRATES,nbf.ae,https://commons.wikimedia.org/wiki/File:National_Bank_of_Fujairah_logo.svg
452180,VISA,DEBIT,CLASSIC,BANQUE MISR,+20223912150,http://www.banquemisr.com,EG,EGY,EGYPT,banquemisr.com,https://commons.wikimedia.org/wiki/File:Banque_Misr_logo.svg
452182,VISA,DEBIT,PREPAID CLASSIC,BANQUE MISR,+20223912150,http://www.banquemisr.com,EG,EGY,EGYPT,banquemisr.com,https://commons.wikimedia.org/wiki/File:Banque_Misr_logo.svg
452237,VISA,CREDIT,CLASSIC,NATIONAL BANK OF IRAQ,,,IQ,IRQ,IRAQ,nbi.iq,https://commons.wikimedia.org/wiki/File:National_Bank_of_Iraq_logo.svg
452238,VISA,CREDIT,GOLD,NATIONAL BANK OF IRAQ,,,IQ,IRQ,IRAQ,nbi.iq,https://commons.wikimedia.org/wiki/File:National_Bank_of_Iraq_logo.svg
452239,VISA,CREDIT,PLATINUM,NATIONAL BANK OF IRAQ,,,IQ,IRQ,IRAQ,nbi.iq,https://commons.wikimedia.org/wiki/File:National_Bank_of_Iraq_logo.svg
452267,VISA,CREDIT,PLATINUM,BANQUE MISR,+20223912150,http://www.banquemisr.com,EG,EGY,EGYPT,banquemisr.com,https://commons.wikimedia.org/wiki/File:Banque_Misr_logo.svg
452279,VISA,DEBIT,PREPAID CLASSIC,BANQUE MISR,+20223912150,http://www.banquemisr.com,EG,EGY,EGYPT,banquemisr.com,https://commons.wikimedia.org/wiki/File:Banque_Misr_logo.svg
452334,VISA,CREDIT,REWARDS,ABU DHABI ISLAMIC BANK,+97126100600,http://www.adib.ae,AE,ARE,UNITED ARAB EMIRATES,adib.ae,https://commons.wikimedia.org/wiki/File:Abu_Dhabi_Islamic_Bank_Logo.svg
452335,VISA,CREDIT,REWARDS,ABU DHABI ISLAMIC BANK,+97126100600,http://www.adib.ae,AE,ARE,UNITED ARAB EMIRATES,adib.ae,https://commons.wikimedia.org/wiki/File:Abu_Dhabi_Islamic_Bank_Logo.svg
452338,VISA,CREDIT,PLATINUM,QATAR NATIONAL BANK (Q.P.S.C.),,,QA,QAT,QATAR,qnb.com,https://commons.wikimedia.org/wiki/File:Qatar_National_Bank_Logo.svg
452339,VISA,CREDIT,INFINITE,QATAR NATIONAL BANK (Q.P.S.C.),,,QA,QAT,QATAR,qnb.com,https://commons.wikimedia.org/wiki/File:Qatar_National_Bank_Logo.svg
452507,VISA,DEBIT,BUSINESS,CREDIT AGRICOLE EGYPT S.A.E.,+20952381002,http://www.ca-egypt.com,EG,EGY,EGYPT,ca-egypt.com,https://commons.wikimedia.org/wiki/File:Cr%C3%A9dit_Agricole.svg
452514,VISA,CREDIT,CLASSIC,JORDAN KUWAIT BANK,,http://www.jordan-kuwait-bank.com,JO,JOR,JORDAN,jkb.com,https://commons.wikimedia.org/wiki/File:Jordan_Kuwait_Bank_logo.svg
452518,VISA,CREDIT,CLASSIC,JORDAN KUWAIT BANK,,http://www.jordan-kuwait-bank.com,JO,JOR,JORDAN,jkb.com,https://commons.wikimedia.org/wiki/File:Jordan_Kuwait_Bank_logo.svg
452519,VISA,CREDIT,GOLD,JORDAN KUWAIT BANK,,http://www.jordan-kuwait-bank.com,JO,JOR,JORDAN,jkb.com,https://commons.wikimedia.org/wiki/File:Jordan_Kuwait_Bank_logo.svg
452538,VISA,CREDIT,PLATINUM,ARAB BANK PLC,,http://www.arabbank.jo,JO,JOR,JORDAN,arabbank.com,https://commons.wikimedia.org/wiki/File:Arab_Bank_logo.svg
452539,VISA,CREDIT,,ARAB BANK PLC,4600900,http://www.arabbank.jo,JO,JOR,JORDAN,arabbank.com,https://commons.wikimedia.org/wiki/File:Arab_Bank_logo.svg
452543,VISA,DEBIT,SIGNATURE,INVEST BANK PLC,58 (212) 92 98 31,http://www.investbank.jo,JO,JOR,JORDAN,investbank.jo,https://img.logo.dev/investbank.jo?format=png&size=400
452544,VISA,CREDIT,PLATINUM,INVEST BANK PLC,58 (212) 92 98 31,http://www.investbank.jo,JO,JOR,JORDAN,investbank.jo,https://img.logo.dev/investbank.jo?format=png&size=400
452545,VISA,CREDIT,GOLD,JORDAN KUWAIT BANK,,http://www.jordan-kuwait-bank.com,JO,JOR,JORDAN,jkb.com,https://commons.wikimedia.org/wiki/File:Jordan_Kuwait_Bank_logo.svg
453927,VISA,CREDIT,GOLD,HSBC BANK MIDDLE EAST,+974 4441 6663 A851+A851,http://www.hsbc.ae,QA,QAT,QATAR,hsbc.com,https://commons.wikimedia.org/wiki/File:HSBC_logo_(2018).svg
453928,VISA,CREDIT,SIGNATURE,HSBC BANK MIDDLE EAST,+974 4441 6663 A851+A851,http://www.hsbc.ae,QA,QAT,QATAR,hsbc.com,https://commons.wikimedia.org/wiki/File:HSBC_logo_(2018).svg
453930,VISA,CREDIT,CLASSIC,HSBC BANK MIDDLE EAST,+97317569999,http://www.hsbc.ae,BH,BHR,BAHRAIN,hsbc.com,https://commons.wikimedia.org/wiki/File:HSBC_logo_(2018).svg
453931,VISA,CREDIT,GOLD,HSBC BANK MIDDLE EAST,+97317569999,http://www.hsbc.ae,BH,BHR,BAHRAIN,hsbc.com,https://commons.wikimedia.org/wiki/File:HSBC_logo_(2018).svg
453932,VISA,CREDIT,PLATINUM,HSBC BANK OMAN (S.A.O.G),,,OM,OMN,OMAN,hsbc.com,https://commons.wikimedia.org/wiki/File:HSBC_logo_(2018).svg
453933,VISA,CREDIT,GOLD,HSBC BANK OMAN (S.A.O.G),,,OM,OMN,OMAN,hsbc.com,https://commons.wikimedia.org/wiki/File:HSBC_logo_(2018).svg
454097,VISA,DEBIT,BUSINESS,BANK AL JAZIRA,(966) 2 609 8888,http://www.baj.com.sa,SA,SAU,SAUDI ARABIA,baj.com.sa,https://commons.wikimedia.org/wiki/File:Aljazira_Bank_Logo.svg
454099,VISA,CREDIT,CLASSIC,,,,AE,ARE,UNITED ARAB EMIRATES,,
454315,VISA,DEBIT,GOLD,ARAB INTERNATIONAL BANK,23918794,http://www.aib.com.eg,EG,EGY,EGYPT,aib.com.eg,https://img.logo.dev/aib.com.eg?format=png&size=400
454335,VISA,CREDIT,SIGNATURE,SAMBA FINANCIAL GROUP,+9668001242000,http://www.samba.com,SA,SAU,SAUDI ARABIA,alahli.com,https://commons.wikimedia.org/wiki/File:Saudi_National_Bank_Logo.svg
454336,VISA,CREDIT,PLATINUM,SAMBA FINANCIAL GROUP,+9668001242000,http://www.samba.com,SA,SAU,SAUDI ARABIA,alahli.com,https://commons.wikimedia.org/wiki/File:Saudi_National_Bank_Logo.svg
454344,VISA,DEBIT,PREPAID CLASSIC,EMIRATES NBD BANK (P.J.S.C.),,http://www.emiratesnbd.com,AE,ARE,UNITED ARAB EMIRATES,emiratesnbd.com,https://commons.wikimedia.org/wiki/File:Emirates_NBD_logo.svg
454345,VISA,CREDIT,INFINITE,EMIRATES NBD BANK (P.J.S.C.),,http://www.emiratesnbd.com,AE,ARE,UNITED ARAB EMIRATES,emiratesnbd.com,https://commons.wikimedia.org/wiki/File:Emirates_NBD_logo.svg
454439,VISA,DEBIT,BUSINESS,ATTIJARIWAFA BANK EGYPT S.A.E,,,EG,EGY,EGYPT,attijariwafabank.com.eg,https://commons.wikimedia.org/wiki/File:Attijariwafa_Bank_logo.svg
454522,VISA,CREDIT,INFINITE,BAHRAIN ISLAMIC BANK BSC,,,BH,BHR,BAHRAIN,bisb.com,https://commons.wikimedia.org/wiki/File:BisB_logo.svg
454523,VISA,DEBIT,PREPAID PLATINUM,BANK AL ETIHAD,,,JO,JOR,JORDAN,bankaletihad.com,https://commons.wikimedia.org/wiki/File:Bank_al_Etihad_logo.svg
454613,VISA,CREDIT,PLATINUM,ABU DHABI COMMERCIAL BANK,+97126962222,http://www.adcb.com,AE,ARE,UNITED ARAB EMIRATES,adcb.com,https://commons.wikimedia.org/wiki/File:Abu_Dhabi_Commercial_Bank_Logo.svg
454636,VISA,CREDIT,INFINITE,ABU DHABI COMMERCIAL BANK,+97126962222,http://www.adcb.com,AE,ARE,UNITED ARAB EMIRATES,adcb.com,https://commons.wikimedia.org/wiki/File:Abu_Dhabi_Commercial_Bank_Logo.svg
454639,VISA,CREDIT,REWARDS,ABU DHABI COMMERCIAL BANK,+97126962222,http://www.adcb.com,AE,ARE,UNITED ARAB EMIRATES,adcb.com,https://commons.wikimedia.org/wiki/File:Abu_Dhabi_Commercial_Bank_Logo.svg
454649,VISA,CREDIT,PLATINUM,DUBAI ISLAMIC BANK,,http://www.alislami.ae,AE,ARE,UNITED ARAB EMIRATES,alislami.ae,https://commons.wikimedia.org/wiki/File:Dubai_Islamic_Bank_logo.svg
454650,VISA,CREDIT,CLASSIC,THE NATIONAL BANK OF UMM AL-QAIWAIN PSC.,,,AE,ARE,UNITED ARAB EMIRATES,nbq.ae,https://commons.wikimedia.org/wiki/File:National_Bank_of_Umm_Al_Qaiwain_logo.svg
454654,VISA,CREDIT,REWARDS,DUBAI ISLAMIC BANK,,http://www.alislami.ae,AE,ARE,UNITED ARAB EMIRATES,alislami.ae,https://commons.wikimedia.org/wiki/File:Dubai_Islamic_Bank_logo.svg
454660,VISA,CREDIT,PLATINUM,ALAWWAL BANK,,,SA,SAU,SAUDI ARABIA,sab.com,https://commons.wikimedia.org/wiki/File:Saudi_Awwal_Bank_Logo.svg
454669,VISA,CREDIT,BUSINESS ENHANCED,BANQUE SAUDI FRANSI,966 1 289 9999 OR 966 1 874 4000,http://www.alfransi.com.sa,SA,SAU,SAUDI ARABIA,alfransi.com.sa,https://commons.wikimedia.org/wiki/File:Banque_Saudi_Fransi_Logo.svg
454683,VISA,CREDIT,PLATINUM,RIYAD BANK,,http://www.riyadbank.com,SA,SAU,SAUDI ARABIA,riyadbank.com,https://commons.wikimedia.org/wiki/File:Riyad_Bank_logo.svg
454684,VISA,CREDIT,CLASSIC,RIYAD BANK,,http://www.riyadbank.com,SA,SAU,SAUDI ARABIA,riyadbank.com,https://commons.wikimedia.org/wiki/File:Riyad_Bank_logo.svg
454773,VISA,CREDIT,GOLD,ARAB INTERNATIONAL BANK,23918794,http://www.aib.com.eg,EG,EGY,EGYPT,aib.com.eg,https://img.logo.dev/aib.com.eg?format=png&size=400
454785,VISA,CREDIT,SIGNATURE BUSINESS,INVEST BANK PLC,58 (212) 92 98 31,http://www.investbank.jo,JO,JOR,JORDAN,investbank.jo,https://img.logo.dev/investbank.jo?format=png&size=400
454807,VISA,DEBIT,PREPAID PLATINUM,ALINMA BANK,,,SA,SAU,SAUDI ARABIA,alinma.com,https://commons.wikimedia.org/wiki/File:Alinma_Bank_logo.svg
454814,VISA,CREDIT,GOLD,AHLI UNITED BANK - EGYPT,+20225801200,http://www.ahliunited.com,EG,EGY,EGYPT,ahliunited.com,https://commons.wikimedia.org/wiki/File:Ahli_United_Bank_logo.svg
454835,VISA,CREDIT,GOLD,ARAB AFRICAN INTERNATIONAL BANK,+20224886679,http://www.aaib.com,EG,EGY,EGYPT,aaib.com,https://commons.wikimedia.org/wiki/File:Arab_African_International_Bank_Logo.svg
454845,VISA,DEBIT,PREPAID PLATINUM,SAUDI AWWAL BANK,,,SA,SAU,SAUDI ARABIA,sab.com,https://commons.wikimedia.org/wiki/File:Saudi_Awwal_Bank_Logo.svg
454874,VISA,DEBIT,CLASSIC,MASHREQBANK,,http://www.mashreqbank.com,EG,EGY,EGYPT,mashreqbank.com,https://commons.wikimedia.org/wiki/File:Mashreq_bank_logo.svg
454875,VISA,DEBIT,SIGNATURE,BANK OF ALEXANDRIA,,http://www.alexbank.com,EG,EGY,EGYPT,alexbank.com,https://commons.wikimedia.org/wiki/File:Alexbank_logo.svg
454877,VISA,CREDIT,CLASSIC,ARAB AFRICAN INTERNATIONAL BANK,+20224886679,http://www.aaib.com,EG,EGY,EGYPT,aaib.com,https://commons.wikimedia.org/wiki/File:Arab_African_International_Bank_Logo.svg
454887,VISA,CREDIT,SIGNATURE,SAUDI AWWAL BANK,,,SA,SAU,SAUDI ARABIA,sab.com,https://commons.wikimedia.org/wiki/File:Saudi_Awwal_Bank_Logo.svg
454899,VISA,CREDIT,CLASSIC,MASHREQBANK,+97143632250,http://www.mashreqbank.com,AE,ARE,UNITED ARAB EMIRATES,mashreqbank.com,https://commons.wikimedia.org/wiki/File:Mashreq_bank_logo.svg
454942,VISA,DEBIT,PREPAID PLATINUM,KUWAIT FINANCE HOUSE,+9651803333,http://www.kfh.com,KW,KWT,KUWAIT,financehouse.ae,https://img.logo.dev/financehouse.ae?format=png&size=400
455000,VISA,CREDIT,CLASSIC,THE COMMERCIAL BANK OF QATAR (Q.S.C.),,,QA,QAT,QATAR,cbq.qa,https://commons.wikimedia.org/wiki/File:Commercial_Bank_of_Qatar_Logo.svg
455002,VISA,DEBIT,CLASSIC,THE HOUSING BANK FOR TRADE & FINANCE,,,BH,BHR,BAHRAIN,hbtf.com,https://commons.wikimedia.org/wiki/File:Housing_Bank_for_Trade_and_Finance_logo.svg
455007,VISA,CREDIT,CLASSIC,"NATIONAL BANK OF KUWAIT, S.A.K.",+96265800400,http://www.nbk.com,JO,JOR,JORDAN,nbk.com,https://commons.wikimedia.org/wiki/File:National_Bank_of_Kuwait_logo.svg
455008,VISA,CREDIT,GOLD,"NATIONAL BANK OF KUWAIT, S.A.K.",+96265800400,http://www.nbk.com,JO,JOR,JORDAN,nbk.com,https://commons.wikimedia.org/wiki/File:National_Bank_of_Kuwait_logo.svg
455012,VISA,DEBIT,CLASSIC,BANK OF BAHRAIN & KUWAIT B.S.C.,,,BH,BHR,BAHRAIN,bbkonline.com,https://commons.wikimedia.org/wiki/File:BBK_logo.svg
455013,VISA,CREDIT,CLASSIC,BANK OF BAHRAIN AND KUWAIT B.S.C.,+97317207777 / +97317207772,http://www.bbkonline.com,BH,BHR,BAHRAIN,bbkonline.com,https://commons.wikimedia.org/wiki/File:BBK_logo.svg
455014,VISA,CREDIT,GOLD,"NATIONAL BANK OF KUWAIT, S.A.K.",+96522422011,http://www.nbk.com,KW,KWT,KUWAIT,nbk.com,https://commons.wikimedia.org/wiki/File:National_Bank_of_Kuwait_logo.svg
455015,VISA,CREDIT,CLASSIC,"NATIONAL BANK OF KUWAIT, S.A.K.",+96522422011,http://www.nbk.com,KW,KWT,KUWAIT,nbk.com,https://commons.wikimedia.org/wiki/File:National_Bank_of_Kuwait_logo.svg
455016,VISA,CREDIT,PLATINUM,ALAHLI BANK OF KUWAIT (K.S.C.),+96524341788,http://www.eahli.com,KW,KWT,KUWAIT,eahli.com,https://commons.wikimedia.org/wiki/File:Al_Ahli_Bank_of_Kuwait_logo.svg
455017,VISA,DEBIT,PREPAID PLATINUM,ARAB NATIONAL BANK,,,SA,SAU,SAUDI ARABIA,anb.com.sa,https://commons.wikimedia.org/wiki/File:Anb_new_logo.svg
455018,VISA,CREDIT,CLASSIC,KUWAIT FINANCE HOUSE,+9651803333,http://www.kfh.com,KW,KWT,KUWAIT,financehouse.ae,https://img.logo.dev/financehouse.ae?format=png&size=400
455020,VISA,DEBIT,PREPAID PLATINUM,ARAB NATIONAL BANK,,,SA,SAU,SAUDI ARABIA,anb.com.sa,https://commons.wikimedia.org/wiki/File:Anb_new_logo.svg
455035,VISA,CREDIT,GOLD,ARAB NATIONAL BANK,,,SA,SAU,SAUDI ARABIA,anb.com.sa,https://commons.wikimedia.org/wiki/File:Anb_new_logo.svg
455036,VISA,DEBIT,CLASSIC,ARAB NATIONAL BANK,,,SA,SAU,SAUDI ARABIA,anb.com.sa,https://commons.wikimedia.org/wiki/File:Anb_new_logo.svg
455037,VISA,CREDIT,REWARDS,ARAB NATIONAL BANK,,,SA,SAU,SAUDI ARABIA,anb.com.sa,https://commons.wikimedia.org/wiki/File:Anb_new_logo.svg
455048,VISA,DEBIT,PREPAID PLATINUM,BURGAN BANK (S.A.K.),,,KW,KWT,KUWAIT,burgan.com,https://commons.wikimedia.org/wiki/File:Burgan_Bank_logo.svg
455049,VISA,CREDIT,PLATINUM,ALAHLI BANK OF KUWAIT (K.S.C.),+96524341788,http://www.eahli.com,KW,KWT,KUWAIT,eahli.com,https://commons.wikimedia.org/wiki/File:Al_Ahli_Bank_of_Kuwait_logo.svg
455050,VISA,DEBIT,PLATINUM,ARAB BANK PLC,,http://www.arabbank.jo,BH,BHR,BAHRAIN,arabbank.com,https://commons.wikimedia.org/wiki/File:Arab_Bank_logo.svg
455057,VISA,CREDIT,SIGNATURE,FIRST ABU DHABI BANK (PJSC),,,AE,ARE,UNITED ARAB EMIRATES,bankfab.com,https://commons.wikimedia.org/wiki/File:First_Abu_Dhabi_Bank_Logo.svg
455066,VISA,CREDIT,INFINITE,FIRST ABU DHABI BANK (PJSC),,,AE,ARE,UNITED ARAB EMIRATES,bankfab.com,https://commons.wikimedia.org/wiki/File:First_Abu_Dhabi_Bank_Logo.svg
455067,VISA,DEBIT,CLASSIC,KUWAIT INTERNATIONAL BANK,+9651866866,http://www.kib.com.kw,KW,KWT,KUWAIT,kib.com.kw,https://commons.wikimedia.org/wiki/File:Kuwait_International_Bank_logo.svg
455068,VISA,DEBIT,CLASSIC,"BURGAN BANK, S.A.K.",+9651804080,http://www.burgan.com,KW,KWT,KUWAIT,burgan.com,https://commons.wikimedia.org/wiki/File:Burgan_Bank_logo.svg
455081,VISA,DEBIT,SIGNATURE,FIRST ABU DHABI BANK (PJSC),,,AE,ARE,UNITED ARAB EMIRATES,bankfab.com,https://commons.wikimedia.org/wiki/File:First_Abu_Dhabi_Bank_Logo.svg
455089,VISA,CREDIT,PLATINUM,BANK AL ETIHAD,,,JO,JOR,JORDAN,bankaletihad.com,https://commons.wikimedia.org/wiki/File:Bank_al_Etihad_logo.svg
455090,VISA,CREDIT,CLASSIC,ARAB JORDAN INVESTMENT BANK,,,JO,JOR,JORDAN,ajib.com,https://img.logo.dev/ajib.com?format=png&size=400
455091,VISA,CREDIT,GOLD,ARAB JORDAN INVESTMENT BANK,,,JO,JOR,JORDAN,ajib.com,https://img.logo.dev/ajib.com?format=png&size=400
455092,VISA,CREDIT,GOLD,ARAB BANKING CORPORATION (JORDAN),,http://www.arabbanking.com,JO,JOR,JORDAN,arabbanking.com,https://img.logo.dev/arabbanking.com?format=png&size=400
455093,VISA,DEBIT,PREPAID CLASSIC,MADFOOATCOM FOR EPAYMENTS,,,JO,JOR,JORDAN,,
455094,VISA,DEBIT,REWARDS,THE HOUSING BANK FOR TRADE & FINANCE,,,JO,JOR,JORDAN,hbtf.com,https://commons.wikimedia.org/wiki/File:Housing_Bank_for_Trade_and_Finance_logo.svg
455095,VISA,DEBIT,CLASSIC,CAIRO AMMAN BANK,+96265006000 / +96265006000,http://www.cab.jo,JO,JOR,JORDAN,cab.jo,https://commons.wikimedia.org/wiki/File:Cairo_Amman_Bank_logo.svg
455096,VISA,CREDIT,PLATINUM,JORDAN ISLAMIC BANK,,,JO,JOR,JORDAN,jordanislamicbank.com,https://commons.wikimedia.org/wiki/File:Jordan_Islamic_Bank_logo.svg
455097,VISA,DEBIT,CLASSIC,ARAB BANK PLC,,http://www.arabbank.jo,JO,JOR,JORDAN,arabbank.com,https://commons.wikimedia.org/wiki/File:Arab_Bank_logo.svg
455208,VISA,CREDIT,SIGNATURE BUSINESS,BANK AL ETIHAD,,,JO,JOR,JORDAN,bankaletihad.com,https://commons.wikimedia.org/wiki/File:Bank_al_Etihad_logo.svg
455242,VISA,CREDIT,CLASSIC,HSBC BANK OMAN S.A.O.G,,,OM,OMN,OMAN,hsbc.com,https://commons.wikimedia.org/wiki/File:HSBC_logo_(2018).svg
455244,VISA,CREDIT,PURCHASING,STANDARD CHARTERED BANK,+971600522288,https://www.sc.com,AE,ARE,UNITED ARAB EMIRATES,sc.com,https://commons.wikimedia.org/wiki/File:Standard_Chartered_(2021).svg
455310,VISA,CREDIT,REWARDS,ARAB NATIONAL BANK,,,SA,SAU,SAUDI ARABIA,anb.com.sa,https://commons.wikimedia.org/wiki/File:Anb_new_logo.svg
455340,VISA,CREDIT,CLASSIC,SAUDI BRITISH BANK,,http://www.sabb.com,SA,SAU,SAUDI ARABIA,sab.com,https://commons.wikimedia.org/wiki/File:Saudi_Awwal_Bank_Logo.svg
455364,VISA,DEBIT,PREPAID CORPORATE T&E,FIRST ABU DHABI BANK (PJSC),,,AE,ARE,UNITED ARAB EMIRATES,bankfab.com,https://commons.wikimedia.org/wiki/File:First_Abu_Dhabi_Bank_Logo.svg
455365,VISA,DEBIT,CLASSIC,EMIRATES NBD BANK (P.J.S.C.),+971800456,http://www.emiratesnbd.com,AE,ARE,UNITED ARAB EMIRATES,emiratesnbd.com,https://commons.wikimedia.org/wiki/File:Emirates_NBD_logo.svg
455381,VISA,CREDIT,CLASSIC,ARAB BANKING CORPORATION (JORDAN),,http://www.arabbanking.com,JO,JOR,JORDAN,arabbanking.com,https://img.logo.dev/arabbanking.com?format=png&size=400
455389,VISA,CREDIT,CLASSIC,SAUDI BRITISH BANK,,http://www.sabb.com,SA,SAU,SAUDI ARABIA,sab.com,https://commons.wikimedia.org/wiki/File:Saudi_Awwal_Bank_Logo.svg
455391,VISA,CREDIT,SIGNATURE,QATAR ISLAMIC BANK (S.A.Q.),,,QA,QAT,QATAR,qib.com.qa,https://commons.wikimedia.org/wiki/File:Qatar_Islamic_Bank_Logo.svg
455395,VISA,CREDIT,SIGNATURE,AL RAJHI BANKING AND INVESTMENT CORP.,,http://www.alrajhibank.com.sa,SA,SAU,SAUDI ARABIA,alrajhibank.com.sa,https://commons.wikimedia.org/wiki/File:Al_Rajhi_Bank_Logo.svg
455421,VISA,CREDIT,INFINITE,AL RAJHI BANKING AND INVESTMENT CORP.,,http://www.alrajhibank.com.sa,SA,SAU,SAUDI ARABIA,alrajhibank.com.sa,https://commons.wikimedia.org/wiki/File:Al_Rajhi_Bank_Logo.svg
455422,VISA,CREDIT,SIGNATURE,ARAB NATIONAL BANK,,,SA,SAU,SAUDI ARABIA,anb.com.sa,https://commons.wikimedia.org/wiki/File:Anb_new_logo.svg
455423,VISA,CREDIT,INFINITE,ARAB NATIONAL BANK,,,SA,SAU,SAUDI ARABIA,anb.com.sa,https://commons.wikimedia.org/wiki/File:Anb_new_logo.svg
455430,VISA,CREDIT,PLATINUM,AL RAJHI BANKING AND INVESTMENT CORP.,,http://www.alrajhibank.com.sa,SA,SAU,SAUDI ARABIA,alrajhibank.com.sa,https://commons.wikimedia.org/wiki/File:Al_Rajhi_Bank_Logo.svg
455470,VISA,CREDIT,CLASSIC,SOCIETE GENERALE DE BANQUE - JORDAN,+96265600300,http://www.sgbj.com,JO,JOR,JORDAN,sgbj.com,https://img.logo.dev/sgbj.com?format=png&size=400
455528,VISA,DEBIT,PREPAID CLASSIC,"NATIONAL BANK OF KUWAIT - EGYPT (NBK), S.A.E.",,,EG,EGY,EGYPT,nbk.com,https://commons.wikimedia.org/wiki/File:National_Bank_of_Kuwait_logo.svg
455555,VISA,CREDIT,GOLD,"NATIONAL BANK OF KUWAIT - EGYPT (NBK), S.A.E.",,,EG,EGY,EGYPT,nbk.com,https://commons.wikimedia.org/wiki/File:National_Bank_of_Kuwait_logo.svg
455634,VISA,CREDIT,GOLD,"NATIONAL BANK OF KUWAIT - EGYPT (NBK), S.A.E.",,,EG,EGY,EGYPT,nbk.com,https://commons.wikimedia.org/wiki/File:National_Bank_of_Kuwait_logo.svg
455708,VISA,DEBIT,PREPAID CLASSIC,AL RAJHI BANKING AND INVESTMENT CORP.,4433 92 000 + 966 OR 33 334 601 +966,http://www.alrajhibank.com.sa,SA,SAU,SAUDI ARABIA,alrajhibank.com.sa,https://commons.wikimedia.org/wiki/File:Al_Rajhi_Bank_Logo.svg
455739,VISA,CREDIT,PLATINUM,AL RAJHI BANKING AND INVESTMENT CORP.,4433 92 000 + 966 OR 33 334 601 +966,http://www.alrajhibank.com.sa,SA,SAU,SAUDI ARABIA,alrajhibank.com.sa,https://commons.wikimedia.org/wiki/File:Al_Rajhi_Bank_Logo.svg
455740,VISA,CREDIT,CLASSIC,AL RAJHI BANKING AND INVESTMENT CORP.,4433 92 000 + 966 OR 33 334 601 +966,http://www.alrajhibank.com.sa,SA,SAU,SAUDI ARABIA,alrajhibank.com.sa,https://commons.wikimedia.org/wiki/File:Al_Rajhi_Bank_Logo.svg
455743,VISA,CREDIT,CLASSIC,"ISRACARD, LTD.",,,IL,ISR,ISRAEL,isracard.co.il,https://commons.wikimedia.org/wiki/File:Isracard_logo.svg
455744,VISA,CREDIT,GOLD,"ISRACARD, LTD.",,,IL,ISR,ISRAEL,isracard.co.il,https://commons.wikimedia.org/wiki/File:Isracard_logo.svg
455767,VISA,DEBIT,CLASSIC,AL-TAIF ISLAMIC BANK FOR INVESTMENT & FINANCE,,,IQ,IRQ,IRAQ,taifib.iq,https://img.logo.dev/taifib.iq?format=png&size=400
455768,VISA,DEBIT,PLATINUM,ABU DHABI ISLAMIC BANK,+97126100600,http://www.adib.ae,AE,ARE,UNITED ARAB EMIRATES,adib.ae,https://commons.wikimedia.org/wiki/File:Abu_Dhabi_Islamic_Bank_Logo.svg
455785,VISA,DEBIT,PREPAID PLATINUM,AL-RAJHI BANKING AND INVESTMENT CORPORATION,,,SA,SAU,SAUDI ARABIA,alrajhibank.com.sa,https://commons.wikimedia.org/wiki/File:Al_Rajhi_Bank_Logo.svg
455824,VISA,DEBIT,CLASSIC,QATAR ISLAMIC BANK (S.A.Q.),+97444385555,,QA,QAT,QATAR,qib.com.qa,https://commons.wikimedia.org/wiki/File:Qatar_Islamic_Bank_Logo.svg
455826,VISA,CREDIT,PLATINUM,MASRAF AL RAYAN,+97444253333,http://www.alrayan.com,QA,QAT,QATAR,alrayan.com,https://commons.wikimedia.org/wiki/File:Masraf_Al_Rayan_logo.svg
455828,VISA,DEBIT,PREPAID PLATINUM,QATAR ISLAMIC BANK (S.A.Q.),+97444385555,,QA,QAT,QATAR,qib.com.qa,https://commons.wikimedia.org/wiki/File:Qatar_Islamic_Bank_Logo.svg
455852,VISA,CREDIT,PLATINUM,AL-RAJHI BANKING AND INVESTMENT CORPORATION,,,SA,SAU,SAUDI ARABIA,alrajhibank.com.sa,https://commons.wikimedia.org/wiki/File:Al_Rajhi_Bank_Logo.svg
456060,VISA,DEBIT,PREPAID PLATINUM,BFC PAYMENTS B.S.C. (C),,,BH,BHR,BAHRAIN,,
456078,VISA,DEBIT,INFINITE,CREDIT LIBANAIS S.A.L.,+9611900111,http://www.creditlibanais.com.lb,LB,LBN,LEBANON,creditlibanais.com,https://commons.wikimedia.org/wiki/File:Credit_Libanais_logo.svg
456391,VISA,CREDIT,GOLD,CREDIMAX B.S.C. (CLOSED),,,BH,BHR,BAHRAIN,max.co.il,https://commons.wikimedia.org/wiki/File:Max_It_Finance_logo.svg
456523,VISA,CREDIT,REWARDS,MAGNATI - SOLE PROPRIETORSHIP L.L.C.,,,AE,ARE,UNITED ARAB EMIRATES,,
456524,VISA,CREDIT,REWARDS,FIRST ABU DHABI BANK (PJSC),,,AE,ARE,UNITED ARAB EMIRATES,bankfab.com,https://commons.wikimedia.org/wiki/File:First_Abu_Dhabi_Bank_Logo.svg
456525,VISA,CREDIT,PLATINUM,QATAR ISLAMIC BANK (S.A.Q.),+97444385555,,QA,QAT,QATAR,qib.com.qa,https://commons.wikimedia.org/wiki/File:Qatar_Islamic_Bank_Logo.svg
456526,VISA,CREDIT,PLATINUM,QATAR ISLAMIC BANK (S.A.Q.),+97444385555,,QA,QAT,QATAR,qib.com.qa,https://commons.wikimedia.org/wiki/File:Qatar_Islamic_Bank_Logo.svg
456595,VISA,DEBIT,CLASSIC,"HABIB BANK, LTD.",,http://www.habibbankltd.com,OM,OMN,OMAN,habibbankltd.com,https://img.logo.dev/habibbankltd.com?format=png&size=400
456776,VISA,CREDIT,PLATINUM,THE GULF BANK K.S.C.,,,KW,KWT,KUWAIT,e-gulfbank.com,https://commons.wikimedia.org/wiki/File:Gulf_Bank_Kuwait_logo.svg
456777,VISA,CREDIT,INFINITE,BURGAN BANK (S.A.K.),,,KW,KWT,KUWAIT,burgan.com,https://commons.wikimedia.org/wiki/File:Burgan_Bank_logo.svg
456778,VISA,CREDIT,CLASSIC,THE GULF BANK K.S.C.,,,KW,KWT,KUWAIT,e-gulfbank.com,https://commons.wikimedia.org/wiki/File:Gulf_Bank_Kuwait_logo.svg
456784,VISA,DEBIT,SIGNATURE,AL-SALAM BANK - BAHRAIN B.S.C.,,,BH,BHR,BAHRAIN,alsalambank.com,https://commons.wikimedia.org/wiki/File:Al_Salam_Bank_logo.svg
456785,VISA,CREDIT,INFINITE,BANK AL ETIHAD,,,JO,JOR,JORDAN,bankaletihad.com,https://commons.wikimedia.org/wiki/File:Bank_al_Etihad_logo.svg
456786,VISA,CREDIT,SIGNATURE,MASRAF AL RAYAN,+97444253333,http://www.alrayan.com,QA,QAT,QATAR,alrayan.com,https://commons.wikimedia.org/wiki/File:Masraf_Al_Rayan_logo.svg
456833,VISA,CREDIT,CLASSIC,DUBAI ISLAMIC BANK,,http://www.alislami.ae,AE,ARE,UNITED ARAB EMIRATES,alislami.ae,https://commons.wikimedia.org/wiki/File:Dubai_Islamic_Bank_logo.svg
456834,VISA,CREDIT,GOLD,DUBAI ISLAMIC BANK,,http://www.alislami.ae,AE,ARE,UNITED ARAB EMIRATES,alislami.ae,https://commons.wikimedia.org/wiki/File:Dubai_Islamic_Bank_logo.svg
456835,VISA,DEBIT,CLASSIC,DUBAI ISLAMIC BANK,,http://www.alislami.ae,AE,ARE,UNITED ARAB EMIRATES,alislami.ae,https://commons.wikimedia.org/wiki/File:Dubai_Islamic_Bank_logo.svg
456891,VISA,CREDIT,PLATINUM,SAUDI AWWAL BANK,,,SA,SAU,SAUDI ARABIA,sab.com,https://commons.wikimedia.org/wiki/File:Saudi_Awwal_Bank_Logo.svg
456893,VISA,CREDIT,PLATINUM,SAUDI AWWAL BANK,,,SA,SAU,SAUDI ARABIA,sab.com,https://commons.wikimedia.org/wiki/File:Saudi_Awwal_Bank_Logo.svg
457221,VISA,CREDIT,CORPORATE T&E,FIRST ABU DHABI BANK (PJSC),,,AE,ARE,UNITED ARAB EMIRATES,bankfab.com,https://commons.wikimedia.org/wiki/File:First_Abu_Dhabi_Bank_Logo.svg
457228,VISA,DEBIT,INFINITE,ABU DHABI ISLAMIC BANK,+97126100600,http://www.adib.ae,AE,ARE,UNITED ARAB EMIRATES,adib.ae,https://commons.wikimedia.org/wiki/File:Abu_Dhabi_Islamic_Bank_Logo.svg
457230,VISA,CREDIT,PLATINUM,SOCIETE GENERALE DE BANQUE AU LIBAN S.A.L (SGBL),1274477777,http://www.sgbl.com.lb,LB,LBN,LEBANON,sgbl.com.lb,https://commons.wikimedia.org/wiki/File:SGBL_logo.svg
457231,VISA,CREDIT,INFINITE,SOCIETE GENERALE DE BANQUE AU LIBAN S.A.L (SGBL),1274477777,http://www.sgbl.com.lb,LB,LBN,LEBANON,sgbl.com.lb,https://commons.wikimedia.org/wiki/File:SGBL_logo.svg
457251,VISA,CREDIT,BUSINESS,FIRST ABU DHABI BANK (PJSC),,,AE,ARE,UNITED ARAB EMIRATES,bankfab.com,https://commons.wikimedia.org/wiki/File:First_Abu_Dhabi_Bank_Logo.svg
457252,VISA,CREDIT,CORPORATE T&E,FIRST ABU DHABI BANK PJSC,+971600525500,https://www.bankfab.com,AE,ARE,UNITED ARAB EMIRATES,bankfab.com,https://commons.wikimedia.org/wiki/File:First_Abu_Dhabi_Bank_Logo.svg
457268,VISA,CREDIT,GOLD,EMIRATES NBD BANK PJSC,+971600540000,http://www.emiratesnbd.com,AE,ARE,UNITED ARAB EMIRATES,emiratesnbd.com,https://commons.wikimedia.org/wiki/File:Emirates_NBD_logo.svg
457269,VISA,CREDIT,PLATINUM,EMIRATES NBD BANK PJSC,+971600540000,http://www.emiratesnbd.com,AE,ARE,UNITED ARAB EMIRATES,emiratesnbd.com,https://commons.wikimedia.org/wiki/File:Emirates_NBD_logo.svg
457285,VISA,DEBIT,CLASSIC,CREDIT LIBANAIS S.A.L.,+9611900111,http://www.creditlibanais.com.lb,LB,LBN,LEBANON,creditlibanais.com,https://commons.wikimedia.org/wiki/File:Credit_Libanais_logo.svg
457325,VISA,CREDIT,INFINITE,SOHAR INTERNATIONAL BANK (S.A.O.G),,,OM,OMN,OMAN,soharinternational.com,https://commons.wikimedia.org/wiki/File:Sohar_International_logo.svg
457329,VISA,CREDIT,PLATINUM,FIRST ABU DHABI BANK (PJSC),,,AE,ARE,UNITED ARAB EMIRATES,bankfab.com,https://commons.wikimedia.org/wiki/File:First_Abu_Dhabi_Bank_Logo.svg
457330,VISA,CREDIT,INFINITE,FIRST ABU DHABI BANK (PJSC),,,AE,ARE,UNITED ARAB EMIRATES,bankfab.com,https://commons.wikimedia.org/wiki/File:First_Abu_Dhabi_Bank_Logo.svg
457338,VISA,DEBIT,PREPAID CLASSIC,BLOM BANK EGYPT,33039825- 33029951,http://www.blombankegypt.com,EG,EGY,EGYPT,blom.com.lb,https://commons.wikimedia.org/wiki/File:BLOM_Bank_logo.svg
457376,VISA,DEBIT,CLASSIC,NATIONAL BANK OF EGYPT,,http://www.nbe.com.eg,EG,EGY,EGYPT,nbe.com.eg,https://commons.wikimedia.org/wiki/File:National_Bank_of_Egypt_Logo.svg
457377,VISA,DEBIT,PREPAID CLASSIC,XSIGHT FINTECH SOLUTIONS L.L.C,,,AE,ARE,UNITED ARAB EMIRATES,,
457441,VISA,CREDIT,BUSINESS,QATAR NATIONAL BANK AL AHLI S.A.E.,,,EG,EGY,EGYPT,qnb.com,https://commons.wikimedia.org/wiki/File:Qatar_National_Bank_Logo.svg
457442,VISA,CREDIT,CLASSIC,WARBA BANK K.S.C.,,,KW,KWT,KUWAIT,warbabank.com,https://commons.wikimedia.org/wiki/File:Warba_Bank_logo.svg
457443,VISA,CREDIT,GOLD,WARBA BANK K.S.C.,,,KW,KWT,KUWAIT,warbabank.com,https://commons.wikimedia.org/wiki/File:Warba_Bank_logo.svg
457444,VISA,CREDIT,PLATINUM,WARBA BANK K.S.C.,,,KW,KWT,KUWAIT,warbabank.com,https://commons.wikimedia.org/wiki/File:Warba_Bank_logo.svg
457445,VISA,DEBIT,PREPAID PLATINUM,WARBA BANK K.S.C.,,,KW,KWT,KUWAIT,warbabank.com,https://commons.wikimedia.org/wiki/File:Warba_Bank_logo.svg
457446,VISA,CREDIT,SIGNATURE,WARBA BANK K.S.C.,,,KW,KWT,KUWAIT,warbabank.com,https://commons.wikimedia.org/wiki/File:Warba_Bank_logo.svg
457527,VISA,DEBIT,REWARDS,BANKMED SAL,,,LB,LBN,LEBANON,bankmed.com.lb,https://commons.wikimedia.org/wiki/File:BankMed_logo.svg
457553,VISA,DEBIT,PREPAID PLATINUM,AL RAJHI BANKING AND INVESTMENT CORP.,4433 92 000 + 966 OR 33 334 601 +966,http://www.alrajhibank.com.sa,SA,SAU,SAUDI ARABIA,alrajhibank.com.sa,https://commons.wikimedia.org/wiki/File:Al_Rajhi_Bank_Logo.svg
457555,VISA,DEBIT,GOLD,BANK OF BAHRAIN & KUWAIT B.S.C.,,,BH,BHR,BAHRAIN,bbkonline.com,https://commons.wikimedia.org/wiki/File:BBK_logo.svg
457597,VISA,DEBIT,PREPAID CLASSIC,AL RAJHI BANKING AND INVESTMENT CORP.,,http://www.alrajhibank.com.sa,SA,SAU,SAUDI ARABIA,alrajhibank.com.sa,https://commons.wikimedia.org/wiki/File:Al_Rajhi_Bank_Logo.svg
457638,VISA,DEBIT,PLATINUM,CREDIT AGRICOLE EGYPT S.A.E.,+20952381002,http://www.ca-egypt.com,EG,EGY,EGYPT,ca-egypt.com,https://commons.wikimedia.org/wiki/File:Cr%C3%A9dit_Agricole.svg
457658,VISA,DEBIT,INFINITE,DUKHAN BANK,,,QA,QAT,QATAR,dukhanbank.com,https://commons.wikimedia.org/wiki/File:Dukhan_Bank_logo.svg
457659,VISA,CREDIT,INFINITE,DUKHAN BANK,,,QA,QAT,QATAR,dukhanbank.com,https://commons.wikimedia.org/wiki/File:Dukhan_Bank_logo.svg
457715,VISA,DEBIT,PLATINUM,BANK OF BAGHDAD,,http://www.bankofbaghdad.org,IQ,IRQ,IRAQ,bankofbaghdad.com.iq,https://img.logo.dev/bankofbaghdad.com.iq?format=png&size=400
457740,VISA,CREDIT,SIGNATURE,INTERNATIONAL DEVELOPMENT BANK FOR INVESTMENT AND FINANCE,,,IQ,IRQ,IRAQ,,
457775,VISA,CREDIT,PLATINUM,ABU DHABI COMMERCIAL BANK,,http://www.adcb.com,KW,KWT,KUWAIT,adcb.com,https://commons.wikimedia.org/wiki/File:Abu_Dhabi_Commercial_Bank_Logo.svg
457776,VISA,CREDIT,CLASSIC,ABU DHABI COMMERCIAL BANK,,http://www.adcb.com,KW,KWT,KUWAIT,adcb.com,https://commons.wikimedia.org/wiki/File:Abu_Dhabi_Commercial_Bank_Logo.svg
457777,VISA,CREDIT,GOLD,ABU DHABI COMMERCIAL BANK,,http://www.adcb.com,KW,KWT,KUWAIT,adcb.com,https://commons.wikimedia.org/wiki/File:Abu_Dhabi_Commercial_Bank_Logo.svg
457778,VISA,DEBIT,CLASSIC,UNION NATIONAL BANK,,,KW,KWT,KUWAIT,,
457795,VISA,DEBIT,PREPAID CORPORATE T&E,AL BILAD BANK,,http://www.bankalbilad.com,SA,SAU,SAUDI ARABIA,bankalbilad.com,https://commons.wikimedia.org/wiki/File:Bank_Albilad_Logo.svg
457796,VISA,CREDIT,INFINITE,AL BILAD BANK,9662918884,http://www.bankalbilad.com,SA,SAU,SAUDI ARABIA,bankalbilad.com,https://commons.wikimedia.org/wiki/File:Bank_Albilad_Logo.svg
457820,VISA,CREDIT,INFINITE,FIRST ABU DHABI BANK (PJSC),,,AE,ARE,UNITED ARAB EMIRATES,bankfab.com,https://commons.wikimedia.org/wiki/File:First_Abu_Dhabi_Bank_Logo.svg
457821,VISA,CREDIT,PLATINUM,FIRST ABU DHABI BANK (PJSC),,,AE,ARE,UNITED ARAB EMIRATES,bankfab.com,https://commons.wikimedia.org/wiki/File:First_Abu_Dhabi_Bank_Logo.svg
457826,VISA,DEBIT,PLATINUM,DUBAI ISLAMIC BANK,,http://www.alislami.ae,AE,ARE,UNITED ARAB EMIRATES,alislami.ae,https://commons.wikimedia.org/wiki/File:Dubai_Islamic_Bank_logo.svg
457827,VISA,CREDIT,PLATINUM,EMIRATES ISLAMIC BANK P.J.S.C.,,,AE,ARE,UNITED ARAB EMIRATES,emiratesislamic.ae,https://commons.wikimedia.org/wiki/File:Emirates_Islamic_logo.svg
457828,VISA,CREDIT,GOLD,EMIRATES ISLAMIC BANK P.J.S.C.,,,AE,ARE,UNITED ARAB EMIRATES,emiratesislamic.ae,https://commons.wikimedia.org/wiki/File:Emirates_Islamic_logo.svg
457831,VISA,DEBIT,BUSINESS,BANK AUDI S.A.L. - AUDI SARADAR GROUP,,,LB,LBN,LEBANON,bankaudigroup.com,https://commons.wikimedia.org/wiki/File:Bank_Audi_logo.svg
457840,VISA,CREDIT,PLATINUM,SAUDI INVESTMENT BANK,,,SA,SAU,SAUDI ARABIA,saib.com.sa,https://commons.wikimedia.org/wiki/File:Saudi_Investment_Bank_Logo.svg
457841,VISA,CREDIT,PLATINUM,SAUDI INVESTMENT BANK,,,SA,SAU,SAUDI ARABIA,saib.com.sa,https://commons.wikimedia.org/wiki/File:Saudi_Investment_Bank_Logo.svg
457842,VISA,CREDIT,PLATINUM,THE SAUDI INVESTMENT BANK,,,SA,SAU,SAUDI ARABIA,saib.com.sa,https://commons.wikimedia.org/wiki/File:Saudi_Investment_Bank_Logo.svg
457843,VISA,CREDIT,ULTRA HIGH NET WORTH,THE SAUDI INVESTMENT BANK,,,SA,SAU,SAUDI ARABIA,saib.com.sa,https://commons.wikimedia.org/wiki/File:Saudi_Investment_Bank_Logo.svg
457849,VISA,CREDIT,ULTRA HIGH NET WORTH,MASRAF AL RAYAN,+97444253333,http://www.alrayan.com,QA,QAT,QATAR,alrayan.com,https://commons.wikimedia.org/wiki/File:Masraf_Al_Rayan_logo.svg
457852,VISA,DEBIT,PREPAID PRIVATE LABEL,CREDIMAX B.S.C. (CLOSED),,,BH,BHR,BAHRAIN,max.co.il,https://commons.wikimedia.org/wiki/File:Max_It_Finance_logo.svg
457865,VISA,DEBIT,PLATINUM,BANQUE SAUDI FRANSI,966 1 289 9999 OR 966 1 874 4000,http://www.alfransi.com.sa,SA,SAU,SAUDI ARABIA,alfransi.com.sa,https://commons.wikimedia.org/wiki/File:Banque_Saudi_Fransi_Logo.svg
457866,VISA,CREDIT,PLATINUM,ARAB JORDAN INVESTMENT BANK,,,JO,JOR,JORDAN,ajib.com,https://img.logo.dev/ajib.com?format=png&size=400
457867,VISA,CREDIT,INFINITE,ARAB JORDAN INVESTMENT BANK,,,JO,JOR,JORDAN,ajib.com,https://img.logo.dev/ajib.com?format=png&size=400
457869,VISA,CREDIT,PLATINUM,FIRST ABU DHABI BANK (PJSC),,,AE,ARE,UNITED ARAB EMIRATES,bankfab.com,https://commons.wikimedia.org/wiki/File:First_Abu_Dhabi_Bank_Logo.svg
457871,VISA,DEBIT,CLASSIC,ABU DHABI COMMERCIAL BANK - ADCB - EGYPT,,,EG,EGY,EGYPT,adcb.com,https://commons.wikimedia.org/wiki/File:Abu_Dhabi_Commercial_Bank_Logo.svg
457872,VISA,CREDIT,,UNION NATIONAL BANK - EGYPT,+20225748226,http://www.unb-egypt.com,EG,EGY,EGYPT,unb-egypt.com,https://img.logo.dev/unb-egypt.com?format=png&size=400
457876,VISA,DEBIT,BUSINESS,EMIRATES ISLAMIC BANK P.J.S.C.,,,AE,ARE,UNITED ARAB EMIRATES,emiratesislamic.ae,https://commons.wikimedia.org/wiki/File:Emirates_Islamic_logo.svg
457895,VISA,CREDIT,PLATINUM,BANK OF JORDAN,+96265807777,http://www.bankofjordan.com,JO,JOR,JORDAN,bankofjordan.com,https://commons.wikimedia.org/wiki/File:Bank_of_Jordan_logo.svg
457903,VISA,DEBIT,PREPAID CORPORATE T&E,FIRST ABU DHABI BANK (PJSC),,,AE,ARE,UNITED ARAB EMIRATES,bankfab.com,https://commons.wikimedia.org/wiki/File:First_Abu_Dhabi_Bank_Logo.svg
457904,VISA,DEBIT,PREPAID CLASSIC,SOHAR INTERNATIONAL BANK (S.A.O.G),,,OM,OMN,OMAN,soharinternational.com,https://commons.wikimedia.org/wiki/File:Sohar_International_logo.svg
457908,VISA,CREDIT,REWARDS,MASHREQBANK,+97143632250,http://www.mashreqbank.com,AE,ARE,UNITED ARAB EMIRATES,mashreqbank.com,https://commons.wikimedia.org/wiki/File:Mashreq_bank_logo.svg
457909,VISA,CREDIT,REWARDS,MASHREQBANK,+97143632250,http://www.mashreqbank.com,AE,ARE,UNITED ARAB EMIRATES,mashreqbank.com,https://commons.wikimedia.org/wiki/File:Mashreq_bank_logo.svg
457924,VISA,CREDIT,SIGNATURE,,,,JO,JOR,JORDAN,,
457925,VISA,CREDIT,INFINITE,ALAHLI BANK OF KUWAIT (K.S.C.),+96524341788,http://www.eahli.com,KW,KWT,KUWAIT,eahli.com,https://commons.wikimedia.org/wiki/File:Al_Ahli_Bank_of_Kuwait_logo.svg
457927,VISA,DEBIT,PREPAID CLASSIC,RIYAD BANK,,http://www.riyadbank.com,SA,SAU,SAUDI ARABIA,riyadbank.com,https://commons.wikimedia.org/wiki/File:Riyad_Bank_logo.svg
457928,VISA,DEBIT,PLATINUM,THE SAUDI NATIONAL BANK,,,AE,ARE,UNITED ARAB EMIRATES,alahli.com,https://commons.wikimedia.org/wiki/File:Saudi_National_Bank_Logo.svg
457979,VISA,DEBIT,GOLD,KURDISTAN INTERNATIONAL ISLAMIC BANK FOR INVESTMENT AND DEVELOPMENT,,,IQ,IRQ,IRAQ,,
457997,VISA,DEBIT,CLASSIC,BANQUE SAUDI FRANSI,,http://www.alfransi.com.sa,SA,SAU,SAUDI ARABIA,alfransi.com.sa,https://commons.wikimedia.org/wiki/File:Banque_Saudi_Fransi_Logo.svg
457998,VISA,CREDIT,INFINITE,ALINMA BANK,,,SA,SAU,SAUDI ARABIA,alinma.com,https://commons.wikimedia.org/wiki/File:Alinma_Bank_logo.svg
458000,VISA,CREDIT,CLASSIC,"ISRAEL CREDIT CARDS, LTD.",,http://www.cal-intl.com,IL,ISR,ISRAEL,cal-online.co.il,https://commons.wikimedia.org/wiki/File:Cal_Israel_Credit_Cards_logo.svg
458001,VISA,CREDIT,CLASSIC,"ISRAEL CREDIT CARDS, LTD.",,http://www.cal-intl.com,IL,ISR,ISRAEL,cal-online.co.il,https://commons.wikimedia.org/wiki/File:Cal_Israel_Credit_Cards_logo.svg
458002,VISA,DEBIT,BUSINESS ENHANCED,"WISE ILS, LTD.",,,IL,ISR,ISRAEL,,
458003,VISA,CREDIT,CLASSIC,"MAX IT FINANCE, LTD.",,,IL,ISR,ISRAEL,max.co.il,https://commons.wikimedia.org/wiki/File:Max_It_Finance_logo.svg
458004,VISA,CREDIT,CLASSIC,"ISRAEL CREDIT CARDS, LTD.",,http://www.cal-intl.com,IL,ISR,ISRAEL,cal-online.co.il,https://commons.wikimedia.org/wiki/File:Cal_Israel_Credit_Cards_logo.svg
458005,VISA,CREDIT,CLASSIC,"ISRAEL CREDIT CARDS, LTD.",360-378-2265,http://www.cal-intl.com,IL,ISR,ISRAEL,cal-online.co.il,https://commons.wikimedia.org/wiki/File:Cal_Israel_Credit_Cards_logo.svg
458006,VISA,CREDIT,CLASSIC,"ISRAEL CREDIT CARDS, LTD.",,http://www.cal-intl.com,IL,ISR,ISRAEL,cal-online.co.il,https://commons.wikimedia.org/wiki/File:Cal_Israel_Credit_Cards_logo.svg
458007,VISA,CREDIT,CLASSIC,"ISRAEL CREDIT CARDS, LTD.",,http://www.cal-intl.com,IL,ISR,ISRAEL,cal-online.co.il,https://commons.wikimedia.org/wiki/File:Cal_Israel_Credit_Cards_logo.svg
458008,VISA,CREDIT,CLASSIC,"ISRAEL CREDIT CARDS, LTD.",,http://www.cal-intl.com,IL,ISR,ISRAEL,cal-online.co.il,https://commons.wikimedia.org/wiki/File:Cal_Israel_Credit_Cards_logo.svg
458009,VISA,CREDIT,CLASSIC,"ISRAEL CREDIT CARDS, LTD.",,http://www.cal-intl.com,IL,ISR,ISRAEL,cal-online.co.il,https://commons.wikimedia.org/wiki/File:Cal_Israel_Credit_Cards_logo.svg
458010,VISA,CREDIT,BUSINESS,"MAX IT FINANCE, LTD.",,,IL,ISR,ISRAEL,max.co.il,https://commons.wikimedia.org/wiki/File:Max_It_Finance_logo.svg
458011,VISA,CREDIT,PLATINUM,"MAX IT FINANCE, LTD.",,,IL,ISR,ISRAEL,max.co.il,https://commons.wikimedia.org/wiki/File:Max_It_Finance_logo.svg
458012,VISA,CREDIT,GOLD,"MAX IT FINANCE, LTD.",,,IL,ISR,ISRAEL,max.co.il,https://commons.wikimedia.org/wiki/File:Max_It_Finance_logo.svg
458013,VISA,CREDIT,CLASSIC,"ISRAEL CREDIT CARDS, LTD.",,http://www.cal-intl.com,IL,ISR,ISRAEL,cal-online.co.il,https://commons.wikimedia.org/wiki/File:Cal_Israel_Credit_Cards_logo.svg
458014,VISA,CREDIT,GOLD,"MAX IT FINANCE, LTD.",,,IL,ISR,ISRAEL,max.co.il,https://commons.wikimedia.org/wiki/File:Max_It_Finance_logo.svg
458015,VISA,CREDIT,PLATINUM,"MAX IT FINANCE, LTD.",,,IL,ISR,ISRAEL,max.co.il,https://commons.wikimedia.org/wiki/File:Max_It_Finance_logo.svg
458016,VISA,CREDIT,CLASSIC,"ISRAEL CREDIT CARDS, LTD.",,http://www.cal-intl.com,IL,ISR,ISRAEL,cal-online.co.il,https://commons.wikimedia.org/wiki/File:Cal_Israel_Credit_Cards_logo.svg
458017,VISA,CREDIT,CLASSIC,"ISRAEL CREDIT CARDS, LTD.",,http://www.cal-intl.com,IL,ISR,ISRAEL,cal-online.co.il,https://commons.wikimedia.org/wiki/File:Cal_Israel_Credit_Cards_logo.svg
458018,VISA,DEBIT,PREPAID,"ISRAEL CREDIT CARDS, LTD.",360-378-2265,http://www.cal-intl.com,IL,ISR,ISRAEL,cal-online.co.il,https://commons.wikimedia.org/wiki/File:Cal_Israel_Credit_Cards_logo.svg
458019,VISA,DEBIT,PREPAID CLASSIC,"ISRAEL CREDIT CARDS, LTD.",,http://www.cal-intl.com,IL,ISR,ISRAEL,cal-online.co.il,https://commons.wikimedia.org/wiki/File:Cal_Israel_Credit_Cards_logo.svg
458020,VISA,CREDIT,GOLD,BANK LEUMI LE-ISRAEL B.M.,+97239544555,http://english.leumi.co.il,IL,ISR,ISRAEL,leumi.co.il,https://commons.wikimedia.org/wiki/File:Bank_Leumi_Logo.svg
458021,VISA,CREDIT,GOLD,"ISRAEL CREDIT CARDS, LTD.",,http://www.cal-intl.com,IL,ISR,ISRAEL,cal-online.co.il,https://commons.wikimedia.org/wiki/File:Cal_Israel_Credit_Cards_logo.svg
458022,VISA,CREDIT,GOLD,"ARAB ISRAEL BANK, LTD.",,,IL,ISR,ISRAEL,,
458023,VISA,CREDIT,GOLD,"MAX IT FINANCE, LTD.",,,IL,ISR,ISRAEL,max.co.il,https://commons.wikimedia.org/wiki/File:Max_It_Finance_logo.svg
458024,VISA,CREDIT,GOLD,"ISRAEL CREDIT CARDS, LTD.",,http://www.cal-intl.com,IL,ISR,ISRAEL,cal-online.co.il,https://commons.wikimedia.org/wiki/File:Cal_Israel_Credit_Cards_logo.svg
458025,VISA,CREDIT,PLATINUM,"ISRAEL CREDIT CARDS, LTD.",360-378-2265,http://www.cal-intl.com,IL,ISR,ISRAEL,cal-online.co.il,https://commons.wikimedia.org/wiki/File:Cal_Israel_Credit_Cards_logo.svg
458026,VISA,CREDIT,GOLD,"ISRAEL CREDIT CARDS, LTD.",,http://www.cal-intl.com,IL,ISR,ISRAEL,cal-online.co.il,https://commons.wikimedia.org/wiki/File:Cal_Israel_Credit_Cards_logo.svg
458027,VISA,CREDIT,GOLD,"ISRAEL CREDIT CARDS, LTD.",,http://www.cal-intl.com,IL,ISR,ISRAEL,cal-online.co.il,https://commons.wikimedia.org/wiki/File:Cal_Israel_Credit_Cards_logo.svg
458028,VISA,CREDIT,GOLD,"ISRAEL CREDIT CARDS, LTD.",,http://www.cal-intl.com,IL,ISR,ISRAEL,cal-online.co.il,https://commons.wikimedia.org/wiki/File:Cal_Israel_Credit_Cards_logo.svg
458029,VISA,CREDIT,GOLD,"ISRAEL CREDIT CARDS, LTD.",,http://www.cal-intl.com,IL,ISR,ISRAEL,cal-online.co.il,https://commons.wikimedia.org/wiki/File:Cal_Israel_Credit_Cards_logo.svg
458030,VISA,CREDIT,INFINITE,"ISRAEL CREDIT CARDS, LTD.",,http://www.cal-intl.com,IL,ISR,ISRAEL,cal-online.co.il,https://commons.wikimedia.org/wiki/File:Cal_Israel_Credit_Cards_logo.svg
458031,VISA,DEBIT,CLASSIC,BANK LEUMI LE-ISRAEL B.M.,,http://english.leumi.co.il,IL,ISR,ISRAEL,leumi.co.il,https://commons.wikimedia.org/wiki/File:Bank_Leumi_Logo.svg
458032,VISA,CREDIT,CORPORATE T&E,"ISRAEL CREDIT CARDS, LTD.",360-378-2265,http://www.cal-intl.com,IL,ISR,ISRAEL,cal-online.co.il,https://commons.wikimedia.org/wiki/File:Cal_Israel_Credit_Cards_logo.svg
458033,VISA,CREDIT,CORPORATE T&E,"MERCANTILE DISCOUNT BANK, LTD.",+97225678257,http://www.mercantile.co.il,IL,ISR,ISRAEL,discountbank.co.il,https://commons.wikimedia.org/wiki/File:Israel_Discount_Bank_Logo.svg
458034,VISA,DEBIT,INFINITE,"WISE ILS, LTD.",,,IL,ISR,ISRAEL,,
458035,VISA,CREDIT,CORPORATE T&E,"MERCANTILE DISCOUNT BANK, LTD.",+97225678257,http://www.mercantile.co.il,IL,ISR,ISRAEL,discountbank.co.il,https://commons.wikimedia.org/wiki/File:Israel_Discount_Bank_Logo.svg
458036,VISA,CREDIT,CLASSIC,"THE FIRST INTERNATIONAL BANK OF ISRAEL, LTD.",,,IL,ISR,ISRAEL,fibi.co.il,https://commons.wikimedia.org/wiki/File:First_International_Bank_of_Israel_Logo.svg
458037,VISA,CREDIT,GOLD,"THE FIRST INTERNATIONAL BANK OF ISRAEL, LTD.",,,IL,ISR,ISRAEL,fibi.co.il,https://commons.wikimedia.org/wiki/File:First_International_Bank_of_Israel_Logo.svg
458038,VISA,CREDIT,BUSINESS,"THE FIRST INTERNATIONAL BANK OF ISRAEL, LTD.",,,IL,ISR,ISRAEL,fibi.co.il,https://commons.wikimedia.org/wiki/File:First_International_Bank_of_Israel_Logo.svg
458039,VISA,CREDIT,CLASSIC,BANK LEUMI LE-ISRAEL B.M.,+97239544555,http://english.leumi.co.il,IL,ISR,ISRAEL,leumi.co.il,https://commons.wikimedia.org/wiki/File:Bank_Leumi_Logo.svg
458041,VISA,DEBIT,PREPAID CLASSIC,"MAX IT FINANCE, LTD.",,,IL,ISR,ISRAEL,max.co.il,https://commons.wikimedia.org/wiki/File:Max_It_Finance_logo.svg
458042,VISA,CREDIT,CLASSIC,BANK LEUMI LE-ISRAEL B.M.,+97239544555,http://english.leumi.co.il,IL,ISR,ISRAEL,leumi.co.il,https://commons.wikimedia.org/wiki/File:Bank_Leumi_Logo.svg
458043,VISA,CREDIT,CLASSIC,"MAX IT FINANCE, LTD.",,,IL,ISR,ISRAEL,max.co.il,https://commons.wikimedia.org/wiki/File:Max_It_Finance_logo.svg
458044,VISA,CREDIT,CLASSIC,LEUMI CARD,+97236178888,http://www.leumi-card.co.il,IL,ISR,ISRAEL,leumi-card.co.il,https://img.logo.dev/leumi-card.co.il?format=png&size=400
458045,VISA,CREDIT,,LEUMI CARD,+97236178888,http://www.leumi-card.co.il,IL,ISR,ISRAEL,leumi-card.co.il,https://img.logo.dev/leumi-card.co.il?format=png&size=400
458047,VISA,DEBIT,CLASSIC,BANK LEUMI LE-ISRAEL B.M.,+97239544555,http://english.leumi.co.il,IL,ISR,ISRAEL,leumi.co.il,https://commons.wikimedia.org/wiki/File:Bank_Leumi_Logo.svg
458048,VISA,CREDIT,BUSINESS,"MAX IT FINANCE, LTD.",,,IL,ISR,ISRAEL,max.co.il,https://commons.wikimedia.org/wiki/File:Max_It_Finance_logo.svg
458049,VISA,CREDIT,CLASSIC,"MAX IT FINANCE, LTD.",,,IL,ISR,ISRAEL,max.co.il,https://commons.wikimedia.org/wiki/File:Max_It_Finance_logo.svg
458050,VISA,CREDIT,PLATINUM,"ISRAEL CREDIT CARDS, LTD.",,http://www.cal-intl.com,IL,ISR,ISRAEL,cal-online.co.il,https://commons.wikimedia.org/wiki/File:Cal_Israel_Credit_Cards_logo.svg
458051,VISA,DEBIT,PREPAID,LEUMI CARD,+97236178888,http://www.leumi-card.co.il,IL,ISR,ISRAEL,leumi-card.co.il,https://img.logo.dev/leumi-card.co.il?format=png&size=400
458052,VISA,DEBIT,CLASSIC,"ISRAEL CREDIT CARDS, LTD.",,http://www.cal-intl.com,IL,ISR,ISRAEL,cal-online.co.il,https://commons.wikimedia.org/wiki/File:Cal_Israel_Credit_Cards_logo.svg
458053,VISA,DEBIT,CLASSIC,"ISRAEL CREDIT CARDS, LTD.",,http://www.cal-intl.com,IL,ISR,ISRAEL,cal-online.co.il,https://commons.wikimedia.org/wiki/File:Cal_Israel_Credit_Cards_logo.svg
458054,VISA,CREDIT,PLATINUM,"ISRAEL CREDIT CARDS, LTD.",,http://www.cal-intl.com,IL,ISR,ISRAEL,cal-online.co.il,https://commons.wikimedia.org/wiki/File:Cal_Israel_Credit_Cards_logo.svg
458055,VISA,CREDIT,PLATINUM,"ISRAEL CREDIT CARDS, LTD.",,http://www.cal-intl.com,IL,ISR,ISRAEL,cal-online.co.il,https://commons.wikimedia.org/wiki/File:Cal_Israel_Credit_Cards_logo.svg
458056,VISA,CREDIT,GOLD,"MAX IT FINANCE, LTD.",,,IL,ISR,ISRAEL,max.co.il,https://commons.wikimedia.org/wiki/File:Max_It_Finance_logo.svg
458057,VISA,CREDIT,PLATINUM,"ISRAEL CREDIT CARDS, LTD.",360-378-2265,http://www.cal-intl.com,IL,ISR,ISRAEL,cal-online.co.il,https://commons.wikimedia.org/wiki/File:Cal_Israel_Credit_Cards_logo.svg
458058,VISA,CREDIT,PLATINUM,BANK LEUMI LE-ISRAEL B.M.,+97239544555,http://english.leumi.co.il,IL,ISR,ISRAEL,leumi.co.il,https://commons.wikimedia.org/wiki/File:Bank_Leumi_Logo.svg
458059,VISA,DEBIT,CLASSIC,BANK LEUMI LE-ISRAEL B.M.,+97239544555,http://english.leumi.co.il,IL,ISR,ISRAEL,leumi.co.il,https://commons.wikimedia.org/wiki/File:Bank_Leumi_Logo.svg
458070,VISA,DEBIT,PREPAID BUSINESS,"MAX IT FINANCE, LTD.",,,IL,ISR,ISRAEL,max.co.il,https://commons.wikimedia.org/wiki/File:Max_It_Finance_logo.svg
458078,VISA,CREDIT,PLATINUM,"ISRAEL CREDIT CARDS, LTD.",360-378-2265,http://www.cal-intl.com,IL,ISR,ISRAEL,cal-online.co.il,https://commons.wikimedia.org/wiki/File:Cal_Israel_Credit_Cards_logo.svg
458079,VISA,CREDIT,INFINITE,"ISRAEL CREDIT CARDS, LTD.",,http://www.cal-intl.com,IL,ISR,ISRAEL,cal-online.co.il,https://commons.wikimedia.org/wiki/File:Cal_Israel_Credit_Cards_logo.svg
458080,VISA,DEBIT,CLASSIC,"ISRAEL CREDIT CARDS, LTD.",,http://www.cal-intl.com,IL,ISR,ISRAEL,cal-online.co.il,https://commons.wikimedia.org/wiki/File:Cal_Israel_Credit_Cards_logo.svg
458081,VISA,CREDIT,INFINITE,"ISRAEL CREDIT CARDS, LTD.",360-378-2265,http://www.cal-intl.com,IL,ISR,ISRAEL,cal-online.co.il,https://commons.wikimedia.org/wiki/File:Cal_Israel_Credit_Cards_logo.svg
458082,VISA,DEBIT,CLASSIC,"ISRAEL CREDIT CARDS, LTD.",,http://www.cal-intl.com,IL,ISR,ISRAEL,cal-online.co.il,https://commons.wikimedia.org/wiki/File:Cal_Israel_Credit_Cards_logo.svg
458083,VISA,DEBIT,CLASSIC,"ISRAEL CREDIT CARDS, LTD.",,http://www.cal-intl.com,IL,ISR,ISRAEL,cal-online.co.il,https://commons.wikimedia.org/wiki/File:Cal_Israel_Credit_Cards_logo.svg
458085,VISA,CREDIT,INFINITE,BANK HAPOALIM B M,,,IL,ISR,ISRAEL,bankhapoalim.co.il,https://commons.wikimedia.org/wiki/File:Bank_Hapoalim_Logo.svg
458086,VISA,CREDIT,INFINITE,"ISRAEL CREDIT CARDS, LTD.",,http://www.cal-intl.com,IL,ISR,ISRAEL,cal-online.co.il,https://commons.wikimedia.org/wiki/File:Cal_Israel_Credit_Cards_logo.svg
458087,VISA,CREDIT,BUSINESS,BANK HAPOALIM B M,,,IL,ISR,ISRAEL,bankhapoalim.co.il,https://commons.wikimedia.org/wiki/File:Bank_Hapoalim_Logo.svg
458088,VISA,CREDIT,PLATINUM,"MAX IT FINANCE, LTD.",,,IL,ISR,ISRAEL,max.co.il,https://commons.wikimedia.org/wiki/File:Max_It_Finance_logo.svg
458089,VISA,CREDIT,BUSINESS,"MAX IT FINANCE, LTD.",,,IL,ISR,ISRAEL,max.co.il,https://commons.wikimedia.org/wiki/File:Max_It_Finance_logo.svg
458090,VISA,CREDIT,BUSINESS,BANK LEUMI LE-ISRAEL B.M.,+97239544555,http://english.leumi.co.il,IL,ISR,ISRAEL,leumi.co.il,https://commons.wikimedia.org/wiki/File:Bank_Leumi_Logo.svg
458091,VISA,CREDIT,BUSINESS,"ISRAEL CREDIT CARDS, LTD.",,http://www.cal-intl.com,IL,ISR,ISRAEL,cal-online.co.il,https://commons.wikimedia.org/wiki/File:Cal_Israel_Credit_Cards_logo.svg
458092,VISA,CREDIT,BUSINESS,"ARAB ISRAEL BANK, LTD.",,,IL,ISR,ISRAEL,,
458093,VISA,CREDIT,CLASSIC,"MAX IT FINANCE, LTD.",,,IL,ISR,ISRAEL,max.co.il,https://commons.wikimedia.org/wiki/File:Max_It_Finance_logo.svg
458094,VISA,CREDIT,BUSINESS,"ISRAEL CREDIT CARDS, LTD.",,http://www.cal-intl.com,IL,ISR,ISRAEL,cal-online.co.il,https://commons.wikimedia.org/wiki/File:Cal_Israel_Credit_Cards_logo.svg
458095,VISA,CREDIT,BUSINESS,"ISRAEL CREDIT CARDS, LTD.",,http://www.cal-intl.com,IL,ISR,ISRAEL,cal-online.co.il,https://commons.wikimedia.org/wiki/File:Cal_Israel_Credit_Cards_logo.svg
458096,VISA,CREDIT,BUSINESS,"ISRAEL CREDIT CARDS, LTD.",,http://www.cal-intl.com,IL,ISR,ISRAEL,cal-online.co.il,https://commons.wikimedia.org/wiki/File:Cal_Israel_Credit_Cards_logo.svg
458097,VISA,CREDIT,BUSINESS,"ISRAEL CREDIT CARDS, LTD.",,http://www.cal-intl.com,IL,ISR,ISRAEL,cal-online.co.il,https://commons.wikimedia.org/wiki/File:Cal_Israel_Credit_Cards_logo.svg
458098,VISA,CREDIT,BUSINESS,"ISRAEL CREDIT CARDS, LTD.",,http://www.cal-intl.com,IL,ISR,ISRAEL,cal-online.co.il,https://commons.wikimedia.org/wiki/File:Cal_Israel_Credit_Cards_logo.svg
458099,VISA,CREDIT,BUSINESS,"ISRAEL CREDIT CARDS, LTD.",,http://www.cal-intl.com,IL,ISR,ISRAEL,cal-online.co.il,https://commons.wikimedia.org/wiki/File:Cal_Israel_Credit_Cards_logo.svg
458100,VISA,CREDIT,CLASSIC,THE NATIONAL BANK OF RAS AL-KHAIMAH,,,AE,ARE,UNITED ARAB EMIRATES,rakbank.ae,https://commons.wikimedia.org/wiki/File:Rakbank_logo.svg
458101,VISA,CREDIT,GOLD,THE NATIONAL BANK OF RAS AL-KHAIMAH,,,AE,ARE,UNITED ARAB EMIRATES,rakbank.ae,https://commons.wikimedia.org/wiki/File:Rakbank_logo.svg
458110,VISA,DEBIT,CLASSIC,EGYPTIAN NATIONAL POST ORGANISATION,44 (0)207 582 5220,http://www.balancingact-africa.com,EG,EGY,EGYPT,balancingact-africa.com,https://img.logo.dev/balancingact-africa.com?format=png&size=400
458139,VISA,DEBIT,PREPAID CLASSIC,EGYPTIAN NATIONAL POST ORGANISATION,44 (0)207 582 5220,http://www.balancingact-africa.com,EG,EGY,EGYPT,balancingact-africa.com,https://img.logo.dev/balancingact-africa.com?format=png&size=400
458205,VISA,DEBIT,ELECTRON,FIRST ABU DHABI BANK PJSC,971 2-611-1111,https://www.bankfab.com,KW,KWT,KUWAIT,bankfab.com,https://commons.wikimedia.org/wiki/File:First_Abu_Dhabi_Bank_Logo.svg
458208,VISA,CREDIT,PLATINUM,COMMERCIAL BANK OF DUBAI,+97126268400,http://www.cbd.ae,AE,ARE,UNITED ARAB EMIRATES,cbd.ae,https://commons.wikimedia.org/wiki/File:Commercial_Bank_of_Dubai_logo.svg
458209,VISA,CREDIT,PLATINUM,COMMERCIAL BANK OF DUBAI,+97126268400,http://www.cbd.ae,AE,ARE,UNITED ARAB EMIRATES,cbd.ae,https://commons.wikimedia.org/wiki/File:Commercial_Bank_of_Dubai_logo.svg
458210,VISA,CREDIT,PLATINUM,COMMERCIAL BANK OF DUBAI,+97126268400,http://www.cbd.ae,AE,ARE,UNITED ARAB EMIRATES,cbd.ae,https://commons.wikimedia.org/wiki/File:Commercial_Bank_of_Dubai_logo.svg
458211,VISA,CREDIT,CORPORATE T&E,COMMERCIAL BANK OF DUBAI,+97126268400,http://www.cbd.ae,AE,ARE,UNITED ARAB EMIRATES,cbd.ae,https://commons.wikimedia.org/wiki/File:Commercial_Bank_of_Dubai_logo.svg
458212,VISA,DEBIT,PREPAID,COMMERCIAL BANK OF DUBAI,+97126268400,http://www.cbd.ae,AE,ARE,UNITED ARAB EMIRATES,cbd.ae,https://commons.wikimedia.org/wiki/File:Commercial_Bank_of_Dubai_logo.svg
458231,VISA,CREDIT,INFINITE,STANDARD CHARTERED BANK,+97317531532,https://www.sc.com,BH,BHR,BAHRAIN,sc.com,https://commons.wikimedia.org/wiki/File:Standard_Chartered_(2021).svg
458232,VISA,CREDIT,PLATINUM,KUWAIT INTERNATIONAL BANK,+9651866866,http://www.kib.com.kw,KW,KWT,KUWAIT,kib.com.kw,https://commons.wikimedia.org/wiki/File:Kuwait_International_Bank_logo.svg
458233,VISA,CREDIT,PLATINUM,KUWAIT INTERNATIONAL BANK,+9651866866,http://www.kib.com.kw,KW,KWT,KUWAIT,kib.com.kw,https://commons.wikimedia.org/wiki/File:Kuwait_International_Bank_logo.svg
458241,VISA,CREDIT,PLATINUM,,,,BH,BHR,BAHRAIN,,
458243,VISA,DEBIT,PREPAID CLASSIC,MADFOOATCOM FOR EPAYMENTS,,,JO,JOR,JORDAN,,
458245,VISA,DEBIT,PREPAID,"CITIBANK, N.A.",,https://www.citi.com,EG,EGY,EGYPT,citibank.com,https://commons.wikimedia.org/wiki/File:Citibank.svg
458246,VISA,DEBIT,PREPAID,"CITICORP CREDIT SERVICES, INC.",,,KW,KWT,KUWAIT,citibank.com,https://commons.wikimedia.org/wiki/File:Citibank.svg
458256,VISA,DEBIT,PREPAID CLASSIC,ARAB BANK PLC,,http://www.arabbank.jo,EG,EGY,EGYPT,arabbank.com,https://commons.wikimedia.org/wiki/File:Arab_Bank_logo.svg
458263,VISA,CREDIT,INFINITE,EMIRATES NBD BANK (P.J.S.C.),,http://www.emiratesnbd.com,SA,SAU,SAUDI ARABIA,emiratesnbd.com,https://commons.wikimedia.org/wiki/File:Emirates_NBD_logo.svg
458267,VISA,DEBIT,PREPAID CLASSIC,NATIONAL BANK OF EGYPT,,http://www.nbe.com.eg,EG,EGY,EGYPT,nbe.com.eg,https://commons.wikimedia.org/wiki/File:National_Bank_of_Egypt_Logo.svg
458270,VISA,CREDIT,,ALINMA BANK,,,SA,SAU,SAUDI ARABIA,alinma.com,https://commons.wikimedia.org/wiki/File:Alinma_Bank_logo.svg
458271,VISA,CREDIT,PLATINUM,CAPITAL BANK OF JORDAN PLC. CO.,,,JO,JOR,JORDAN,bankofjordan.com,https://commons.wikimedia.org/wiki/File:Bank_of_Jordan_logo.svg
458272,VISA,DEBIT,CLASSIC,AL-ANSSARI ISLAMIC INVESTMENT AND FINANCE BANK,,,IQ,IRQ,IRAQ,,
458273,VISA,DEBIT,PLATINUM,CAPITAL BANK OF JORDAN PLC. CO.,,,JO,JOR,JORDAN,bankofjordan.com,https://commons.wikimedia.org/wiki/File:Bank_of_Jordan_logo.svg
458289,VISA,DEBIT,PREPAID PLATINUM,UAE EXCHANGE CENTRE LLC,+97142617575,http://www.uaeexchange.com,AE,ARE,UNITED ARAB EMIRATES,uaeexchange.com,https://img.logo.dev/uaeexchange.com?format=png&size=400
458385,VISA,CREDIT,,,,,EG,EGY,EGYPT,,
458454,VISA,CREDIT,,BARWA BANK,+97444088888,http://www.barwa.com.qa,QA,QAT,QATAR,dukhanbank.com,https://commons.wikimedia.org/wiki/File:Dukhan_Bank_logo.svg
458456,VISA,DEBIT,INFINITE,AL RAJHI BANKING AND INVESTMENT CORP.,4433 92 000 + 966 OR 33 334 601 +966,http://www.alrajhibank.com.sa,SA,SAU,SAUDI ARABIA,alrajhibank.com.sa,https://commons.wikimedia.org/wiki/File:Al_Rajhi_Bank_Logo.svg
458461,VISA,CREDIT,PLATINUM,AL HILAL BANK P.J.S.C.,+97124994460,http://www.alhilalonline.ae,AE,ARE,UNITED ARAB EMIRATES,alhilalbank.ae,https://commons.wikimedia.org/wiki/File:Al_Hilal_Bank_logo.svg
458464,VISA,DEBIT,CLASSIC,AL HILAL BANK P.J.S.C.,+97124994460,http://www.alhilalonline.ae,AE,ARE,UNITED ARAB EMIRATES,alhilalbank.ae,https://commons.wikimedia.org/wiki/File:Al_Hilal_Bank_logo.svg
458465,VISA,DEBIT,PLATINUM,THE SAUDI NATIONAL BANK,,,AE,ARE,UNITED ARAB EMIRATES,alahli.com,https://commons.wikimedia.org/wiki/File:Saudi_National_Bank_Logo.svg
458479,VISA,DEBIT,CLASSIC,"NATIONAL BANK OF GREECE, S.A.",,http://www.nbg.gr,EG,EGY,EGYPT,nbg.gr,https://img.logo.dev/nbg.gr?format=png&size=400
458487,VISA,DEBIT,CLASSIC,"HABIB BANK, LTD.",,http://www.habibbankltd.com,BH,BHR,BAHRAIN,habibbankltd.com,https://img.logo.dev/habibbankltd.com?format=png&size=400
458506,VISA,CREDIT,CORPORATE T&E,DUKHAN BANK,,,QA,QAT,QATAR,dukhanbank.com,https://commons.wikimedia.org/wiki/File:Dukhan_Bank_logo.svg
458510,VISA,DEBIT,CLASSIC/GOLD,UNITED ARAB BANK,+97165195115,http://www.uab.ae,AE,ARE,UNITED ARAB EMIRATES,uab.ae,https://img.logo.dev/uab.ae?format=png&size=400
458511,VISA,CREDIT,,UNITED ARAB BANK,+97165195115,http://www.uab.ae,AE,ARE,UNITED ARAB EMIRATES,uab.ae,https://img.logo.dev/uab.ae?format=png&size=400
458512,VISA,CREDIT,,,,,EG,EGY,EGYPT,,
458550,VISA,DEBIT,PREPAID CLASSIC,THE COMMERCIAL BANK OF KUWAIT S.A.K.,,,KW,KWT,KUWAIT,cbk.com,https://commons.wikimedia.org/wiki/File:Commercial_Bank_of_Kuwait_logo.svg
458551,VISA,CREDIT,PLATINUM,UNITED ARAB BANK,+97165195115,http://www.uab.ae,AE,ARE,UNITED ARAB EMIRATES,uab.ae,https://img.logo.dev/uab.ae?format=png&size=400
458561,VISA,CREDIT,INFINITE,FRANSABANK S.A.L.,+9611340180,http://www.fransabank.com,LB,LBN,LEBANON,fransabank.com,https://commons.wikimedia.org/wiki/File:Fransabank_logo.svg
458562,VISA,DEBIT,PLATINUM,STANDARD CHARTERED BANK,,https://www.sc.com,AE,ARE,UNITED ARAB EMIRATES,sc.com,https://commons.wikimedia.org/wiki/File:Standard_Chartered_(2021).svg
458575,VISA,DEBIT,PLATINUM,STANDARD CHARTERED BANK,,https://www.sc.com,AE,ARE,UNITED ARAB EMIRATES,sc.com,https://commons.wikimedia.org/wiki/File:Standard_Chartered_(2021).svg
458583,VISA,CREDIT,,AL RAJHI BANKING AND INVESTMENT CORP.,+96524954333,http://www.alrajhibank.com.sa,KW,KWT,KUWAIT,alrajhibank.com.sa,https://commons.wikimedia.org/wiki/File:Al_Rajhi_Bank_Logo.svg
458589,VISA,CREDIT,PLATINUM,ARAB BANK PLC,+97022953333,http://www.arabbank.jo,PS,PSE,"PALESTINIAN TERRITORY, OCCUPIED",arabbank.com,https://commons.wikimedia.org/wiki/File:Arab_Bank_logo.svg
458590,VISA,CREDIT,SIGNATURE BUSINESS,ARAB BANK PLC,,http://www.arabbank.jo,PS,PSE,"PALESTINE, STATE OF",arabbank.com,https://commons.wikimedia.org/wiki/File:Arab_Bank_logo.svg
458591,VISA,CREDIT,PLATINUM,ARAB BANK PLC,+97317541000,http://www.arabbank.jo,BH,BHR,BAHRAIN,arabbank.com,https://commons.wikimedia.org/wiki/File:Arab_Bank_logo.svg
458592,VISA,CREDIT,PLATINUM,ARAB BANK PLC,+97444387878,http://www.arabbank.jo,QA,QAT,QATAR,arabbank.com,https://commons.wikimedia.org/wiki/File:Arab_Bank_logo.svg
458596,VISA,CREDIT,INFINITE,COMMERCIAL BANK OF DUBAI(PSC),,,AE,ARE,UNITED ARAB EMIRATES,cbd.ae,https://commons.wikimedia.org/wiki/File:Commercial_Bank_of_Dubai_logo.svg
458597,VISA,CREDIT,PLATINUM,CAIRO AMMAN BANK,+96265006000 / +96265006000,http://www.cab.jo,JO,JOR,JORDAN,cab.jo,https://commons.wikimedia.org/wiki/File:Cairo_Amman_Bank_logo.svg
458600,VISA,CREDIT,,,,,LB,LBN,LEBANON,,
458700,VISA,CREDIT,INFINITE,QATAR INTERNATIONAL ISLAMIC BANK,,http://www.qiib.com.qa,QA,QAT,QATAR,qiib.com.qa,https://commons.wikimedia.org/wiki/File:QIIB_logo.svg
458716,VISA,DEBIT,GOLD,INDUSTRIAL BANK,,https://www.cib.com.cn,IQ,IRQ,IRAQ,cib.com.cn,https://img.logo.dev/cib.com.cn?format=png&size=400
458770,VISA,DEBIT,PREPAID CLASSIC,KUWAIT INTERNATIONAL BANK,+9651866866,http://www.kib.com.kw,KW,KWT,KUWAIT,kib.com.kw,https://commons.wikimedia.org/wiki/File:Kuwait_International_Bank_logo.svg
458771,VISA,DEBIT,PREPAID,KUWAIT INTERNATIONAL BANK,+9651866866,http://www.kib.com.kw,KW,KWT,KUWAIT,kib.com.kw,https://commons.wikimedia.org/wiki/File:Kuwait_International_Bank_logo.svg
458776,VISA,DEBIT,CLASSIC,ARAB PAYMENT SERVICES,,,IQ,IRQ,IRAQ,aps.iq,https://img.logo.dev/aps.iq?format=png&size=400
458783,VISA,CREDIT,PLATINUM,ARAB AFRICAN INTERNATIONAL BANK,+20224886679,http://www.aaib.com,EG,EGY,EGYPT,aaib.com,https://commons.wikimedia.org/wiki/File:Arab_African_International_Bank_Logo.svg
458815,VISA,CREDIT,INFINITE,BOUBYAN BANK K.S.C.,,,KW,KWT,KUWAIT,bankboubyan.com,https://commons.wikimedia.org/wiki/File:Boubyan_Bank_logo.svg
458830,VISA,DEBIT,PLATINUM,HSBC BANK - EGYPT SAE,+20235359100,http://www.hsbc.com.eg,EG,EGY,EGYPT,hsbc.com,https://commons.wikimedia.org/wiki/File:HSBC_logo_(2018).svg
458832,VISA,DEBIT,PLATINUM,HSBC BANK - EGYPT SAE,+20235359100,http://www.hsbc.com.eg,EG,EGY,EGYPT,hsbc.com,https://commons.wikimedia.org/wiki/File:HSBC_logo_(2018).svg
458834,VISA,DEBIT,PLATINUM,HSBC BANK - EGYPT SAE,+20235359100,http://www.hsbc.com.eg,EG,EGY,EGYPT,hsbc.com,https://commons.wikimedia.org/wiki/File:HSBC_logo_(2018).svg
458835,VISA,CREDIT,,,,,AE,ARE,UNITED ARAB EMIRATES,,
458838,VISA,DEBIT,CLASSIC,AL RAJHI BANKING AND INVESTMENT CORP.,+96524954333,http://www.alrajhibank.com.sa,KW,KWT,KUWAIT,alrajhibank.com.sa,https://commons.wikimedia.org/wiki/File:Al_Rajhi_Bank_Logo.svg
458839,VISA,CREDIT,CLASSIC,AL RAJHI BANKING AND INVESTMENT CORP.,,http://www.alrajhibank.com.sa,KW,KWT,KUWAIT,alrajhibank.com.sa,https://commons.wikimedia.org/wiki/File:Al_Rajhi_Bank_Logo.svg
458840,VISA,CREDIT,PLATINUM,AL RAJHI BANKING AND INVESTMENT CORP.,+96524954333,http://www.alrajhibank.com.sa,KW,KWT,KUWAIT,alrajhibank.com.sa,https://commons.wikimedia.org/wiki/File:Al_Rajhi_Bank_Logo.svg
458841,VISA,CREDIT,INFINITE,AL RAJHI BANKING AND INVESTMENT CORP.,+96524954333,http://www.alrajhibank.com.sa,KW,KWT,KUWAIT,alrajhibank.com.sa,https://commons.wikimedia.org/wiki/File:Al_Rajhi_Bank_Logo.svg
458842,VISA,CREDIT,,AL RAJHI BANKING AND INVESTMENT CORP.,+96524954333,http://www.alrajhibank.com.sa,KW,KWT,KUWAIT,alrajhibank.com.sa,https://commons.wikimedia.org/wiki/File:Al_Rajhi_Bank_Logo.svg
458843,VISA,CREDIT,GOLD,AL RAJHI BANKING AND INVESTMENT CORP.,,http://www.alrajhibank.com.sa,KW,KWT,KUWAIT,alrajhibank.com.sa,https://commons.wikimedia.org/wiki/File:Al_Rajhi_Bank_Logo.svg
458849,VISA,DEBIT,PREPAID PLATINUM,UAE EXCHANGE CENTRE LLC,+97142617575,http://www.uaeexchange.com,AE,ARE,UNITED ARAB EMIRATES,uaeexchange.com,https://img.logo.dev/uaeexchange.com?format=png&size=400
458860,VISA,DEBIT,PREPAID CLASSIC,FIRST ABU DHABI BANK (PJSC),,,AE,ARE,UNITED ARAB EMIRATES,bankfab.com,https://commons.wikimedia.org/wiki/File:First_Abu_Dhabi_Bank_Logo.svg
458861,VISA,DEBIT,PREPAID CLASSIC,FIRST ABU DHABI BANK (PJSC),,,AE,ARE,UNITED ARAB EMIRATES,bankfab.com,https://commons.wikimedia.org/wiki/File:First_Abu_Dhabi_Bank_Logo.svg
458862,VISA,DEBIT,PREPAID PLATINUM,FIRST ABU DHABI BANK (PJSC),,,AE,ARE,UNITED ARAB EMIRATES,bankfab.com,https://commons.wikimedia.org/wiki/File:First_Abu_Dhabi_Bank_Logo.svg
458888,VISA,CREDIT,SIGNATURE BUSINESS,NATIONAL BANK OF BAHRAIN B. S. C.,,,BH,BHR,BAHRAIN,nbbonline.com,https://commons.wikimedia.org/wiki/File:National_Bank_of_Bahrain_logo.svg
459005,VISA,CREDIT,,,,,AE,ARE,UNITED ARAB EMIRATES,,
459042,VISA,DEBIT,SIGNATURE,DUBAI ISLAMIC BANK,,http://www.alislami.ae,AE,ARE,UNITED ARAB EMIRATES,alislami.ae,https://commons.wikimedia.org/wiki/File:Dubai_Islamic_Bank_logo.svg
459043,VISA,CREDIT,CLASSIC,EMIRATES LEBANON BANK SAL,,,LB,LBN,LEBANON,,
459044,VISA,CREDIT,GOLD,EMIRATES LEBANON BANK S.A.L.,,,LB,LBN,LEBANON,,
459045,VISA,CREDIT,GOLD,EMIRATES LEBANON BANK SAL,,,LB,LBN,LEBANON,,
459046,VISA,DEBIT,CLASSIC,EMIRATES LEBANON BANK SAL,,,LB,LBN,LEBANON,,
459047,VISA,CREDIT,BUSINESS,STC BANK,,,SA,SAU,SAUDI ARABIA,stcbank.com.sa,https://commons.wikimedia.org/wiki/File:Stc_pay_logo.svg
459217,VISA,DEBIT,PLATINUM,AM BANK S.A.L.,,,LB,LBN,LEBANON,ambank.com.lb,https://img.logo.dev/ambank.com.lb?format=png&size=400
459218,VISA,DEBIT,PREPAID,CSCBANK SAL,,,LB,LBN,LEBANON,cscbank.com,https://img.logo.dev/cscbank.com?format=png&size=400
459227,VISA,CREDIT,SIGNATURE,NETWORK INTERNATIONAL LLC,,,AE,ARE,UNITED ARAB EMIRATES,network.ae,https://img.logo.dev/network.ae?format=png&size=400
459242,VISA,CREDIT,UHNW,SAMBA FINANCIAL GROUP,+9668001242000,http://www.samba.com,SA,SAU,SAUDI ARABIA,alahli.com,https://commons.wikimedia.org/wiki/File:Saudi_National_Bank_Logo.svg
459440,VISA,DEBIT,PREPAID CLASSIC,"ISRAEL POSTAL BANK COMPANY, LTD.",,,IL,ISR,ISRAEL,,
459523,VISA,DEBIT,PREPAID CLASSIC,"ISRAEL POSTAL BANK COMPANY, LTD.",,,IL,ISR,ISRAEL,,
459544,VISA,DEBIT,PREPAID,MADFOOATCOM FOR EPAYMENTS,,,JO,JOR,JORDAN,,
459583,VISA,CREDIT,SIGNATURE,BANQUE SAUDI FRANSI,,http://www.alfransi.com.sa,SA,SAU,SAUDI ARABIA,alfransi.com.sa,https://commons.wikimedia.org/wiki/File:Banque_Saudi_Fransi_Logo.svg
459588,VISA,CREDIT,INFINITE,BANQUE SAUDI FRANSI,,http://www.alfransi.com.sa,SA,SAU,SAUDI ARABIA,alfransi.com.sa,https://commons.wikimedia.org/wiki/File:Banque_Saudi_Fransi_Logo.svg
459722,VISA,DEBIT,,,,,IL,ISR,ISRAEL,,
459744,VISA,DEBIT,,,,,IL,ISR,ISRAEL,,
459763,VISA,DEBIT,,,,,LB,LBN,LEBANON,,
459800,VISA,CREDIT,PLATINUM,BANQUE SAUDI FRANSI,,http://www.alfransi.com.sa,SA,SAU,SAUDI ARABIA,alfransi.com.sa,https://commons.wikimedia.org/wiki/File:Banque_Saudi_Fransi_Logo.svg
460009,VISA,DEBIT,INFINITE,FIRST IRAQI ISLAMIC BANK FOR INVESTMENT AND FINANCE,,,IQ,IRQ,IRAQ,,
460012,VISA,DEBIT,PLATINUM,STANDARD CHARTERED BANK,+96824773535,https://www.sc.com,OM,OMN,OMAN,sc.com,https://commons.wikimedia.org/wiki/File:Standard_Chartered_(2021).svg
460014,VISA,DEBIT,GOLD,ARAB AFRICAN INTERNATIONAL BANK,+20224886679,http://www.aaib.com,EG,EGY,EGYPT,aaib.com,https://commons.wikimedia.org/wiki/File:Arab_African_International_Bank_Logo.svg
460025,VISA,DEBIT,PREPAID CLASSIC,INTERNATIONAL NETWORK FOR CARDS AND DIGITAL PAYMENT SERVICES,,,IQ,IRQ,IRAQ,,
460029,VISA,DEBIT,PREPAID CLASSIC,BLOM BANK S.A.L.,,http://www.blom.com.lb,JO,JOR,JORDAN,blom.com.lb,https://commons.wikimedia.org/wiki/File:BLOM_Bank_logo.svg
460030,VISA,CREDIT,PLATINUM,MASHREQ BANK,+97143632250,http://www.mashreqbank.com,AE,ARE,UNITED ARAB EMIRATES,mashreqbank.com,https://commons.wikimedia.org/wiki/File:Mashreq_bank_logo.svg
460031,VISA,CREDIT,PLATINUM,MASHREQBANK,+97143632250,http://www.mashreqbank.com,AE,ARE,UNITED ARAB EMIRATES,mashreqbank.com,https://commons.wikimedia.org/wiki/File:Mashreq_bank_logo.svg
460033,VISA,DEBIT,PREPAID CLASSIC,CEDRUS BANK SAL,,,LB,LBN,LEBANON,,
460041,VISA,DEBIT,PLATINUM,STANDARD CHARTERED BANK,+97317531532,https://www.sc.com,BH,BHR,BAHRAIN,sc.com,https://commons.wikimedia.org/wiki/File:Standard_Chartered_(2021).svg
460060,VISA,CREDIT,PLATINUM,CEDRUS BANK SAL,,,LB,LBN,LEBANON,,
460075,VISA,DEBIT,CLASSIC,BANK OF BAGHDAD,,http://www.bankofbaghdad.org,IQ,IRQ,IRAQ,bankofbaghdad.com.iq,https://img.logo.dev/bankofbaghdad.com.iq?format=png&size=400
460081,VISA,DEBIT,PREPAID CLASSIC,CSCBANK SAL,,,LB,LBN,LEBANON,cscbank.com,https://img.logo.dev/cscbank.com?format=png&size=400
460093,VISA,DEBIT,PREPAID PLATINUM,FIRST ABU DHABI BANK (PJSC),,,AE,ARE,UNITED ARAB EMIRATES,bankfab.com,https://commons.wikimedia.org/wiki/File:First_Abu_Dhabi_Bank_Logo.svg
460120,VISA,CREDIT,INFINITE,AL RAJHI BANKING AND INVESTMENT CORP.,4433 92 000 + 966 OR 33 334 601 +966,http://www.alrajhibank.com.sa,SA,SAU,SAUDI ARABIA,alrajhibank.com.sa,https://commons.wikimedia.org/wiki/File:Al_Rajhi_Bank_Logo.svg
460121,VISA,CREDIT,SIGNATURE,AL RAJHI BANKING AND INVESTMENT CORP.,4433 92 000 + 966 OR 33 334 601 +966,http://www.alrajhibank.com.sa,SA,SAU,SAUDI ARABIA,alrajhibank.com.sa,https://commons.wikimedia.org/wiki/File:Al_Rajhi_Bank_Logo.svg
460135,VISA,DEBIT,PREPAID PLATINUM,FIRST ABU DHABI BANK (PJSC),,,AE,ARE,UNITED ARAB EMIRATES,bankfab.com,https://commons.wikimedia.org/wiki/File:First_Abu_Dhabi_Bank_Logo.svg
460191,VISA,DEBIT,PREPAID CLASSIC,AL RAJHI BANKING AND INVESTMENT CORP.,4433 92 000 + 966 OR 33 334 601 +966,http://www.alrajhibank.com.sa,SA,SAU,SAUDI ARABIA,alrajhibank.com.sa,https://commons.wikimedia.org/wiki/File:Al_Rajhi_Bank_Logo.svg
460229,VISA,DEBIT,PREPAID PLATINUM,BANKMED SAL,,,AE,ARE,UNITED ARAB EMIRATES,bankmed.com.lb,https://commons.wikimedia.org/wiki/File:BankMed_logo.svg
460274,VISA,CREDIT,SIGNATURE,THE GULF BANK K.S.C.,,,KW,KWT,KUWAIT,e-gulfbank.com,https://commons.wikimedia.org/wiki/File:Gulf_Bank_Kuwait_logo.svg
460333,VISA,DEBIT,PLATINUM,AUDI SARADAR PRIVATE BANK S.A.L.,+9611205400,http://www.audisaradarpb.com,LB,LBN,LEBANON,audisaradarpb.com,https://img.logo.dev/audisaradarpb.com?format=png&size=400
460337,VISA,DEBIT,PREPAID CLASSIC,CREDIT AGRICOLE EGYPT S.A.E.,+20952381002,http://www.ca-egypt.com,EG,EGY,EGYPT,ca-egypt.com,https://commons.wikimedia.org/wiki/File:Cr%C3%A9dit_Agricole.svg
460352,VISA,DEBIT,PREPAID CLASSIC,AGRICULTURAL BANK OF EGYPT (ABE),,,EG,EGY,EGYPT,abe.com.eg,https://img.logo.dev/abe.com.eg?format=png&size=400
460382,VISA,DEBIT,PREPAID CLASSIC,"YANA COMPANY FOR BANKING AND ELECTRONIC SERVICES, LTD.",,,IQ,IRQ,IRAQ,,
460384,VISA,DEBIT,PREPAID CLASSIC,ISHTAR GATE FOR E-PAYMENT SYSTEMS AND SERVICES (PRIVATE SHAREHOLDING,,,IQ,IRQ,IRAQ,,
460412,VISA,DEBIT,PREPAID CLASSIC,ARAB PAYMENT SERVICES,,,IQ,IRQ,IRAQ,aps.iq,https://img.logo.dev/aps.iq?format=png&size=400
460415,VISA,CREDIT,BUSINESS ENHANCED,INTERNATIONAL NETWORK FOR CARDS AND DIGITAL PAYMENT SERVICES,,,IQ,IRQ,IRAQ,,
460466,VISA,CREDIT,PURCHASING,OMAN ARAB BANK SAO,(800) 860-9227,,OM,OMN,OMAN,oman-arabbank.com,https://commons.wikimedia.org/wiki/File:Oman_Arab_Bank_logo.svg
460468,VISA,DEBIT,PREPAID CLASSIC,ALIZZ ISLAMIC BANK (S.A.O.C),,,OM,OMN,OMAN,alizzislamic.com,https://img.logo.dev/alizzislamic.com?format=png&size=400
460502,VISA,DEBIT,PREPAID PLATINUM,FIRST ABU DHABI BANK (PJSC),,,AE,ARE,UNITED ARAB EMIRATES,bankfab.com,https://commons.wikimedia.org/wiki/File:First_Abu_Dhabi_Bank_Logo.svg
460504,VISA,DEBIT,PREPAID PLATINUM,FIRST ABU DHABI BANK (PJSC),,,AE,ARE,UNITED ARAB EMIRATES,bankfab.com,https://commons.wikimedia.org/wiki/File:First_Abu_Dhabi_Bank_Logo.svg
460512,VISA,DEBIT,PREPAID PLATINUM,FIRST ABU DHABI BANK (PJSC),,,AE,ARE,UNITED ARAB EMIRATES,bankfab.com,https://commons.wikimedia.org/wiki/File:First_Abu_Dhabi_Bank_Logo.svg
460761,VISA,DEBIT,PREPAID PLATINUM,FIRST ABU DHABI BANK (PJSC),,,AE,ARE,UNITED ARAB EMIRATES,bankfab.com,https://commons.wikimedia.org/wiki/File:First_Abu_Dhabi_Bank_Logo.svg
461062,VISA,CREDIT,INFINITE,FIRST ABU DHABI BANK (PJSC),,,AE,ARE,UNITED ARAB EMIRATES,bankfab.com,https://commons.wikimedia.org/wiki/File:First_Abu_Dhabi_Bank_Logo.svg
461120,VISA,DEBIT,,SOCIETE GENERALE DE BANQUE AU LIBAN S.A.L (SGBL),1274477777,http://www.sgbl.com.lb,LB,LBN,LEBANON,sgbl.com.lb,https://commons.wikimedia.org/wiki/File:SGBL_logo.svg
461141,VISA,CREDIT,PLATINUM,ARAB BANKING CORPORATION (JORDAN),,http://www.arabbanking.com,JO,JOR,JORDAN,arabbanking.com,https://img.logo.dev/arabbanking.com?format=png&size=400
461210,VISA,CREDIT,INFINITE,CAPITAL BANK OF JORDAN PLC. CO.,,,JO,JOR,JORDAN,bankofjordan.com,https://commons.wikimedia.org/wiki/File:Bank_of_Jordan_logo.svg
461251,VISA,CREDIT,CLASSIC,SHARJAH ISLAMIC BANK,,http://www.sib.ae,AE,ARE,UNITED ARAB EMIRATES,sib.ae,https://commons.wikimedia.org/wiki/File:Sharjah_Islamic_Bank_logo.svg
461252,VISA,CREDIT,GOLD,SHARJAH ISLAMIC BANK,,http://www.sib.ae,AE,ARE,UNITED ARAB EMIRATES,sib.ae,https://commons.wikimedia.org/wiki/File:Sharjah_Islamic_Bank_logo.svg
461253,VISA,DEBIT,ELECTRON,SHARJAH ISLAMIC BANK,+97165999999,http://www.sib.ae,AE,ARE,UNITED ARAB EMIRATES,sib.ae,https://commons.wikimedia.org/wiki/File:Sharjah_Islamic_Bank_logo.svg
461261,VISA,CREDIT,SIGNATURE,FIRST ABU DHABI BANK (PJSC),,,AE,ARE,UNITED ARAB EMIRATES,bankfab.com,https://commons.wikimedia.org/wiki/File:First_Abu_Dhabi_Bank_Logo.svg
461280,VISA,CREDIT,SIGNATURE,BANKMUSCAT (SAOG),,,OM,OMN,OMAN,bankmuscat.com,https://commons.wikimedia.org/wiki/File:Bank_Muscat_logo.svg
461341,VISA,DEBIT,PREPAID CLASSIC,TRADE BANK OF IRAQ,+96415433561,http://www.tbiraq.com,IQ,IRQ,IRAQ,tbi.com.iq,https://commons.wikimedia.org/wiki/File:Trade_Bank_of_Iraq_logo.svg
461583,VISA,DEBIT,,,,,EG,EGY,EGYPT,,
461645,VISA,CREDIT,INFINITE,INVEST BANK PLC,58 (212) 92 98 31,http://www.investbank.jo,JO,JOR,JORDAN,investbank.jo,https://img.logo.dev/investbank.jo?format=png&size=400
461653,VISA,CREDIT,PLATINUM,INVEST BANK PLC,58 (212) 92 98 31,http://www.investbank.jo,JO,JOR,JORDAN,investbank.jo,https://img.logo.dev/investbank.jo?format=png&size=400
461665,VISA,CREDIT,GOLD,STANDARD CHARTERED BANK,+9614542474,https://www.sc.com,LB,LBN,LEBANON,sc.com,https://commons.wikimedia.org/wiki/File:Standard_Chartered_(2021).svg
461666,VISA,CREDIT,CLASSIC,STANDARD CHARTERED BANK,+9614542474,https://www.sc.com,LB,LBN,LEBANON,sc.com,https://commons.wikimedia.org/wiki/File:Standard_Chartered_(2021).svg
461667,VISA,CREDIT,CLASSIC,STANDARD CHARTERED BANK,+9614542474,https://www.sc.com,LB,LBN,LEBANON,sc.com,https://commons.wikimedia.org/wiki/File:Standard_Chartered_(2021).svg
461668,VISA,CREDIT,PLATINUM,INVEST BANK PLC,58 (212) 92 98 31,http://www.investbank.jo,JO,JOR,JORDAN,investbank.jo,https://img.logo.dev/investbank.jo?format=png&size=400
461682,VISA,CREDIT,SIGNATURE,THE NATIONAL BANK,,,PS,PSE,"PALESTINIAN TERRITORY, OCCUPIED",tnb.ps,https://img.logo.dev/tnb.ps?format=png&size=400
461687,VISA,DEBIT,PREPAID CLASSIC,MIDDLE EAST PAYMENT SERVICES CO.,,,JO,JOR,JORDAN,meps.com.jo,https://img.logo.dev/meps.com.jo?format=png&size=400
461777,VISA,DEBIT,PREPAID PLATINUM,SAUDI AWWAL BANK,,,SA,SAU,SAUDI ARABIA,sab.com,https://commons.wikimedia.org/wiki/File:Saudi_Awwal_Bank_Logo.svg
461781,VISA,DEBIT,INFINITE,EMIRATES NBD BANK (P.J.S.C.),+971800456,http://www.emiratesnbd.com,AE,ARE,UNITED ARAB EMIRATES,emiratesnbd.com,https://commons.wikimedia.org/wiki/File:Emirates_NBD_logo.svg
462018,VISA,CREDIT,PLATINUM,BLOM BANK S.A.L.,(961-1) 738938 - 743300 OR (961-1) 372780 - 370830 - 373102,http://www.blom.com.lb,LB,LBN,LEBANON,blom.com.lb,https://commons.wikimedia.org/wiki/File:BLOM_Bank_logo.svg
462035,VISA,CREDIT,CORPORATE T&E,"DOHA BANK, LTD.",,,QA,QAT,QATAR,dohabank.com,https://commons.wikimedia.org/wiki/File:Doha_Bank_logo.svg
462071,VISA,DEBIT,PLATINUM,UNITED ARAB BANK,+97165195115,http://www.uab.ae,AE,ARE,UNITED ARAB EMIRATES,uab.ae,https://img.logo.dev/uab.ae?format=png&size=400
462072,VISA,CREDIT,SIGNATURE,NETWORK INTERNATIONAL LLC,,,AE,ARE,UNITED ARAB EMIRATES,network.ae,https://img.logo.dev/network.ae?format=png&size=400
462160,VISA,DEBIT,PREPAID,,,,EG,EGY,EGYPT,,
462174,VISA,DEBIT,GOLD,,,,EG,EGY,EGYPT,,
462177,VISA,DEBIT,INFINITE,,,,EG,EGY,EGYPT,,
462209,VISA,CREDIT,SIGNATURE,FIRST ABU DHABI BANK (PJSC),,,AE,ARE,UNITED ARAB EMIRATES,bankfab.com,https://commons.wikimedia.org/wiki/File:First_Abu_Dhabi_Bank_Logo.svg
462210,VISA,CREDIT,INFINITE,FIRST ABU DHABI BANK (PJSC),,,AE,ARE,UNITED ARAB EMIRATES,bankfab.com,https://commons.wikimedia.org/wiki/File:First_Abu_Dhabi_Bank_Logo.svg
462211,VISA,CREDIT,PLATINUM,BLOM BANK S.A.L.,(961-1) 738938 - 743300 OR (961-1) 372780 - 370830 - 373102,http://www.blom.com.lb,LB,LBN,LEBANON,blom.com.lb,https://commons.wikimedia.org/wiki/File:BLOM_Bank_logo.svg
462212,VISA,CREDIT,PLATINUM,BLOM BANK S.A.L.,(961-1) 738938 - 743300 OR (961-1) 372780 - 370830 - 373102,http://www.blom.com.lb,LB,LBN,LEBANON,blom.com.lb,https://commons.wikimedia.org/wiki/File:BLOM_Bank_logo.svg
462214,VISA,CREDIT,SIGNATURE,BANQUE LIBANO-FRANCAISE SAL,,,LB,LBN,LEBANON,eblf.com,https://img.logo.dev/eblf.com?format=png&size=400
462215,VISA,CREDIT,PLATINUM,BANQUE LIBANO-FRANCAISE SAL,,,LB,LBN,LEBANON,eblf.com,https://img.logo.dev/eblf.com?format=png&size=400
462220,VISA,DEBIT,SIGNATURE,AL RAJHI BANKING AND INVESTMENT CORP.,4433 92 000 + 966 OR 33 334 601 +966,http://www.alrajhibank.com.sa,SA,SAU,SAUDI ARABIA,alrajhibank.com.sa,https://commons.wikimedia.org/wiki/File:Al_Rajhi_Bank_Logo.svg
462422,VISA,CREDIT,INFINITE,NATIONAL BANK OF IRAQ,,,IQ,IRQ,IRAQ,nbi.iq,https://commons.wikimedia.org/wiki/File:National_Bank_of_Iraq_logo.svg
462463,VISA,CREDIT,PLATINUM,DUBAI ISLAMIC BANK,,http://www.alislami.ae,AE,ARE,UNITED ARAB EMIRATES,alislami.ae,https://commons.wikimedia.org/wiki/File:Dubai_Islamic_Bank_logo.svg
462467,VISA,CREDIT,INFINITE,DUBAI ISLAMIC BANK,,http://www.alislami.ae,AE,ARE,UNITED ARAB EMIRATES,alislami.ae,https://commons.wikimedia.org/wiki/File:Dubai_Islamic_Bank_logo.svg
462479,VISA,CREDIT,SIGNATURE,DUBAI ISLAMIC BANK,,http://www.alislami.ae,AE,ARE,UNITED ARAB EMIRATES,alislami.ae,https://commons.wikimedia.org/wiki/File:Dubai_Islamic_Bank_logo.svg
462782,VISA,CREDIT,PLATINUM,MASHREQBANK,,http://www.mashreqbank.com,AE,ARE,UNITED ARAB EMIRATES,mashreqbank.com,https://commons.wikimedia.org/wiki/File:Mashreq_bank_logo.svg
462824,VISA,CREDIT,SIGNATURE,ALAHLI BANK OF KUWAIT (K.S.C.),+96524341788,http://www.eahli.com,KW,KWT,KUWAIT,eahli.com,https://commons.wikimedia.org/wiki/File:Al_Ahli_Bank_of_Kuwait_logo.svg
463470,VISA,DEBIT,PLATINUM,BANQUE LIBANO-FRANCAISE SAL,,,LB,LBN,LEBANON,eblf.com,https://img.logo.dev/eblf.com?format=png&size=400
463615,VISA,CREDIT,SIGNATURE,FIRST ABU DHABI BANK (PJSC),,,AE,ARE,UNITED ARAB EMIRATES,bankfab.com,https://commons.wikimedia.org/wiki/File:First_Abu_Dhabi_Bank_Logo.svg
463616,VISA,CREDIT,INFINITE,FIRST ABU DHABI BANK (PJSC),,,AE,ARE,UNITED ARAB EMIRATES,bankfab.com,https://commons.wikimedia.org/wiki/File:First_Abu_Dhabi_Bank_Logo.svg
463620,VISA,DEBIT,PREPAID CLASSIC,IRAQ ELECTRONIC GATE FOR FINANCIAL SERVICES CO. LTD.,,,IQ,IRQ,IRAQ,qicard.net,https://commons.wikimedia.org/wiki/File:Qi_card_logo.svg
463637,VISA,CREDIT,CLASSIC,PALESTINE ISLAMIC BANK,,,PS,PSE,"PALESTINIAN TERRITORY, OCCUPIED",islamicbank.ps,https://commons.wikimedia.org/wiki/File:Palestine_Islamic_Bank_logo.svg
463638,VISA,CREDIT,GOLD,PALESTINE ISLAMIC BANK,,,PS,PSE,"PALESTINIAN TERRITORY, OCCUPIED",islamicbank.ps,https://commons.wikimedia.org/wiki/File:Palestine_Islamic_Bank_logo.svg
463639,VISA,DEBIT,CLASSIC,PALESTINE ISLAMIC BANK,,,PS,PSE,"PALESTINIAN TERRITORY, OCCUPIED",islamicbank.ps,https://commons.wikimedia.org/wiki/File:Palestine_Islamic_Bank_logo.svg
463727,VISA,CREDIT,,"STANDARD CHARTERED GRINDLAYS BANK, LTD.",+971600522288,http://www.standardchartered.ae,AE,ARE,UNITED ARAB EMIRATES,sc.com,https://commons.wikimedia.org/wiki/File:Standard_Chartered_(2021).svg
463834,VISA,CREDIT,BUSINESS,DUBAI ISLAMIC BANK,,http://www.alislami.ae,AE,ARE,UNITED ARAB EMIRATES,alislami.ae,https://commons.wikimedia.org/wiki/File:Dubai_Islamic_Bank_logo.svg
463869,VISA,DEBIT,INFINITE,BANQUE SAUDI FRANSI,966 1 289 9999 OR 966 1 874 4000,http://www.alfransi.com.sa,SA,SAU,SAUDI ARABIA,alfransi.com.sa,https://commons.wikimedia.org/wiki/File:Banque_Saudi_Fransi_Logo.svg
463898,VISA,DEBIT,CLASSIC,KURDISTAN INTERNATIONAL ISLAMIC BANK FOR INVESTMENT AND DEVELOPMENT,,,IQ,IRQ,IRAQ,,
463941,VISA,CREDIT,SIGNATURE BUSINESS,BANKMUSCAT (SAOG),,,OM,OMN,OMAN,bankmuscat.com,https://commons.wikimedia.org/wiki/File:Bank_Muscat_logo.svg
463952,VISA,CREDIT,CORPORATE T&E,BANKMUSCAT (SAOG),,,OM,OMN,OMAN,bankmuscat.com,https://commons.wikimedia.org/wiki/File:Bank_Muscat_logo.svg
463966,VISA,DEBIT,PURCHASING,QATAR NATIONAL BANK AL AHLI S.A.E.,,,EG,EGY,EGYPT,qnb.com,https://commons.wikimedia.org/wiki/File:Qatar_National_Bank_Logo.svg
463968,VISA,DEBIT,PREPAID,QATAR NATIONAL BANK AL AHLI S.A.E.,,,EG,EGY,EGYPT,qnb.com,https://commons.wikimedia.org/wiki/File:Qatar_National_Bank_Logo.svg
464084,VISA,CREDIT,PLATINUM,NATIONAL BANK OF BAHRAIN B. S. C.,,,BH,BHR,BAHRAIN,nbbonline.com,https://commons.wikimedia.org/wiki/File:National_Bank_of_Bahrain_logo.svg
464099,VISA,CREDIT,GOLD,FIRST ABU DHABI BANK PJSC,+971600525500,https://www.bankfab.com,AE,ARE,UNITED ARAB EMIRATES,bankfab.com,https://commons.wikimedia.org/wiki/File:First_Abu_Dhabi_Bank_Logo.svg
464100,VISA,CREDIT,PLATINUM,FIRST ABU DHABI BANK PJSC,+971600525500,https://www.bankfab.com,AE,ARE,UNITED ARAB EMIRATES,bankfab.com,https://commons.wikimedia.org/wiki/File:First_Abu_Dhabi_Bank_Logo.svg
464101,VISA,CREDIT,INFINITE,FIRST ABU DHABI BANK PJSC,+971600525500,https://www.bankfab.com,AE,ARE,UNITED ARAB EMIRATES,bankfab.com,https://commons.wikimedia.org/wiki/File:First_Abu_Dhabi_Bank_Logo.svg
464120,VISA,DEBIT,CLASSIC,CSCBANK SAL,,,LB,LBN,LEBANON,cscbank.com,https://img.logo.dev/cscbank.com?format=png&size=400
464121,VISA,CREDIT,SIGNATURE,BYBLOS BANK SAL,,,LB,LBN,LEBANON,byblosbank.com,https://commons.wikimedia.org/wiki/File:Byblos_Bank_logo.svg
464123,VISA,DEBIT,BUSINESS ENHANCED,NATIONAL BANK OF FUJAIRAH,,,AE,ARE,UNITED ARAB EMIRATES,nbf.ae,https://commons.wikimedia.org/wiki/File:National_Bank_of_Fujairah_logo.svg
464124,VISA,CREDIT,BUSINESS ENHANCED,CREDIT CARD SERVICE COMPANY JORDAN LTD.,,,JO,JOR,JORDAN,,
464135,VISA,DEBIT,PREPAID,,,,AE,ARE,UNITED ARAB EMIRATES,,
464156,VISA,DEBIT,CLASSIC,SOHAR INTERNATIONAL BANK (S.A.O.G),,,OM,OMN,OMAN,soharinternational.com,https://commons.wikimedia.org/wiki/File:Sohar_International_logo.svg
464157,VISA,DEBIT,PLATINUM,SOHAR INTERNATIONAL BANK (S.A.O.G),,,OM,OMN,OMAN,soharinternational.com,https://commons.wikimedia.org/wiki/File:Sohar_International_logo.svg
464159,VISA,CREDIT,SIGNATURE,QATAR ISLAMIC BANK (S.A.Q.),+97444385555,,QA,QAT,QATAR,qib.com.qa,https://commons.wikimedia.org/wiki/File:Qatar_Islamic_Bank_Logo.svg
464175,VISA,DEBIT,SIGNATURE,BANKMUSCAT (SAOG),,,OM,OMN,OMAN,bankmuscat.com,https://commons.wikimedia.org/wiki/File:Bank_Muscat_logo.svg
464238,VISA,DEBIT,CLASSIC,COMMERCIAL BANK OF QATAR (Q.S.C.),+97444490000,http://www.cbq.com.qa,QA,QAT,QATAR,cbq.qa,https://commons.wikimedia.org/wiki/File:Commercial_Bank_of_Qatar_Logo.svg
464315,VISA,CREDIT,PLATINUM,GULF INTERNATIONAL BANK B.S.C.,,,BH,BHR,BAHRAIN,gib.com,https://commons.wikimedia.org/wiki/File:Gulf_International_Bank_Logo.svg
464400,VISA,DEBIT,PREPAID PLATINUM,QATAR ISLAMIC BANK (S.A.Q.),,,QA,QAT,QATAR,qib.com.qa,https://commons.wikimedia.org/wiki/File:Qatar_Islamic_Bank_Logo.svg
464401,VISA,CREDIT,CLASSIC,BANKMED SAL,,,LB,LBN,LEBANON,bankmed.com.lb,https://commons.wikimedia.org/wiki/File:BankMed_logo.svg
464402,VISA,CREDIT,BUSINESS,BANKMED SAL,,,LB,LBN,LEBANON,bankmed.com.lb,https://commons.wikimedia.org/wiki/File:BankMed_logo.svg
464403,VISA,CREDIT,GOLD,BANKMED SAL,,,LB,LBN,LEBANON,bankmed.com.lb,https://commons.wikimedia.org/wiki/File:BankMed_logo.svg
464418,VISA,CREDIT,GOLD,BANKMED S.A.L.,+9611708090,http://www.bankmed.com.lb,LB,LBN,LEBANON,bankmed.com.lb,https://commons.wikimedia.org/wiki/File:BankMed_logo.svg
464421,VISA,CREDIT,PLATINUM,"DOHA BANK, LTD.",,,QA,QAT,QATAR,dohabank.com,https://commons.wikimedia.org/wiki/File:Doha_Bank_logo.svg
464423,VISA,CREDIT,SIGNATURE,"DOHA BANK, LTD.",,,QA,QAT,QATAR,dohabank.com,https://commons.wikimedia.org/wiki/File:Doha_Bank_logo.svg
464425,VISA,CREDIT,CLASSIC,BANK DHOFAR (S.A.O.G.),+96824791111 / +96824790466,http://www.bankdhofar.com,OM,OMN,OMAN,bankdhofar.com,https://commons.wikimedia.org/wiki/File:Bank_Dhofar_logo.svg
464426,VISA,DEBIT,CLASSIC,BANK DHOFAR (S.A.O.G.),,http://www.bankdhofar.com,OM,OMN,OMAN,bankdhofar.com,https://commons.wikimedia.org/wiki/File:Bank_Dhofar_logo.svg
464427,VISA,CREDIT,GOLD,BANK DHOFAR (S.A.O.G.),+96824791111 / +96824790466,http://www.bankdhofar.com,OM,OMN,OMAN,bankdhofar.com,https://commons.wikimedia.org/wiki/File:Bank_Dhofar_logo.svg
464429,VISA,DEBIT,GOLD,WEDGE BANK MIDDLE EAST S.A.L,+9611201182,,LB,LBN,LEBANON,,
464430,VISA,DEBIT,CLASSIC,WEDGE BANK MIDDLE EAST S.A.L,+9611201182,,LB,LBN,LEBANON,,
464452,VISA,DEBIT,PLATINUM,"NATIONAL BANK OF KUWAIT, S.A.K.",+96522422011,http://www.nbk.com,KW,KWT,KUWAIT,nbk.com,https://commons.wikimedia.org/wiki/File:National_Bank_of_Kuwait_logo.svg
464470,VISA,CREDIT,CLASSIC,DOHA BANK Q.S.C.,+97444456000,http://www.dohabank.com.qa,QA,QAT,QATAR,dohabank.com,https://commons.wikimedia.org/wiki/File:Doha_Bank_logo.svg
464471,VISA,CREDIT,GOLD,DOHA BANK Q.S.C.,+97444456000,http://www.dohabank.com.qa,QA,QAT,QATAR,dohabank.com,https://commons.wikimedia.org/wiki/File:Doha_Bank_logo.svg
464480,VISA,CREDIT,CLASSIC,EGYPTIAN GULF BANK,+20233368359,http://www.egbbank.com.eg,EG,EGY,EGYPT,eg-bank.com,https://img.logo.dev/eg-bank.com?format=png&size=400
464481,VISA,CREDIT,GOLD,EGYPTIAN GULF BANK,+20233368359,http://www.egbbank.com.eg,EG,EGY,EGYPT,eg-bank.com,https://img.logo.dev/eg-bank.com?format=png&size=400
464493,VISA,CREDIT,PLATINUM,BANKMED SAL,,,LB,LBN,LEBANON,bankmed.com.lb,https://commons.wikimedia.org/wiki/File:BankMed_logo.svg
464499,VISA,CREDIT,PLATINUM,BANKMED SAL,,,LB,LBN,LEBANON,bankmed.com.lb,https://commons.wikimedia.org/wiki/File:BankMed_logo.svg
464518,VISA,DEBIT,SIGNATURE,CREDIT LIBANAIS S.A.L.,+9611900111,http://www.creditlibanais.com.lb,LB,LBN,LEBANON,creditlibanais.com,https://commons.wikimedia.org/wiki/File:Credit_Libanais_logo.svg
464619,VISA,CREDIT,CLASSIC,BANQUE MISR,+20223912150,http://www.banquemisr.com,EG,EGY,EGYPT,banquemisr.com,https://commons.wikimedia.org/wiki/File:Banque_Misr_logo.svg
464698,VISA,DEBIT,CLASSIC,SARADAR BANK SAL,,,LB,LBN,LEBANON,,
464813,VISA,DEBIT,PREPAID CLASSIC,BANK AL ETIHAD,,,JO,JOR,JORDAN,bankaletihad.com,https://commons.wikimedia.org/wiki/File:Bank_al_Etihad_logo.svg
464814,VISA,DEBIT,PREPAID CLASSIC,BANK AL ETIHAD,,,JO,JOR,JORDAN,bankaletihad.com,https://commons.wikimedia.org/wiki/File:Bank_al_Etihad_logo.svg
464841,VISA,CREDIT,PLATINUM,,,,LB,LBN,LEBANON,,
464849,VISA,CREDIT,INFINITE,FIRST ABU DHABI BANK (PJSC),,,AE,ARE,UNITED ARAB EMIRATES,bankfab.com,https://commons.wikimedia.org/wiki/File:First_Abu_Dhabi_Bank_Logo.svg
464850,VISA,CREDIT,PLATINUM,FIRST ABU DHABI BANK PJSC,+971600525500,https://www.bankfab.com,AE,ARE,UNITED ARAB EMIRATES,bankfab.com,https://commons.wikimedia.org/wiki/File:First_Abu_Dhabi_Bank_Logo.svg
464986,VISA,DEBIT,CLASSIC,DUBAI ISLAMIC BANK,,http://www.alislami.ae,AE,ARE,UNITED ARAB EMIRATES,alislami.ae,https://commons.wikimedia.org/wiki/File:Dubai_Islamic_Bank_logo.svg
465000,VISA,CREDIT,BUSINESS,BANKMUSCAT (SAOG),,,OM,OMN,OMAN,bankmuscat.com,https://commons.wikimedia.org/wiki/File:Bank_Muscat_logo.svg
465001,VISA,CREDIT,BUSINESS,BANKMUSCAT (SAOG),,,OM,OMN,OMAN,bankmuscat.com,https://commons.wikimedia.org/wiki/File:Bank_Muscat_logo.svg
465002,VISA,DEBIT,SIGNATURE,QATAR INTERNATIONAL ISLAMIC BANK,,http://www.qiib.com.qa,QA,QAT,QATAR,qiib.com.qa,https://commons.wikimedia.org/wiki/File:QIIB_logo.svg
465154,VISA,CREDIT,PLATINUM,THE SAUDI NATIONAL BANK,,,SA,SAU,SAUDI ARABIA,alahli.com,https://commons.wikimedia.org/wiki/File:Saudi_National_Bank_Logo.svg
465202,VISA,CREDIT,ULTRA HIGH NET WORTH,QATAR ISLAMIC BANK (S.A.Q.),,,QA,QAT,QATAR,qib.com.qa,https://commons.wikimedia.org/wiki/File:Qatar_Islamic_Bank_Logo.svg
465212,VISA,CREDIT,,,,,LB,LBN,LEBANON,,
465219,VISA,CREDIT,,LEBANON AND GULF BANK SAL,+9611965000,http://www.lgbbank.com,LB,LBN,LEBANON,e-gulfbank.com,https://commons.wikimedia.org/wiki/File:Gulf_Bank_Kuwait_logo.svg
465222,VISA,DEBIT,CLASSIC,BANQUE LIBANO-FRANCAISE SAL,,,LB,LBN,LEBANON,eblf.com,https://img.logo.dev/eblf.com?format=png&size=400
465223,VISA,DEBIT,PLATINUM,BBAC S.A.L,,http://www.bbacbank.com,LB,LBN,LEBANON,bbacbank.com,https://img.logo.dev/bbacbank.com?format=png&size=400
465224,VISA,CREDIT,,BBAC S.A.L,+9614727747,http://www.bbacbank.com,LB,LBN,LEBANON,bbacbank.com,https://img.logo.dev/bbacbank.com?format=png&size=400
465230,VISA,CREDIT,CORPORATE T&E,NYMCARD PAYMENT SERVICES L.L.C.,,,AE,ARE,UNITED ARAB EMIRATES,nymcard.com,https://img.logo.dev/nymcard.com?format=png&size=400
465231,VISA,CREDIT,CORPORATE T&E,NYMCARD PAYMENT SERVICES L.L.C.,,,AE,ARE,UNITED ARAB EMIRATES,nymcard.com,https://img.logo.dev/nymcard.com?format=png&size=400
465244,VISA,CREDIT,PLATINUM,BBAC S.A.L,,http://www.bbacbank.com,LB,LBN,LEBANON,bbacbank.com,https://img.logo.dev/bbacbank.com?format=png&size=400
465254,VISA,CREDIT,CLASSIC,AL RAJHI BANKING AND INVESTMENT CORP.,4433 92 000 + 966 OR 33 334 601 +966,http://www.alrajhibank.com.sa,SA,SAU,SAUDI ARABIA,alrajhibank.com.sa,https://commons.wikimedia.org/wiki/File:Al_Rajhi_Bank_Logo.svg
465257,VISA,DEBIT,PREPAID PLATINUM,AL RAJHI BANKING AND INVESTMENT CORP.,4433 92 000 + 966 OR 33 334 601 +966,http://www.alrajhibank.com.sa,SA,SAU,SAUDI ARABIA,alrajhibank.com.sa,https://commons.wikimedia.org/wiki/File:Al_Rajhi_Bank_Logo.svg
465259,VISA,CREDIT,PLATINUM,AL RAJHI BANKING AND INVESTMENT CORP.,4433 92 000 + 966 OR 33 334 601 +966,http://www.alrajhibank.com.sa,SA,SAU,SAUDI ARABIA,alrajhibank.com.sa,https://commons.wikimedia.org/wiki/File:Al_Rajhi_Bank_Logo.svg
465260,VISA,CREDIT,CLASSIC,AL RAJHI BANKING AND INVESTMENT CORP.,4433 92 000 + 966 OR 33 334 601 +966,http://www.alrajhibank.com.sa,SA,SAU,SAUDI ARABIA,alrajhibank.com.sa,https://commons.wikimedia.org/wiki/File:Al_Rajhi_Bank_Logo.svg
465270,VISA,DEBIT,PREPAID,NOOR BANK PJSC,,,AE,ARE,UNITED ARAB EMIRATES,noorbank.com,https://commons.wikimedia.org/wiki/File:Noor_Bank_logo.svg
465271,VISA,CREDIT,CLASSIC,BBAC S.A.L,+9614727747,http://www.bbacbank.com,LB,LBN,LEBANON,bbacbank.com,https://img.logo.dev/bbacbank.com?format=png&size=400
465275,VISA,CREDIT,PLATINUM,EMIRATES NBD BANK (P.J.S.C.),+971800456,http://www.emiratesnbd.com,AE,ARE,UNITED ARAB EMIRATES,emiratesnbd.com,https://commons.wikimedia.org/wiki/File:Emirates_NBD_logo.svg
465282,VISA,CREDIT,INFINITE,BBAC S.A.L,+9614727747,http://www.bbacbank.com,LB,LBN,LEBANON,bbacbank.com,https://img.logo.dev/bbacbank.com?format=png&size=400
465561,VISA,DEBIT,PLATINUM,BLOM BANK S.A.L.,(961-1) 738938 - 743300 OR (961-1) 372780 - 370830 - 373102,http://www.blom.com.lb,LB,LBN,LEBANON,blom.com.lb,https://commons.wikimedia.org/wiki/File:BLOM_Bank_logo.svg
465566,VISA,DEBIT,ELECTRON,BANQUE MISR,+20223912150,http://www.banquemisr.com,EG,EGY,EGYPT,banquemisr.com,https://commons.wikimedia.org/wiki/File:Banque_Misr_logo.svg
465578,VISA,DEBIT,PLATINUM,ARAB AFRICAN INTERNATIONAL BANK,+20224886679,http://www.aaib.com,EG,EGY,EGYPT,aaib.com,https://commons.wikimedia.org/wiki/File:Arab_African_International_Bank_Logo.svg
465727,VISA,CREDIT,PLATINUM,ARAB INTERNATIONAL BANK,,http://www.aib.com.eg,EG,EGY,EGYPT,aib.com.eg,https://img.logo.dev/aib.com.eg?format=png&size=400
465731,VISA,DEBIT,ELECTRON,,,,SA,SAU,SAUDI ARABIA,,
465961,VISA,CREDIT,SIGNATURE,RIYAD BANK,,http://www.riyadbank.com,SA,SAU,SAUDI ARABIA,riyadbank.com,https://commons.wikimedia.org/wiki/File:Riyad_Bank_logo.svg
465976,VISA,CREDIT,GOLD,BANK OF PALESTINE PLC,+97022965010,http://www.bankofpalestine.com,PS,PSE,"PALESTINIAN TERRITORY, OCCUPIED",bankofpalestine.com,https://commons.wikimedia.org/wiki/File:Bank_of_Palestine_logo.svg
465977,VISA,CREDIT,CLASSIC,BANK OF PALESTINE PLC,+97022965010,http://www.bankofpalestine.com,PS,PSE,"PALESTINIAN TERRITORY, OCCUPIED",bankofpalestine.com,https://commons.wikimedia.org/wiki/File:Bank_of_Palestine_logo.svg
466133,VISA,CREDIT,SIGNATURE,ABU DHABI ISLAMIC BANK,+97126100600,http://www.adib.ae,AE,ARE,UNITED ARAB EMIRATES,adib.ae,https://commons.wikimedia.org/wiki/File:Abu_Dhabi_Islamic_Bank_Logo.svg
466155,VISA,CREDIT,SIGNATURE,DOHA BANK UAE,,,AE,ARE,UNITED ARAB EMIRATES,dohabank.com,https://commons.wikimedia.org/wiki/File:Doha_Bank_logo.svg
466402,VISA,DEBIT,,,,,EG,EGY,EGYPT,,
466432,VISA,CREDIT,,,,,IL,ISR,ISRAEL,,
466507,VISA,CREDIT,PLATINUM,AHLI UNITED BANK B.S.C.,+97317710559,http://www.ahliunited.com,BH,BHR,BAHRAIN,ahliunited.com,https://commons.wikimedia.org/wiki/File:Ahli_United_Bank_logo.svg
466515,VISA,CREDIT,PLATINUM,ARAB NATIONAL BANK,,,SA,SAU,SAUDI ARABIA,anb.com.sa,https://commons.wikimedia.org/wiki/File:Anb_new_logo.svg
466516,VISA,CREDIT,PLATINUM,AHLI UNITED BANK B.S.C.,+97317710559,http://www.ahliunited.com,BH,BHR,BAHRAIN,ahliunited.com,https://commons.wikimedia.org/wiki/File:Ahli_United_Bank_logo.svg
466593,VISA,DEBIT,PREPAID PURCHASING,INFINIOS FINANCIAL SERVICES B.S.C.(C),,,BH,BHR,BAHRAIN,infinios.com,https://img.logo.dev/infinios.com?format=png&size=400
466719,VISA,CREDIT,PLATINUM,KUWAIT FINANCE HOUSE,+9651803333,http://www.kfh.com,KW,KWT,KUWAIT,financehouse.ae,https://img.logo.dev/financehouse.ae?format=png&size=400
466787,VISA,CREDIT,PLATINUM,"ISRACARD, LTD.",,,IL,ISR,ISRAEL,isracard.co.il,https://commons.wikimedia.org/wiki/File:Isracard_logo.svg
466788,VISA,DEBIT,CLASSIC,"ISRACARD, LTD.",,,IL,ISR,ISRAEL,isracard.co.il,https://commons.wikimedia.org/wiki/File:Isracard_logo.svg
466791,VISA,CREDIT,CLASSIC,BANK LEUMI LE-ISRAEL B.M.,,http://english.leumi.co.il,IL,ISR,ISRAEL,leumi.co.il,https://commons.wikimedia.org/wiki/File:Bank_Leumi_Logo.svg
466797,VISA,DEBIT,PLATINUM,BOUBYAN BANK,,,KW,KWT,KUWAIT,bankboubyan.com,https://commons.wikimedia.org/wiki/File:Boubyan_Bank_logo.svg
466798,VISA,DEBIT,CLASSIC,CREDIT LIBANAIS S.A.L.,+9611900111,http://www.creditlibanais.com.lb,LB,LBN,LEBANON,creditlibanais.com,https://commons.wikimedia.org/wiki/File:Credit_Libanais_logo.svg
466799,VISA,CREDIT,BUSINESS ENHANCED,NATIONAL BANK OF KUWAIT (S.A.K.),,,KW,KWT,KUWAIT,nbk.com,https://commons.wikimedia.org/wiki/File:National_Bank_of_Kuwait_logo.svg
466832,VISA,CREDIT,,,,,SA,SAU,SAUDI ARABIA,,
466968,VISA,CREDIT,,,,,KW,KWT,KUWAIT,,
467013,VISA,CREDIT,SIGNATURE,BURGAN BANK (S.A.K.),,,KW,KWT,KUWAIT,burgan.com,https://commons.wikimedia.org/wiki/File:Burgan_Bank_logo.svg
467014,VISA,DEBIT,CLASSIC,BURGAN BANK (S.A.K.),,,KW,KWT,KUWAIT,burgan.com,https://commons.wikimedia.org/wiki/File:Burgan_Bank_logo.svg
467063,VISA,CREDIT,INFINITE,ALIZZ ISLAMIC BANK (S.A.O.C),,,OM,OMN,OMAN,alizzislamic.com,https://img.logo.dev/alizzislamic.com?format=png&size=400
467323,VISA,CREDIT,PLATINUM,AL RAJHI BANKING AND INVESTMENT CORP.,,http://www.alrajhibank.com.sa,SA,SAU,SAUDI ARABIA,alrajhibank.com.sa,https://commons.wikimedia.org/wiki/File:Al_Rajhi_Bank_Logo.svg
467362,VISA,DEBIT,CLASSIC,BANK DHOFAR (S.A.O.G.),+96824791111 / +96824790466,http://www.bankdhofar.com,OM,OMN,OMAN,bankdhofar.com,https://commons.wikimedia.org/wiki/File:Bank_Dhofar_logo.svg
467512,VISA,CREDIT,SIGNATURE,CAPITAL BANK OF JORDAN PLC. CO.,,,JO,JOR,JORDAN,bankofjordan.com,https://commons.wikimedia.org/wiki/File:Bank_of_Jordan_logo.svg
467513,VISA,DEBIT,PREPAID PLATINUM,QATAR ISLAMIC BANK (S.A.Q.),+97444385555,,QA,QAT,QATAR,qib.com.qa,https://commons.wikimedia.org/wiki/File:Qatar_Islamic_Bank_Logo.svg
467738,VISA,DEBIT,PREPAID,NATIONAL BANK OF KUWAIT - EGYPT (S.A.E.),19336,https://www.nbk.com,EG,EGY,EGYPT,nbk.com,https://commons.wikimedia.org/wiki/File:National_Bank_of_Kuwait_logo.svg
467744,VISA,CREDIT,SIGNATURE,EMIRATES NBD BANK (P.J.S.C.),+971800456,http://www.emiratesnbd.com,AE,ARE,UNITED ARAB EMIRATES,emiratesnbd.com,https://commons.wikimedia.org/wiki/File:Emirates_NBD_logo.svg
467745,VISA,CREDIT,INFINITE,EMIRATES NBD BANK (P.J.S.C.),+971800456,http://www.emiratesnbd.com,AE,ARE,UNITED ARAB EMIRATES,emiratesnbd.com,https://commons.wikimedia.org/wiki/File:Emirates_NBD_logo.svg
467895,VISA,DEBIT,PREPAID CLASSIC,MASRAF AL RAYAN,+97444253333,http://www.alrayan.com,QA,QAT,QATAR,alrayan.com,https://commons.wikimedia.org/wiki/File:Masraf_Al_Rayan_logo.svg
467903,VISA,CREDIT,GOLD,LEBANON AND GULF BANK SAL,+9611965000,http://www.lgbbank.com,LB,LBN,LEBANON,e-gulfbank.com,https://commons.wikimedia.org/wiki/File:Gulf_Bank_Kuwait_logo.svg
468226,VISA,DEBIT,BUSINESS,ABU DHABI ISLAMIC BANK,,http://www.adib.ae,IQ,IRQ,IRAQ,adib.ae,https://commons.wikimedia.org/wiki/File:Abu_Dhabi_Islamic_Bank_Logo.svg
468492,VISA,DEBIT,PREPAID BUSINESS,MASHREQBANK,+97143632250,http://www.mashreqbank.com,AE,ARE,UNITED ARAB EMIRATES,mashreqbank.com,https://commons.wikimedia.org/wiki/File:Mashreq_bank_logo.svg
468502,VISA,CREDIT,SIGNATURE,BURGAN BANK (S.A.K.),,,KW,KWT,KUWAIT,burgan.com,https://commons.wikimedia.org/wiki/File:Burgan_Bank_logo.svg
468509,VISA,CREDIT,GOLD,"ISRACARD, LTD.",,,IL,ISR,ISRAEL,isracard.co.il,https://commons.wikimedia.org/wiki/File:Isracard_logo.svg
468540,VISA,DEBIT,CLASSIC,AL BILAD BANK,9662918884,http://www.bankalbilad.com,SA,SAU,SAUDI ARABIA,bankalbilad.com,https://commons.wikimedia.org/wiki/File:Bank_Albilad_Logo.svg
468541,VISA,DEBIT,CLASSIC,AL BILAD BANK,9662918884,http://www.bankalbilad.com,SA,SAU,SAUDI ARABIA,bankalbilad.com,https://commons.wikimedia.org/wiki/File:Bank_Albilad_Logo.svg
468542,VISA,DEBIT,INFINITE,AL BILAD BANK,9662918884,http://www.bankalbilad.com,SA,SAU,SAUDI ARABIA,bankalbilad.com,https://commons.wikimedia.org/wiki/File:Bank_Albilad_Logo.svg
468543,VISA,DEBIT,PLATINUM,AL BILAD BANK,9662918884,http://www.bankalbilad.com,SA,SAU,SAUDI ARABIA,bankalbilad.com,https://commons.wikimedia.org/wiki/File:Bank_Albilad_Logo.svg
468546,VISA,CREDIT,CLASSIC,AHLI UNITED BANK B.S.C.,+97317710559,http://www.ahliunited.com,BH,BHR,BAHRAIN,ahliunited.com,https://commons.wikimedia.org/wiki/File:Ahli_United_Bank_logo.svg
468547,VISA,CREDIT,GOLD,AHLI UNITED BANK B.S.C.,+97317710559,http://www.ahliunited.com,BH,BHR,BAHRAIN,ahliunited.com,https://commons.wikimedia.org/wiki/File:Ahli_United_Bank_logo.svg
468548,VISA,DEBIT,PLATINUM,BYBLOS BANK SAL,,,LB,LBN,LEBANON,byblosbank.com,https://commons.wikimedia.org/wiki/File:Byblos_Bank_logo.svg
468554,VISA,CREDIT,INFINITE,NATIONAL BANK OF OMAN LTD. (S.A.O.G.),,,OM,OMN,OMAN,nbo.om,https://commons.wikimedia.org/wiki/File:National_Bank_of_Oman_logo.svg
468564,VISA,DEBIT,SIGNATURE,BURGAN BANK (S.A.K.),,,KW,KWT,KUWAIT,burgan.com,https://commons.wikimedia.org/wiki/File:Burgan_Bank_logo.svg
468584,VISA,DEBIT,CLASSIC,BANK OF BARODA,,https://www.bankofbaroda.in,AE,ARE,UNITED ARAB EMIRATES,bankofbaroda.in,https://img.logo.dev/bankofbaroda.in?format=png&size=400
468585,VISA,DEBIT,GOLD,BANK OF BARODA,,https://www.bankofbaroda.in,AE,ARE,UNITED ARAB EMIRATES,bankofbaroda.in,https://img.logo.dev/bankofbaroda.in?format=png&size=400
468660,VISA,CREDIT,,,,,SA,SAU,SAUDI ARABIA,,
468974,VISA,DEBIT,PREPAID CLASSIC,COMMERCIAL BANK OF DUBAI(PSC),,,AE,ARE,UNITED ARAB EMIRATES,cbd.ae,https://commons.wikimedia.org/wiki/File:Commercial_Bank_of_Dubai_logo.svg
469361,VISA,CREDIT,CORPORATE T&E,"CITIBANK, NATIONAL ASSOCIATION",,,EG,EGY,EGYPT,citibank.com,https://commons.wikimedia.org/wiki/File:Citibank.svg
469398,VISA,CREDIT,INFINITE,BLOM BANK S.A.L.,,http://www.blom.com.lb,LB,LBN,LEBANON,blom.com.lb,https://commons.wikimedia.org/wiki/File:BLOM_Bank_logo.svg
469399,VISA,CREDIT,INFINITE,QATAR NATIONAL BANK (Q.P.S.C.),,,QA,QAT,QATAR,qnb.com,https://commons.wikimedia.org/wiki/File:Qatar_National_Bank_Logo.svg
469515,VISA,CREDIT,GOLD,BANK OF BEIRUT S.A.L.,961 1 972972 983999,http://www.bankofbeirut.com,LB,LBN,LEBANON,bankofbeirut.com,https://commons.wikimedia.org/wiki/File:Bank_of_Beirut_logo.svg
469532,VISA,CREDIT,REWARDS,BANK OF BEIRUT SAL,,,LB,LBN,LEBANON,bankofbeirut.com,https://commons.wikimedia.org/wiki/File:Bank_of_Beirut_logo.svg
469578,VISA,CREDIT,GOLD,ARAB BANKING CORPORATION - EGYPT,,http://www.arabbanking.com,EG,EGY,EGYPT,arabbank.com,https://commons.wikimedia.org/wiki/File:Arab_Bank_logo.svg
469579,VISA,CREDIT,CLASSIC,ARAB BANKING CORPORATION - EGYPT,,http://www.arabbanking.com,EG,EGY,EGYPT,arabbank.com,https://commons.wikimedia.org/wiki/File:Arab_Bank_logo.svg
469580,VISA,CREDIT,PLATINUM,ARAB BANKING CORPORATION - EGYPT,,http://www.arabbanking.com,EG,EGY,EGYPT,arabbank.com,https://commons.wikimedia.org/wiki/File:Arab_Bank_logo.svg
469581,VISA,CREDIT,REWARDS,BANK OF BEIRUT SAL,,,LB,LBN,LEBANON,bankofbeirut.com,https://commons.wikimedia.org/wiki/File:Bank_of_Beirut_logo.svg
469582,VISA,CREDIT,REWARDS,BANK OF BEIRUT SAL,,,LB,LBN,LEBANON,bankofbeirut.com,https://commons.wikimedia.org/wiki/File:Bank_of_Beirut_logo.svg
469616,VISA,CREDIT,,SAUDI INVESTMENT BANK,,,SA,SAU,SAUDI ARABIA,saib.com.sa,https://commons.wikimedia.org/wiki/File:Saudi_Investment_Bank_Logo.svg
469679,VISA,DEBIT,PREPAID CORPORATE T&E,MAJID AL FUTTAIM FINANCE,,,AE,ARE,UNITED ARAB EMIRATES,,
469680,VISA,CREDIT,PLATINUM,ARAB AFRICAN INTERNATIONAL BANK,+20224886679,http://www.aaib.com,EG,EGY,EGYPT,aaib.com,https://commons.wikimedia.org/wiki/File:Arab_African_International_Bank_Logo.svg
470166,VISA,CREDIT,PLATINUM,THE NATIONAL BANK OF RAS AL-KHAIMAH,,,AE,ARE,UNITED ARAB EMIRATES,rakbank.ae,https://commons.wikimedia.org/wiki/File:Rakbank_logo.svg
470330,VISA,DEBIT,CLASSIC,NATIONAL BANK OF FUJAIRAH,,,AE,ARE,UNITED ARAB EMIRATES,nbf.ae,https://commons.wikimedia.org/wiki/File:National_Bank_of_Fujairah_logo.svg
470347,VISA,CREDIT,PLATINUM,STANDARD CHARTERED BANK,+971600522288,https://www.sc.com,AE,ARE,UNITED ARAB EMIRATES,sc.com,https://commons.wikimedia.org/wiki/File:Standard_Chartered_(2021).svg
470350,VISA,DEBIT,REWARDS,BOUBYAN BANK K.S.C.,,,KW,KWT,KUWAIT,bankboubyan.com,https://commons.wikimedia.org/wiki/File:Boubyan_Bank_logo.svg
470351,VISA,CREDIT,PLATINUM,BLOM BANK S.A.L.,(961-1) 738938 - 743300 OR (961-1) 372780 - 370830 - 373102,http://www.blom.com.lb,LB,LBN,LEBANON,blom.com.lb,https://commons.wikimedia.org/wiki/File:BLOM_Bank_logo.svg
470363,VISA,CREDIT,INFINITE,CREDIT AGRICOLE EGYPT S.A.E.,+20952381002,http://www.ca-egypt.com,EG,EGY,EGYPT,ca-egypt.com,https://commons.wikimedia.org/wiki/File:Cr%C3%A9dit_Agricole.svg
470371,VISA,DEBIT,CLASSIC,QATAR NATIONAL BANK S.A.E,,,EG,EGY,EGYPT,qnb.com,https://commons.wikimedia.org/wiki/File:Qatar_National_Bank_Logo.svg
470395,VISA,CREDIT,BUSINESS,CAPITAL BANK OF JORDAN PLC. CO.,,,JO,JOR,JORDAN,bankofjordan.com,https://commons.wikimedia.org/wiki/File:Bank_of_Jordan_logo.svg
470465,VISA,CREDIT,CLASSIC,AL RAJHI BANKING AND INVESTMENT CORP.,,http://www.alrajhibank.com.sa,JO,JOR,JORDAN,alrajhibank.com.sa,https://commons.wikimedia.org/wiki/File:Al_Rajhi_Bank_Logo.svg
470466,VISA,CREDIT,GOLD,AL RAJHI BANKING AND INVESTMENT CORP.,,http://www.alrajhibank.com.sa,JO,JOR,JORDAN,alrajhibank.com.sa,https://commons.wikimedia.org/wiki/File:Al_Rajhi_Bank_Logo.svg
470467,VISA,CREDIT,PLATINUM,AL RAJHI BANKING AND INVESTMENT CORP.,,http://www.alrajhibank.com.sa,JO,JOR,JORDAN,alrajhibank.com.sa,https://commons.wikimedia.org/wiki/File:Al_Rajhi_Bank_Logo.svg
470468,VISA,DEBIT,CLASSIC,AL RAJHI BANKING AND INVESTMENT CORP.,,http://www.alrajhibank.com.sa,JO,JOR,JORDAN,alrajhibank.com.sa,https://commons.wikimedia.org/wiki/File:Al_Rajhi_Bank_Logo.svg
470478,VISA,DEBIT,PREPAID CLASSIC,AL RAJHI BANKING AND INVESTMENT CORP.,,http://www.alrajhibank.com.sa,JO,JOR,JORDAN,alrajhibank.com.sa,https://commons.wikimedia.org/wiki/File:Al_Rajhi_Bank_Logo.svg
470599,VISA,CREDIT,GOLD,NATIONAL BANK OF EGYPT,,http://www.nbe.com.eg,EG,EGY,EGYPT,nbe.com.eg,https://commons.wikimedia.org/wiki/File:National_Bank_of_Egypt_Logo.svg
470642,VISA,CREDIT,PLATINUM,COMMERCIAL BANK INTERNATIONAL PLC,,,AE,ARE,UNITED ARAB EMIRATES,,
470643,VISA,CREDIT,,COMMERCIAL BANK INTERNATIONAL PLC,,,AE,ARE,UNITED ARAB EMIRATES,,
470647,VISA,CREDIT,CLASSIC,EGYPTIAN ARAB LAND BANK,2023383691,https://www.eal-bank.com,JO,JOR,JORDAN,eal-bank.com,https://img.logo.dev/eal-bank.com?format=png&size=400
470648,VISA,CREDIT,GOLD,EGYPTIAN ARAB LAND BANK,2023383691,https://www.eal-bank.com,JO,JOR,JORDAN,eal-bank.com,https://img.logo.dev/eal-bank.com?format=png&size=400
470649,VISA,DEBIT,CLASSIC,EGYPTIAN ARAB LAND BANK,2023383691,https://www.eal-bank.com,JO,JOR,JORDAN,eal-bank.com,https://img.logo.dev/eal-bank.com?format=png&size=400
470685,VISA,CREDIT,,FIRST ABU DHABI BANK PJSC,+971600525500,https://www.bankfab.com,AE,ARE,UNITED ARAB EMIRATES,bankfab.com,https://commons.wikimedia.org/wiki/File:First_Abu_Dhabi_Bank_Logo.svg
470693,VISA,CREDIT,CLASSIC,BLOM BANK EGYPT,33039825- 33029951,http://www.blombankegypt.com,EG,EGY,EGYPT,blom.com.lb,https://commons.wikimedia.org/wiki/File:BLOM_Bank_logo.svg
470694,VISA,CREDIT,GOLD,BLOM BANK EGYPT,33039825- 33029951,http://www.blombankegypt.com,EG,EGY,EGYPT,blom.com.lb,https://commons.wikimedia.org/wiki/File:BLOM_Bank_logo.svg
470695,VISA,CREDIT,PLATINUM,BLOM BANK EGYPT,33039825- 33029951,http://www.blombankegypt.com,EG,EGY,EGYPT,blom.com.lb,https://commons.wikimedia.org/wiki/File:BLOM_Bank_logo.svg
470696,VISA,DEBIT,CLASSIC,BLOM BANK EGYPT,33039825- 33029951,http://www.blombankegypt.com,EG,EGY,EGYPT,blom.com.lb,https://commons.wikimedia.org/wiki/File:BLOM_Bank_logo.svg
470697,VISA,CREDIT,,BLOM BANK EGYPT,33039825- 33029951,http://www.blombankegypt.com,EG,EGY,EGYPT,blom.com.lb,https://commons.wikimedia.org/wiki/File:BLOM_Bank_logo.svg
470915,VISA,DEBIT,PREPAID CLASSIC,NEOCASH FOR PAYMENT SERVICES,,,PS,PSE,"PALESTINE, STATE OF",,
470965,VISA,DEBIT,PREPAID PLATINUM,BURGAN BANK (S.A.K.),,,KW,KWT,KUWAIT,burgan.com,https://commons.wikimedia.org/wiki/File:Burgan_Bank_logo.svg
471079,VISA,CREDIT,,,,,EG,EGY,EGYPT,,
471258,VISA,DEBIT,PLATINUM,QATAR INTERNATIONAL ISLAMIC BANK,,http://www.qiib.com.qa,QA,QAT,QATAR,qiib.com.qa,https://commons.wikimedia.org/wiki/File:QIIB_logo.svg
471259,VISA,CREDIT,PLATINUM,QATAR INTERNATIONAL ISLAMIC BANK,,http://www.qiib.com.qa,QA,QAT,QATAR,qiib.com.qa,https://commons.wikimedia.org/wiki/File:QIIB_logo.svg
471260,VISA,CREDIT,SIGNATURE,QATAR INTERNATIONAL ISLAMIC BANK,,http://www.qiib.com.qa,QA,QAT,QATAR,qiib.com.qa,https://commons.wikimedia.org/wiki/File:QIIB_logo.svg
471273,VISA,CREDIT,INFINITE,UNITED ARAB BANK,+97165195115,http://www.uab.ae,AE,ARE,UNITED ARAB EMIRATES,uab.ae,https://img.logo.dev/uab.ae?format=png&size=400
471274,VISA,CREDIT,INFINITE,UNITED ARAB BANK,+97165195115,http://www.uab.ae,AE,ARE,UNITED ARAB EMIRATES,uab.ae,https://img.logo.dev/uab.ae?format=png&size=400
471339,VISA,DEBIT,PREPAID CLASSIC,QATAR NATIONAL BANK S.A.E,,,EG,EGY,EGYPT,qnb.com,https://commons.wikimedia.org/wiki/File:Qatar_National_Bank_Logo.svg
471354,VISA,DEBIT,PLATINUM,THE COMMERCIAL BANK OF QATAR (Q.S.C.),,,QA,QAT,QATAR,cbq.qa,https://commons.wikimedia.org/wiki/File:Commercial_Bank_of_Qatar_Logo.svg
471355,VISA,DEBIT,PLATINUM,EMIRATES NBD BANK (P.J.S.C.),+971800456,http://www.emiratesnbd.com,AE,ARE,UNITED ARAB EMIRATES,emiratesnbd.com,https://commons.wikimedia.org/wiki/File:Emirates_NBD_logo.svg
471357,VISA,CREDIT,,CSCBANK S.A.L.,+9611871245,http://www.ccm.com.lb,LB,LBN,LEBANON,cscbank.com,https://img.logo.dev/cscbank.com?format=png&size=400
471359,VISA,CREDIT,PLATINUM,UNITED ARAB BANK,+97165195115,http://www.uab.ae,AE,ARE,UNITED ARAB EMIRATES,uab.ae,https://img.logo.dev/uab.ae?format=png&size=400
471363,VISA,CREDIT,PLATINUM,ABU DHABI ISLAMIC BANK,+97126100600,http://www.adib.ae,AE,ARE,UNITED ARAB EMIRATES,adib.ae,https://commons.wikimedia.org/wiki/File:Abu_Dhabi_Islamic_Bank_Logo.svg
471364,VISA,CREDIT,PLATINUM,ABU DHABI ISLAMIC BANK,+97126100600,http://www.adib.ae,AE,ARE,UNITED ARAB EMIRATES,adib.ae,https://commons.wikimedia.org/wiki/File:Abu_Dhabi_Islamic_Bank_Logo.svg
471365,VISA,CREDIT,PLATINUM,ABU DHABI ISLAMIC BANK,+97126100600,http://www.adib.ae,AE,ARE,UNITED ARAB EMIRATES,adib.ae,https://commons.wikimedia.org/wiki/File:Abu_Dhabi_Islamic_Bank_Logo.svg
471366,VISA,DEBIT,PLATINUM,ABU DHABI ISLAMIC BANK,+97126100600,http://www.adib.ae,AE,ARE,UNITED ARAB EMIRATES,adib.ae,https://commons.wikimedia.org/wiki/File:Abu_Dhabi_Islamic_Bank_Logo.svg
471367,VISA,DEBIT,PLATINUM,ABU DHABI ISLAMIC BANK,+97126100600,http://www.adib.ae,AE,ARE,UNITED ARAB EMIRATES,adib.ae,https://commons.wikimedia.org/wiki/File:Abu_Dhabi_Islamic_Bank_Logo.svg
471368,VISA,DEBIT,INFINITE,ABU DHABI ISLAMIC BANK,+97126100600,http://www.adib.ae,AE,ARE,UNITED ARAB EMIRATES,adib.ae,https://commons.wikimedia.org/wiki/File:Abu_Dhabi_Islamic_Bank_Logo.svg
471369,VISA,CREDIT,INFINITE,"DOHA BANK, LTD.",,,QA,QAT,QATAR,dohabank.com,https://commons.wikimedia.org/wiki/File:Doha_Bank_logo.svg
471384,VISA,CREDIT,PLATINUM,ABU DHABI COMMERCIAL BANK,+97126962222,http://www.adcb.com,AE,ARE,UNITED ARAB EMIRATES,adcb.com,https://commons.wikimedia.org/wiki/File:Abu_Dhabi_Commercial_Bank_Logo.svg
471385,VISA,CREDIT,PLATINUM,ABU DHABI COMMERCIAL BANK,+97126962222,http://www.adcb.com,AE,ARE,UNITED ARAB EMIRATES,adcb.com,https://commons.wikimedia.org/wiki/File:Abu_Dhabi_Commercial_Bank_Logo.svg
471386,VISA,CREDIT,SIGNATURE,ABU DHABI COMMERCIAL BANK,+97126962222,http://www.adcb.com,AE,ARE,UNITED ARAB EMIRATES,adcb.com,https://commons.wikimedia.org/wiki/File:Abu_Dhabi_Commercial_Bank_Logo.svg
471387,VISA,CREDIT,INFINITE,ABU DHABI COMMERCIAL BANK,+97126962222,http://www.adcb.com,AE,ARE,UNITED ARAB EMIRATES,adcb.com,https://commons.wikimedia.org/wiki/File:Abu_Dhabi_Commercial_Bank_Logo.svg
471388,VISA,DEBIT,PLATINUM,ABU DHABI COMMERCIAL BANK,+97126962222,http://www.adcb.com,AE,ARE,UNITED ARAB EMIRATES,adcb.com,https://commons.wikimedia.org/wiki/File:Abu_Dhabi_Commercial_Bank_Logo.svg
471389,VISA,DEBIT,PLATINUM,ABU DHABI COMMERCIAL BANK,+97126962222,http://www.adcb.com,AE,ARE,UNITED ARAB EMIRATES,adcb.com,https://commons.wikimedia.org/wiki/File:Abu_Dhabi_Commercial_Bank_Logo.svg
471390,VISA,DEBIT,PLATINUM,ABU DHABI COMMERCIAL BANK,+97126962222,http://www.adcb.com,AE,ARE,UNITED ARAB EMIRATES,adcb.com,https://commons.wikimedia.org/wiki/File:Abu_Dhabi_Commercial_Bank_Logo.svg
471397,VISA,CREDIT,CLASSIC,KHALEEJI BANK B.S.C,,,BH,BHR,BAHRAIN,khcbonline.com,https://commons.wikimedia.org/wiki/File:Khaleeji_Bank_logo.svg
471398,VISA,CREDIT,GOLD,KHALEEJI BANK B.S.C,,,BH,BHR,BAHRAIN,khcbonline.com,https://commons.wikimedia.org/wiki/File:Khaleeji_Bank_logo.svg
471399,VISA,CREDIT,PLATINUM,KHALEEJI BANK B.S.C,,,BH,BHR,BAHRAIN,khcbonline.com,https://commons.wikimedia.org/wiki/File:Khaleeji_Bank_logo.svg
471400,VISA,CREDIT,CORPORATE T&E,KHALEEJI BANK B.S.C,,,BH,BHR,BAHRAIN,khcbonline.com,https://commons.wikimedia.org/wiki/File:Khaleeji_Bank_logo.svg
471416,VISA,DEBIT,CLASSIC,TRADE BANK OF IRAQ,+96415433561,http://www.tbiraq.com,IQ,IRQ,IRAQ,tbi.com.iq,https://commons.wikimedia.org/wiki/File:Trade_Bank_of_Iraq_logo.svg
471417,VISA,DEBIT,CLASSIC,TRADE BANK OF IRAQ,+96415433561,http://www.tbiraq.com,IQ,IRQ,IRAQ,tbi.com.iq,https://commons.wikimedia.org/wiki/File:Trade_Bank_of_Iraq_logo.svg
471418,VISA,DEBIT,CLASSIC,TRADE BANK OF IRAQ,+96415433561,http://www.tbiraq.com,IQ,IRQ,IRAQ,tbi.com.iq,https://commons.wikimedia.org/wiki/File:Trade_Bank_of_Iraq_logo.svg
471445,VISA,DEBIT,PREPAID CLASSIC,BANQUE MISR,+20223912150,http://www.banquemisr.com,EG,EGY,EGYPT,banquemisr.com,https://commons.wikimedia.org/wiki/File:Banque_Misr_logo.svg
471447,VISA,CREDIT,PLATINUM,HABIB BANK AG ZURICH,+97180000006,http://www.bankalhabib.com,AE,ARE,UNITED ARAB EMIRATES,bankalhabib.com,https://img.logo.dev/bankalhabib.com?format=png&size=400
471448,VISA,DEBIT,PLATINUM,HABIB BANK AG ZURICH,+97180000006,http://www.bankalhabib.com,AE,ARE,UNITED ARAB EMIRATES,bankalhabib.com,https://img.logo.dev/bankalhabib.com?format=png&size=400
471451,VISA,DEBIT,CLASSIC,STANDARD CHARTERED BANK,+9614542474,https://www.sc.com,LB,LBN,LEBANON,sc.com,https://commons.wikimedia.org/wiki/File:Standard_Chartered_(2021).svg
471453,VISA,CREDIT,INFINITE,OMAN ARAB BANK SAO,(800) 860-9227,,OM,OMN,OMAN,oman-arabbank.com,https://commons.wikimedia.org/wiki/File:Oman_Arab_Bank_logo.svg
471457,VISA,CREDIT,PLATINUM,KUWAIT INTERNATIONAL BANK,+9651866866,http://www.kib.com.kw,KW,KWT,KUWAIT,kib.com.kw,https://commons.wikimedia.org/wiki/File:Kuwait_International_Bank_logo.svg
471460,VISA,CREDIT,SIGNATURE BUSINESS,FIRST ABU DHABI BANK (PJSC),,,AE,ARE,UNITED ARAB EMIRATES,bankfab.com,https://commons.wikimedia.org/wiki/File:First_Abu_Dhabi_Bank_Logo.svg
471481,VISA,DEBIT,PREPAID CLASSIC,NATIONAL BANK OF FUJAIRAH,,,AE,ARE,UNITED ARAB EMIRATES,nbf.ae,https://commons.wikimedia.org/wiki/File:National_Bank_of_Fujairah_logo.svg
471483,VISA,DEBIT,PLATINUM,BANKMED SAL,,,LB,LBN,LEBANON,bankmed.com.lb,https://commons.wikimedia.org/wiki/File:BankMed_logo.svg
471484,VISA,DEBIT,PLATINUM,AL HILAL BANK P.J.S.C.,+97124994460,http://www.alhilalonline.ae,AE,ARE,UNITED ARAB EMIRATES,alhilalbank.ae,https://commons.wikimedia.org/wiki/File:Al_Hilal_Bank_logo.svg
471485,VISA,DEBIT,PLATINUM,BANK AL ETIHAD,,,JO,JOR,JORDAN,bankaletihad.com,https://commons.wikimedia.org/wiki/File:Bank_al_Etihad_logo.svg
471488,VISA,CREDIT,BUSINESS,BANK AL ETIHAD,,,JO,JOR,JORDAN,bankaletihad.com,https://commons.wikimedia.org/wiki/File:Bank_al_Etihad_logo.svg
471911,VISA,DEBIT,PREPAID BUSINESS,MASHREQBANK,+97143632250,http://www.mashreqbank.com,AE,ARE,UNITED ARAB EMIRATES,mashreqbank.com,https://commons.wikimedia.org/wiki/File:Mashreq_bank_logo.svg
472019,VISA,CREDIT,SIGNATURE BUSINESS,AL RAJHI BANKING AND INVESTMENT CORP.,4433 92 000 + 966 OR 33 334 601 +966,http://www.alrajhibank.com.sa,SA,SAU,SAUDI ARABIA,alrajhibank.com.sa,https://commons.wikimedia.org/wiki/File:Al_Rajhi_Bank_Logo.svg
472101,VISA,DEBIT,PREPAID PLATINUM,DUKHAN BANK,,,QA,QAT,QATAR,dukhanbank.com,https://commons.wikimedia.org/wiki/File:Dukhan_Bank_logo.svg
472106,VISA,CREDIT,PLATINUM,ALINMA BANK,,,SA,SAU,SAUDI ARABIA,alinma.com,https://commons.wikimedia.org/wiki/File:Alinma_Bank_logo.svg
472266,VISA,DEBIT,SIGNATURE,BANK OF BEIRUT SAL,,,LB,LBN,LEBANON,bankofbeirut.com,https://commons.wikimedia.org/wiki/File:Bank_of_Beirut_logo.svg
472268,VISA,CREDIT,BUSINESS SIGNATURE,CAPITAL BANK OF JORDAN PLC. CO.,,,JO,JOR,JORDAN,bankofjordan.com,https://commons.wikimedia.org/wiki/File:Bank_of_Jordan_logo.svg
472274,VISA,CREDIT,GOLD,BLOM BANK S.A.L.,,http://www.blom.com.lb,JO,JOR,JORDAN,blom.com.lb,https://commons.wikimedia.org/wiki/File:BLOM_Bank_logo.svg
472275,VISA,CREDIT,SIGNATURE,BLOM BANK S.A.L.,,http://www.blom.com.lb,JO,JOR,JORDAN,blom.com.lb,https://commons.wikimedia.org/wiki/File:BLOM_Bank_logo.svg
472293,VISA,CREDIT,PLATINUM,FIRST ABU DHABI BANK PJSC,+971600525500,https://www.bankfab.com,AE,ARE,UNITED ARAB EMIRATES,bankfab.com,https://commons.wikimedia.org/wiki/File:First_Abu_Dhabi_Bank_Logo.svg
472294,VISA,CREDIT,CORPORATE T&E,FIRST ABU DHABI BANK (PJSC),,,AE,ARE,UNITED ARAB EMIRATES,bankfab.com,https://commons.wikimedia.org/wiki/File:First_Abu_Dhabi_Bank_Logo.svg
472295,VISA,CREDIT,CLASSIC,KHALEEJI BANK B.S.C,,,BH,BHR,BAHRAIN,khcbonline.com,https://commons.wikimedia.org/wiki/File:Khaleeji_Bank_logo.svg
472358,VISA,DEBIT,PREPAID PLATINUM,FIRST ABU DHABI BANK (PJSC),,,AE,ARE,UNITED ARAB EMIRATES,bankfab.com,https://commons.wikimedia.org/wiki/File:First_Abu_Dhabi_Bank_Logo.svg
472368,VISA,DEBIT,PREPAID PLATINUM,FIRST ABU DHABI BANK (PJSC),,,AE,ARE,UNITED ARAB EMIRATES,bankfab.com,https://commons.wikimedia.org/wiki/File:First_Abu_Dhabi_Bank_Logo.svg
472420,VISA,CREDIT,CLASSIC,HSBC BANK MIDDLE EAST,+97142241000,http://www.hsbc.ae,AE,ARE,UNITED ARAB EMIRATES,hsbc.com,https://commons.wikimedia.org/wiki/File:HSBC_logo_(2018).svg
472431,VISA,DEBIT,PLATINUM,ABU DHABI ISLAMIC BANK,+97126100600,http://www.adib.ae,AE,ARE,UNITED ARAB EMIRATES,adib.ae,https://commons.wikimedia.org/wiki/File:Abu_Dhabi_Islamic_Bank_Logo.svg
472443,VISA,DEBIT,PREPAID,FIRST ABU DHABI BANK PJSC,+971600525500,https://www.bankfab.com,AE,ARE,UNITED ARAB EMIRATES,bankfab.com,https://commons.wikimedia.org/wiki/File:First_Abu_Dhabi_Bank_Logo.svg
472444,VISA,DEBIT,PREPAID,FIRST ABU DHABI BANK PJSC,+971600525500,https://www.bankfab.com,AE,ARE,UNITED ARAB EMIRATES,bankfab.com,https://commons.wikimedia.org/wiki/File:First_Abu_Dhabi_Bank_Logo.svg
472450,VISA,DEBIT,PREPAID PLATINUM,NATIONAL BANK OF OMAN LIMITED (S.A.O.G.),,,OM,OMN,OMAN,nbo.om,https://commons.wikimedia.org/wiki/File:National_Bank_of_Oman_logo.svg
472455,VISA,DEBIT,PREPAID CLASSIC,ABU DHABI ISLAMIC BANK,+97126100600,http://www.adib.ae,AE,ARE,UNITED ARAB EMIRATES,adib.ae,https://commons.wikimedia.org/wiki/File:Abu_Dhabi_Islamic_Bank_Logo.svg
472478,VISA,DEBIT,,"HABIB BANK, LTD.",(230) 2177600,http://www.habibbankltd.com,BH,BHR,BAHRAIN,habibbankltd.com,https://img.logo.dev/habibbankltd.com?format=png&size=400
472481,VISA,CREDIT,BUSINESS,"DOHA BANK, LTD.",,,QA,QAT,QATAR,dohabank.com,https://commons.wikimedia.org/wiki/File:Doha_Bank_logo.svg
472594,VISA,DEBIT,PLATINUM,BANK OF ALEXANDRIA,1 9 0 3 3 OR (02) 3938623 - 3913822 - 3916796,http://www.alexbank.com,EG,EGY,EGYPT,alexbank.com,https://commons.wikimedia.org/wiki/File:Alexbank_logo.svg
472736,VISA,CREDIT,REWARDS,FIRST ABU DHABI BANK (PJSC),,,AE,ARE,UNITED ARAB EMIRATES,bankfab.com,https://commons.wikimedia.org/wiki/File:First_Abu_Dhabi_Bank_Logo.svg
472737,VISA,CREDIT,PLATINUM,FIRST ABU DHABI BANK (PJSC),,,AE,ARE,UNITED ARAB EMIRATES,bankfab.com,https://commons.wikimedia.org/wiki/File:First_Abu_Dhabi_Bank_Logo.svg
472738,VISA,CREDIT,SIGNATURE,FIRST ABU DHABI BANK (PJSC),,,AE,ARE,UNITED ARAB EMIRATES,bankfab.com,https://commons.wikimedia.org/wiki/File:First_Abu_Dhabi_Bank_Logo.svg
472818,VISA,DEBIT,BUSINESS ENHANCED,MASHREQBANK,+97143632250,http://www.mashreqbank.com,AE,ARE,UNITED ARAB EMIRATES,mashreqbank.com,https://commons.wikimedia.org/wiki/File:Mashreq_bank_logo.svg
472821,VISA,DEBIT,PREPAID,AL-TAIF ISLAMIC BANK FOR INVESTMENT & FINANCE,,,IQ,IRQ,IRAQ,taifib.iq,https://img.logo.dev/taifib.iq?format=png&size=400
472822,VISA,DEBIT,PREPAID CLASSIC,EMIRATES NBD BANK (P.J.S.C.),+971800456,http://www.emiratesnbd.com,AE,ARE,UNITED ARAB EMIRATES,emiratesnbd.com,https://commons.wikimedia.org/wiki/File:Emirates_NBD_logo.svg
472839,VISA,DEBIT,BUSINESS,"DOHA BANK, LTD.",,,QA,QAT,QATAR,dohabank.com,https://commons.wikimedia.org/wiki/File:Doha_Bank_logo.svg
472845,VISA,DEBIT,,NATIONAL BANK OF EGYPT,,http://www.nbe.com.eg,EG,EGY,EGYPT,nbe.com.eg,https://commons.wikimedia.org/wiki/File:National_Bank_of_Egypt_Logo.svg
472859,VISA,CREDIT,INFINITE,CSCBANK SAL,,,LB,LBN,LEBANON,cscbank.com,https://img.logo.dev/cscbank.com?format=png&size=400
472873,VISA,CREDIT,GOLD,FIRST ABU DHABI BANK PJSC,,https://www.bankfab.com,JO,JOR,JORDAN,bankfab.com,https://commons.wikimedia.org/wiki/File:First_Abu_Dhabi_Bank_Logo.svg
472874,VISA,CREDIT,INFINITE,FIRST ABU DHABI BANK PJSC,,https://www.bankfab.com,JO,JOR,JORDAN,bankfab.com,https://commons.wikimedia.org/wiki/File:First_Abu_Dhabi_Bank_Logo.svg
472892,VISA,DEBIT,PREPAID PRIVATE LABEL STANDARD,,,,AE,ARE,UNITED ARAB EMIRATES,,
472902,VISA,CREDIT,CLASSIC,FIRST ABU DHABI BANK PJSC,,https://www.bankfab.com,JO,JOR,JORDAN,bankfab.com,https://commons.wikimedia.org/wiki/File:First_Abu_Dhabi_Bank_Logo.svg
472903,VISA,DEBIT,ELECTRON,FIRST ABU DHABI BANK PJSC,,https://www.bankfab.com,JO,JOR,JORDAN,bankfab.com,https://commons.wikimedia.org/wiki/File:First_Abu_Dhabi_Bank_Logo.svg
472905,VISA,DEBIT,INFINITE,FIRST ABU DHABI BANK PJSC,,https://www.bankfab.com,JO,JOR,JORDAN,bankfab.com,https://commons.wikimedia.org/wiki/File:First_Abu_Dhabi_Bank_Logo.svg
472923,VISA,CREDIT,PLATINUM,DUBAI ISLAMIC BANK,,http://www.alislami.ae,AE,ARE,UNITED ARAB EMIRATES,alislami.ae,https://commons.wikimedia.org/wiki/File:Dubai_Islamic_Bank_logo.svg
472925,VISA,CREDIT,BUSINESS,STANDARD CHARTERED BANK,+971600522288,https://www.sc.com,AE,ARE,UNITED ARAB EMIRATES,sc.com,https://commons.wikimedia.org/wiki/File:Standard_Chartered_(2021).svg
472930,VISA,CREDIT,CORPORATE T&E,"CITIBANK, NATIONAL ASSOCIATION",,,AE,ARE,UNITED ARAB EMIRATES,citibank.com,https://commons.wikimedia.org/wiki/File:Citibank.svg
472949,VISA,CREDIT,PLATINUM,DUBAI ISLAMIC BANK,,http://www.alislami.ae,AE,ARE,UNITED ARAB EMIRATES,alislami.ae,https://commons.wikimedia.org/wiki/File:Dubai_Islamic_Bank_logo.svg
472959,VISA,CREDIT,SIGNATURE,DUBAI ISLAMIC BANK,,http://www.alislami.ae,AE,ARE,UNITED ARAB EMIRATES,alislami.ae,https://commons.wikimedia.org/wiki/File:Dubai_Islamic_Bank_logo.svg
472967,VISA,DEBIT,,,,,EG,EGY,EGYPT,,
473198,VISA,DEBIT,PREPAID CLASSIC,MIDDLE EAST PAYMENT SERVICES CO.,,,JO,JOR,JORDAN,meps.com.jo,https://img.logo.dev/meps.com.jo?format=png&size=400
473199,VISA,DEBIT,PREPAID CLASSIC,JORDANIAN ELAF FOR INTEGRATED SOLUTIONS COMPANY,,,JO,JOR,JORDAN,,
473258,VISA,CREDIT,SIGNATURE BUSINESS,ARAB NATIONAL BANK,,,SA,SAU,SAUDI ARABIA,anb.com.sa,https://commons.wikimedia.org/wiki/File:Anb_new_logo.svg
473708,VISA,DEBIT,,,,,EG,EGY,EGYPT,,
473820,VISA,DEBIT,PREPAID CLASSIC,OMAN ARAB BANK SAO,(800) 860-9227,,OM,OMN,OMAN,oman-arabbank.com,https://commons.wikimedia.org/wiki/File:Oman_Arab_Bank_logo.svg
473821,VISA,CREDIT,SIGNATURE,MASRAF AL RAYAN,+97444253333,http://www.alrayan.com,QA,QAT,QATAR,alrayan.com,https://commons.wikimedia.org/wiki/File:Masraf_Al_Rayan_logo.svg
473825,VISA,CREDIT,PLATINUM,BANK AL JAZIRA,(966) 2 609 8888,http://www.baj.com.sa,SA,SAU,SAUDI ARABIA,baj.com.sa,https://commons.wikimedia.org/wiki/File:Aljazira_Bank_Logo.svg
473826,VISA,CREDIT,PLATINUM,BANK AL JAZIRA,(966) 2 609 8888,http://www.baj.com.sa,SA,SAU,SAUDI ARABIA,baj.com.sa,https://commons.wikimedia.org/wiki/File:Aljazira_Bank_Logo.svg
473827,VISA,CREDIT,INFINITE,BANK AL JAZIRA,(966) 2 609 8888,http://www.baj.com.sa,SA,SAU,SAUDI ARABIA,baj.com.sa,https://commons.wikimedia.org/wiki/File:Aljazira_Bank_Logo.svg
473828,VISA,CREDIT,SIGNATURE,BANK AL JAZIRA,(966) 2 609 8888,http://www.baj.com.sa,SA,SAU,SAUDI ARABIA,baj.com.sa,https://commons.wikimedia.org/wiki/File:Aljazira_Bank_Logo.svg
473834,VISA,CREDIT,PLATINUM,ALAHLI BANK OF KUWAIT (K.S.C.),+96524341788,http://www.eahli.com,KW,KWT,KUWAIT,eahli.com,https://commons.wikimedia.org/wiki/File:Al_Ahli_Bank_of_Kuwait_logo.svg
473864,VISA,DEBIT,CLASSIC,QATAR NATIONAL BANK S.A.E,,,EG,EGY,EGYPT,qnb.com,https://commons.wikimedia.org/wiki/File:Qatar_National_Bank_Logo.svg
473865,VISA,DEBIT,GOLD,QATAR NATIONAL BANK S.A.E,,,EG,EGY,EGYPT,qnb.com,https://commons.wikimedia.org/wiki/File:Qatar_National_Bank_Logo.svg
473866,VISA,DEBIT,PLATINUM,QATAR NATIONAL BANK S.A.E,,,EG,EGY,EGYPT,qnb.com,https://commons.wikimedia.org/wiki/File:Qatar_National_Bank_Logo.svg
473899,VISA,CREDIT,PLATINUM,BANQUE SAUDI FRANSI,966 1 289 9999 OR 966 1 874 4000,http://www.alfransi.com.sa,SA,SAU,SAUDI ARABIA,alfransi.com.sa,https://commons.wikimedia.org/wiki/File:Banque_Saudi_Fransi_Logo.svg
473990,VISA,CREDIT,INFINITE,KUWAIT INTERNATIONAL BANK,+9651866866,http://www.kib.com.kw,KW,KWT,KUWAIT,kib.com.kw,https://commons.wikimedia.org/wiki/File:Kuwait_International_Bank_logo.svg
474121,VISA,DEBIT,PREPAID PLATINUM,ABU DHABI ISLAMIC BANK,+97126100600,http://www.adib.ae,AE,ARE,UNITED ARAB EMIRATES,adib.ae,https://commons.wikimedia.org/wiki/File:Abu_Dhabi_Islamic_Bank_Logo.svg
474131,VISA,CREDIT,PLATINUM,ABU DHABI COMMERCIAL BANK,+97126962222,http://www.adcb.com,AE,ARE,UNITED ARAB EMIRATES,adcb.com,https://commons.wikimedia.org/wiki/File:Abu_Dhabi_Commercial_Bank_Logo.svg
474141,VISA,CREDIT,GOLD,CREDIT LIBANAIS S.A.L.,+9611900111,http://www.creditlibanais.com.lb,LB,LBN,LEBANON,creditlibanais.com,https://commons.wikimedia.org/wiki/File:Credit_Libanais_logo.svg
474142,VISA,CREDIT,INFINITE,ABU DHABI COMMERCIAL BANK,+97126962222,http://www.adcb.com,AE,ARE,UNITED ARAB EMIRATES,adcb.com,https://commons.wikimedia.org/wiki/File:Abu_Dhabi_Commercial_Bank_Logo.svg
474143,VISA,DEBIT,ELECTRON,CREDIT LIBANAIS S.A.L.,+9611900111,http://www.creditlibanais.com.lb,LB,LBN,LEBANON,creditlibanais.com,https://commons.wikimedia.org/wiki/File:Credit_Libanais_logo.svg
474144,VISA,CREDIT,CLASSIC,CREDIT LIBANAIS S.A.L.,+9611900111,http://www.creditlibanais.com.lb,LB,LBN,LEBANON,creditlibanais.com,https://commons.wikimedia.org/wiki/File:Credit_Libanais_logo.svg
474148,VISA,CREDIT,GOLD,NETWORK INTERNATIONAL LLC,,,AE,ARE,UNITED ARAB EMIRATES,network.ae,https://img.logo.dev/network.ae?format=png&size=400
474149,VISA,CREDIT,CLASSIC,NETWORK INTERNATIONAL LLC,,,AE,ARE,UNITED ARAB EMIRATES,network.ae,https://img.logo.dev/network.ae?format=png&size=400
474153,VISA,CREDIT,SIGNATURE,ABU DHABI COMMERCIAL BANK,+97126962222,http://www.adcb.com,AE,ARE,UNITED ARAB EMIRATES,adcb.com,https://commons.wikimedia.org/wiki/File:Abu_Dhabi_Commercial_Bank_Logo.svg
474160,VISA,CREDIT,ULTRA HIGH NET WORTH,ARAB AFRICAN INTERNATIONAL BANK,+20224886679,http://www.aaib.com,EG,EGY,EGYPT,aaib.com,https://commons.wikimedia.org/wiki/File:Arab_African_International_Bank_Logo.svg
474185,VISA,CREDIT,REWARDS,BANK AUDI SAL,,,LB,LBN,LEBANON,bankaudigroup.com,https://commons.wikimedia.org/wiki/File:Bank_Audi_logo.svg
474295,VISA,DEBIT,BUSINESS,BANK DHOFAR (S.A.O.G.),+96824791111 / +96824790466,http://www.bankdhofar.com,OM,OMN,OMAN,bankdhofar.com,https://commons.wikimedia.org/wiki/File:Bank_Dhofar_logo.svg
474491,VISA,DEBIT,CLASSIC,BANQUE SAUDI FRANSI,,http://www.alfransi.com.sa,SA,SAU,SAUDI ARABIA,alfransi.com.sa,https://commons.wikimedia.org/wiki/File:Banque_Saudi_Fransi_Logo.svg
474501,VISA,DEBIT,PREPAID CLASSIC,EGYPTIAN NATIONAL POST ORGANISATION,44 (0)207 582 5220,http://www.balancingact-africa.com,EG,EGY,EGYPT,balancingact-africa.com,https://img.logo.dev/balancingact-africa.com?format=png&size=400
474701,VISA,DEBIT,CLASSIC,ARAB BANK PLC,4600900,http://www.arabbank.jo,JO,JOR,JORDAN,arabbank.com,https://commons.wikimedia.org/wiki/File:Arab_Bank_logo.svg
474702,VISA,CREDIT,REWARDS,ARAB BANK PLC,4600900,http://www.arabbank.jo,JO,JOR,JORDAN,arabbank.com,https://commons.wikimedia.org/wiki/File:Arab_Bank_logo.svg
474703,VISA,CREDIT,PLATINUM,ARAB BANK PLC,4600900,http://www.arabbank.jo,JO,JOR,JORDAN,arabbank.com,https://commons.wikimedia.org/wiki/File:Arab_Bank_logo.svg
474704,VISA,CREDIT,PLATINUM,ARAB BANK PLC,4600900,http://www.arabbank.jo,JO,JOR,JORDAN,arabbank.com,https://commons.wikimedia.org/wiki/File:Arab_Bank_logo.svg
474715,VISA,CREDIT,CLASSIC,ARAB BANK PLC,+97022953333,http://www.arabbank.jo,PS,PSE,"PALESTINIAN TERRITORY, OCCUPIED",arabbank.com,https://commons.wikimedia.org/wiki/File:Arab_Bank_logo.svg
474716,VISA,CREDIT,GOLD,ARAB BANK PLC,4600900,http://www.arabbank.jo,JO,JOR,JORDAN,arabbank.com,https://commons.wikimedia.org/wiki/File:Arab_Bank_logo.svg
474717,VISA,CREDIT,GOLD,BANK AL ETIHAD,,,JO,JOR,JORDAN,bankaletihad.com,https://commons.wikimedia.org/wiki/File:Bank_al_Etihad_logo.svg
474718,VISA,DEBIT,,ARAB BANK PLC,+20 2 19100,http://www.arabbank.jo,EG,EGY,EGYPT,arabbank.com,https://commons.wikimedia.org/wiki/File:Arab_Bank_logo.svg
474719,VISA,CREDIT,,ARAB BANK PLC,+97317541000,http://www.arabbank.jo,BH,BHR,BAHRAIN,arabbank.com,https://commons.wikimedia.org/wiki/File:Arab_Bank_logo.svg
474720,VISA,DEBIT,PREPAID CLASSIC,MASHREQBANK,,http://www.mashreqbank.com,EG,EGY,EGYPT,mashreqbank.com,https://commons.wikimedia.org/wiki/File:Mashreq_bank_logo.svg
474721,VISA,CREDIT,,ARAB BANK PLC,+97144450000,http://www.arabbank.jo,AE,ARE,UNITED ARAB EMIRATES,arabbank.com,https://commons.wikimedia.org/wiki/File:Arab_Bank_logo.svg
474722,VISA,CREDIT,,ARAB BANK PLC,4600900,http://www.arabbank.jo,JO,JOR,JORDAN,arabbank.com,https://commons.wikimedia.org/wiki/File:Arab_Bank_logo.svg
474724,VISA,CREDIT,,ARAB BANK PLC,4600900,http://www.arabbank.jo,JO,JOR,JORDAN,arabbank.com,https://commons.wikimedia.org/wiki/File:Arab_Bank_logo.svg
474730,VISA,CREDIT,PLATINUM,ARAB BANK PLC,4600900,http://www.arabbank.jo,JO,JOR,JORDAN,arabbank.com,https://commons.wikimedia.org/wiki/File:Arab_Bank_logo.svg
474731,VISA,CREDIT,CLASSIC,ARAB BANK PLC,4600900,http://www.arabbank.jo,JO,JOR,JORDAN,arabbank.com,https://commons.wikimedia.org/wiki/File:Arab_Bank_logo.svg
474732,VISA,CREDIT,GOLD,ARAB BANK PLC,4600900,http://www.arabbank.jo,JO,JOR,JORDAN,arabbank.com,https://commons.wikimedia.org/wiki/File:Arab_Bank_logo.svg
474733,VISA,CREDIT,PLATINUM,ARAB BANK PLC,+20 2 19100,http://www.arabbank.jo,EG,EGY,EGYPT,arabbank.com,https://commons.wikimedia.org/wiki/File:Arab_Bank_logo.svg
474734,VISA,CREDIT,PLATINUM,ARAB BANK PLC,+97144450000,http://www.arabbank.jo,AE,ARE,UNITED ARAB EMIRATES,arabbank.com,https://commons.wikimedia.org/wiki/File:Arab_Bank_logo.svg
474735,VISA,CREDIT,PLATINUM,ARAB BANK PLC,+97317541000,http://www.arabbank.jo,BH,BHR,BAHRAIN,arabbank.com,https://commons.wikimedia.org/wiki/File:Arab_Bank_logo.svg
474736,VISA,CREDIT,PLATINUM,ARAB BANK PLC,+97444387878,http://www.arabbank.jo,QA,QAT,QATAR,arabbank.com,https://commons.wikimedia.org/wiki/File:Arab_Bank_logo.svg
474739,VISA,CREDIT,CLASSIC,ARAB BANK PLC,4600900,http://www.arabbank.jo,JO,JOR,JORDAN,arabbank.com,https://commons.wikimedia.org/wiki/File:Arab_Bank_logo.svg
474740,VISA,CREDIT,PLATINUM,ARAB BANK PLC,4600900,http://www.arabbank.jo,JO,JOR,JORDAN,arabbank.com,https://commons.wikimedia.org/wiki/File:Arab_Bank_logo.svg
474794,VISA,DEBIT,CLASSIC,INTL HDQTRS-CENTER OWNED,,,IQ,IRQ,IRAQ,,
474795,VISA,CREDIT,CLASSIC,INTL HDQTRS-CENTER OWNED,,,IQ,IRQ,IRAQ,,
474796,VISA,DEBIT,PREPAID,THE COMMERCIAL BANK OF QATAR (Q.S.C.),,,QA,QAT,QATAR,cbq.qa,https://commons.wikimedia.org/wiki/File:Commercial_Bank_of_Qatar_Logo.svg
474827,VISA,DEBIT,PREPAID PLATINUM,BANQUE SAUDI FRANSI,966 1 289 9999 OR 966 1 874 4000,http://www.alfransi.com.sa,SA,SAU,SAUDI ARABIA,alfransi.com.sa,https://commons.wikimedia.org/wiki/File:Banque_Saudi_Fransi_Logo.svg
474868,VISA,CREDIT,SIGNATURE,ALAHLI BANK OF KUWAIT (K.S.C.),+96524341788,http://www.eahli.com,KW,KWT,KUWAIT,eahli.com,https://commons.wikimedia.org/wiki/File:Al_Ahli_Bank_of_Kuwait_logo.svg
475078,VISA,CREDIT,BUSINESS ENHANCED,AL BILAD BANK,9662918884,http://www.bankalbilad.com,SA,SAU,SAUDI ARABIA,bankalbilad.com,https://commons.wikimedia.org/wiki/File:Bank_Albilad_Logo.svg
475100,VISA,CREDIT,SIGNATURE BUSINESS,AL BILAD BANK,9662918884,http://www.bankalbilad.com,SA,SAU,SAUDI ARABIA,bankalbilad.com,https://commons.wikimedia.org/wiki/File:Bank_Albilad_Logo.svg
475109,VISA,CREDIT,PURCHASING,AL BILAD BANK,9662918884,http://www.bankalbilad.com,SA,SAU,SAUDI ARABIA,bankalbilad.com,https://commons.wikimedia.org/wiki/File:Bank_Albilad_Logo.svg
475153,VISA,CREDIT,BUSINESS ENHANCED,AL BILAD BANK,9662918884,http://www.bankalbilad.com,SA,SAU,SAUDI ARABIA,bankalbilad.com,https://commons.wikimedia.org/wiki/File:Bank_Albilad_Logo.svg
475184,VISA,DEBIT,PLATINUM,ALIZZ ISLAMIC BANK (S.A.O.C),,,OM,OMN,OMAN,alizzislamic.com,https://img.logo.dev/alizzislamic.com?format=png&size=400
475189,VISA,CREDIT,SIGNATURE,BURGAN BANK (S.A.K.),,,KW,KWT,KUWAIT,burgan.com,https://commons.wikimedia.org/wiki/File:Burgan_Bank_logo.svg
475558,VISA,CREDIT,SIGNATURE,BANQUE SAUDI FRANSI,966 1 289 9999 OR 966 1 874 4000,http://www.alfransi.com.sa,SA,SAU,SAUDI ARABIA,alfransi.com.sa,https://commons.wikimedia.org/wiki/File:Banque_Saudi_Fransi_Logo.svg
475790,VISA,CREDIT,SIGNATURE,DUKHAN BANK,,,QA,QAT,QATAR,dukhanbank.com,https://commons.wikimedia.org/wiki/File:Dukhan_Bank_logo.svg
475977,VISA,DEBIT,,,,,EG,EGY,EGYPT,,
476015,VISA,CREDIT,,BANKMED S.A.L.,+9611708090,http://www.bankmed.com.lb,LB,LBN,LEBANON,bankmed.com.lb,https://commons.wikimedia.org/wiki/File:BankMed_logo.svg
476023,VISA,CREDIT,CLASSIC,OMAN ARAB BANK SAO,(800) 860-9227,,OM,OMN,OMAN,oman-arabbank.com,https://commons.wikimedia.org/wiki/File:Oman_Arab_Bank_logo.svg
476028,VISA,DEBIT,ELECTRON,FRANSABANK S.A.L.,+9611340180,http://www.fransabank.com,LB,LBN,LEBANON,fransabank.com,https://commons.wikimedia.org/wiki/File:Fransabank_logo.svg
476029,VISA,DEBIT,GOLD,FRANSABANK S.A.L.,+9611340180,http://www.fransabank.com,LB,LBN,LEBANON,fransabank.com,https://commons.wikimedia.org/wiki/File:Fransabank_logo.svg
476030,VISA,DEBIT,CLASSIC,FRANSABANK S.A.L.,+9611340180,http://www.fransabank.com,LB,LBN,LEBANON,fransabank.com,https://commons.wikimedia.org/wiki/File:Fransabank_logo.svg
476031,VISA,CREDIT,CLASSIC,HSBC BANK MIDDLE EAST,97142241000,http://www.hsbc.ae,JO,JOR,JORDAN,hsbc.com,https://commons.wikimedia.org/wiki/File:HSBC_logo_(2018).svg
476032,VISA,CREDIT,BUSINESS,SOHAR INTERNATIONAL BANK (S.A.O.G),,,OM,OMN,OMAN,soharinternational.com,https://commons.wikimedia.org/wiki/File:Sohar_International_logo.svg
476033,VISA,CREDIT,SIGNATURE,BANK AL ETIHAD,,,JO,JOR,JORDAN,bankaletihad.com,https://commons.wikimedia.org/wiki/File:Bank_al_Etihad_logo.svg
476035,VISA,CREDIT,,JORDAN ISLAMIC BANK FOR FINANCE AND INVESTMENT,+96265677377,http://www.jordanislamicbank.com,JO,JOR,JORDAN,jordanislamicbank.com,https://commons.wikimedia.org/wiki/File:Jordan_Islamic_Bank_logo.svg
476037,VISA,DEBIT,PREPAID CLASSIC,"ISRAEL POSTAL BANK COMPANY, LTD.",,,IL,ISR,ISRAEL,,
476046,VISA,DEBIT,PREPAID CLASSIC,NATIONAL BANK OF EGYPT,,http://www.nbe.com.eg,EG,EGY,EGYPT,nbe.com.eg,https://commons.wikimedia.org/wiki/File:National_Bank_of_Egypt_Logo.svg
476049,VISA,DEBIT,BUSINESS,"AIRWALLEX (UK), LTD.",,,IL,ISR,ISRAEL,,
476075,VISA,DEBIT,PREPAID CLASSIC,"ISRAEL POSTAL BANK COMPANY, LTD.",,,IL,ISR,ISRAEL,,
476099,VISA,CREDIT,PLATINUM,AL-QURTAS ISLAMIC BANK FOR INVESTMENT AND FINANCE PRIVATE SHAREHOLDI,,,IQ,IRQ,IRAQ,,
476103,VISA,DEBIT,PREPAID GOLD,INTL HDQTRS-CENTER OWNED,,,LB,LBN,LEBANON,,
476108,VISA,DEBIT,ULTRA HIGH NET WORTH,INTL HDQTRS-CENTER OWNED,,,AE,ARE,UNITED ARAB EMIRATES,,
476109,VISA,CREDIT,CLASSIC,INTL HDQTRS-CENTER OWNED,,,AE,ARE,UNITED ARAB EMIRATES,,
476130,VISA,CREDIT,CLASSIC,INTL HDQTRS-CENTER OWNED,,,LB,LBN,LEBANON,,
476131,VISA,CREDIT,CLASSIC,,,,LB,LBN,LEBANON,,
476320,VISA,CREDIT,,BANK DHOFAR (S.A.O.G.),+96824791111 / +96824790466,http://www.bankdhofar.com,OM,OMN,OMAN,bankdhofar.com,https://commons.wikimedia.org/wiki/File:Bank_Dhofar_logo.svg
476328,VISA,CREDIT,INFINITE,ARAB NATIONAL BANK,,,SA,SAU,SAUDI ARABIA,anb.com.sa,https://commons.wikimedia.org/wiki/File:Anb_new_logo.svg
476335,VISA,DEBIT,PREPAID PLATINUM,BURGAN BANK (S.A.K.),,,KW,KWT,KUWAIT,burgan.com,https://commons.wikimedia.org/wiki/File:Burgan_Bank_logo.svg
476522,VISA,CREDIT,PLATINUM,BBAC S.A.L,+9614727747,http://www.bbacbank.com,LB,LBN,LEBANON,bbacbank.com,https://img.logo.dev/bbacbank.com?format=png&size=400
476575,VISA,DEBIT,GOLD,ARAB AFRICAN INTERNATIONAL BANK,+20224886679,http://www.aaib.com,EG,EGY,EGYPT,aaib.com,https://commons.wikimedia.org/wiki/File:Arab_African_International_Bank_Logo.svg
476578,VISA,DEBIT,GOLD,ARAB AFRICAN INTERNATIONAL BANK,,http://www.aaib.com,AE,ARE,UNITED ARAB EMIRATES,aaib.com,https://commons.wikimedia.org/wiki/File:Arab_African_International_Bank_Logo.svg
476674,VISA,CREDIT,PURCHASING,BANKMUSCAT (SAOG),,,OM,OMN,OMAN,bankmuscat.com,https://commons.wikimedia.org/wiki/File:Bank_Muscat_logo.svg
476801,VISA,DEBIT,CLASSIC,ARAB ISLAMIC BANK,,,PS,PSE,"PALESTINIAN TERRITORY, OCCUPIED",aib.ps,https://img.logo.dev/aib.ps?format=png&size=400
476802,VISA,CREDIT,CLASSIC,ARAB ISLAMIC BANK,,,PS,PSE,"PALESTINIAN TERRITORY, OCCUPIED",aib.ps,https://img.logo.dev/aib.ps?format=png&size=400
476815,VISA,CREDIT,SIGNATURE,THE SAUDI INVESTMENT BANK,,,SA,SAU,SAUDI ARABIA,saib.com.sa,https://commons.wikimedia.org/wiki/File:Saudi_Investment_Bank_Logo.svg
476851,VISA,CREDIT,CLASSIC,QATAR ISLAMIC BANK (S.A.Q.),+97444385555,,QA,QAT,QATAR,qib.com.qa,https://commons.wikimedia.org/wiki/File:Qatar_Islamic_Bank_Logo.svg
476852,VISA,CREDIT,PLATINUM,QATAR ISLAMIC BANK (S.A.Q.),+97444385555,,QA,QAT,QATAR,qib.com.qa,https://commons.wikimedia.org/wiki/File:Qatar_Islamic_Bank_Logo.svg
476853,VISA,CREDIT,PLATINUM,QATAR ISLAMIC BANK (S.A.Q.),+97444385555,,QA,QAT,QATAR,qib.com.qa,https://commons.wikimedia.org/wiki/File:Qatar_Islamic_Bank_Logo.svg
476854,VISA,CREDIT,SIGNATURE,QATAR ISLAMIC BANK (S.A.Q.),+97444385555,,QA,QAT,QATAR,qib.com.qa,https://commons.wikimedia.org/wiki/File:Qatar_Islamic_Bank_Logo.svg
476873,VISA,CREDIT,PLATINUM,BLOM BANK S.A.L.,(961-1) 738938 - 743300 OR (961-1) 372780 - 370830 - 373102,http://www.blom.com.lb,LB,LBN,LEBANON,blom.com.lb,https://commons.wikimedia.org/wiki/File:BLOM_Bank_logo.svg
476877,VISA,DEBIT,PREPAID,FIRST ABU DHABI BANK PJSC,+971600525500,https://www.bankfab.com,AE,ARE,UNITED ARAB EMIRATES,bankfab.com,https://commons.wikimedia.org/wiki/File:First_Abu_Dhabi_Bank_Logo.svg
476878,VISA,CREDIT,PLATINUM,FIRST ABU DHABI BANK PJSC,+971600525500,https://www.bankfab.com,AE,ARE,UNITED ARAB EMIRATES,bankfab.com,https://commons.wikimedia.org/wiki/File:First_Abu_Dhabi_Bank_Logo.svg
477508,VISA,DEBIT,GOLD,CREDIT LIBANAIS S.A.L.,+9611900111,http://www.creditlibanais.com.lb,LB,LBN,LEBANON,creditlibanais.com,https://commons.wikimedia.org/wiki/File:Credit_Libanais_logo.svg
477509,VISA,DEBIT,CLASSIC,CREDIT LIBANAIS S.A.L.,+9611900111,http://www.creditlibanais.com.lb,LB,LBN,LEBANON,creditlibanais.com,https://commons.wikimedia.org/wiki/File:Credit_Libanais_logo.svg
477756,VISA,CREDIT,GOLD,DUKHAN BANK,,,QA,QAT,QATAR,dukhanbank.com,https://commons.wikimedia.org/wiki/File:Dukhan_Bank_logo.svg
477779,VISA,CREDIT,,,,,QA,QAT,QATAR,,
477937,VISA,DEBIT,REWARDS,BOUBYAN BANK,,,KW,KWT,KUWAIT,bankboubyan.com,https://commons.wikimedia.org/wiki/File:Boubyan_Bank_logo.svg
477969,VISA,DEBIT,PREPAID CLASSIC,CREDIT CARD SERVICE COMPANY JORDAN LTD.,,,JO,JOR,JORDAN,,
477983,VISA,CREDIT,INFINITE,RIYAD BANK,,http://www.riyadbank.com,SA,SAU,SAUDI ARABIA,riyadbank.com,https://commons.wikimedia.org/wiki/File:Riyad_Bank_logo.svg
477984,VISA,CREDIT,CORPORATE T&E,NATIONAL BANK OF FUJAIRAH,,,AE,ARE,UNITED ARAB EMIRATES,nbf.ae,https://commons.wikimedia.org/wiki/File:National_Bank_of_Fujairah_logo.svg
478078,VISA,DEBIT,PREPAID CLASSIC,"019 PAYMENT SERVICES, LTD.",,,IL,ISR,ISRAEL,,
478228,VISA,CREDIT,PLATINUM,MASHREQ BANK,+97143632250,http://www.mashreqbank.com,AE,ARE,UNITED ARAB EMIRATES,mashreqbank.com,https://commons.wikimedia.org/wiki/File:Mashreq_bank_logo.svg
478275,VISA,CREDIT,SIGNATURE,FIRST ABU DHABI BANK (PJSC),,,AE,ARE,UNITED ARAB EMIRATES,bankfab.com,https://commons.wikimedia.org/wiki/File:First_Abu_Dhabi_Bank_Logo.svg
478295,VISA,DEBIT,PREPAID PLATINUM,THE SAUDI INVESTMENT BANK,,,SA,SAU,SAUDI ARABIA,saib.com.sa,https://commons.wikimedia.org/wiki/File:Saudi_Investment_Bank_Logo.svg
478296,VISA,DEBIT,PREPAID PLATINUM,THE SAUDI INVESTMENT BANK,,,SA,SAU,SAUDI ARABIA,saib.com.sa,https://commons.wikimedia.org/wiki/File:Saudi_Investment_Bank_Logo.svg
478425,VISA,CREDIT,INFINITE,THE COMMERCIAL BANK OF KUWAIT S.A.K.,,,KW,KWT,KUWAIT,cbk.com,https://commons.wikimedia.org/wiki/File:Commercial_Bank_of_Kuwait_logo.svg
478426,VISA,CREDIT,SIGNATURE,"COMMERCIAL BANK OF KUWAIT, S.A.K.",00971 2 6447944,http://www.cbk.com,KW,KWT,KUWAIT,cbk.com,https://commons.wikimedia.org/wiki/File:Commercial_Bank_of_Kuwait_logo.svg
478463,VISA,DEBIT,PREPAID CLASSIC,NATIONAL BANK OF EGYPT,,http://www.nbe.com.eg,EG,EGY,EGYPT,nbe.com.eg,https://commons.wikimedia.org/wiki/File:National_Bank_of_Egypt_Logo.svg
478567,VISA,CREDIT,CORPORATE T&E,"ISRACARD, LTD.",,,IL,ISR,ISRAEL,isracard.co.il,https://commons.wikimedia.org/wiki/File:Isracard_logo.svg
478568,VISA,CREDIT,GOLD,"ISRACARD, LTD.",,,IL,ISR,ISRAEL,isracard.co.il,https://commons.wikimedia.org/wiki/File:Isracard_logo.svg
478569,VISA,CREDIT,PLATINUM,"ISRACARD, LTD.",,,IL,ISR,ISRAEL,isracard.co.il,https://commons.wikimedia.org/wiki/File:Isracard_logo.svg
478570,VISA,CREDIT,BUSINESS,"ISRACARD, LTD.",,,IL,ISR,ISRAEL,isracard.co.il,https://commons.wikimedia.org/wiki/File:Isracard_logo.svg
478684,VISA,DEBIT,PREPAID,UNION NATIONAL BANK - EGYPT,+20225748226,http://www.unb-egypt.com,EG,EGY,EGYPT,unb-egypt.com,https://img.logo.dev/unb-egypt.com?format=png&size=400
478713,VISA,DEBIT,PLATINUM,MASHREQBANK,+97143632250,http://www.mashreqbank.com,AE,ARE,UNITED ARAB EMIRATES,mashreqbank.com,https://commons.wikimedia.org/wiki/File:Mashreq_bank_logo.svg
478725,VISA,CREDIT,CLASSIC,CREDIT LIBANAIS S.A.L.,+9611900111,http://www.creditlibanais.com.lb,LB,LBN,LEBANON,creditlibanais.com,https://commons.wikimedia.org/wiki/File:Credit_Libanais_logo.svg
478726,VISA,CREDIT,GOLD,BANK OF JORDAN,+96265807777,http://www.bankofjordan.com,JO,JOR,JORDAN,bankofjordan.com,https://commons.wikimedia.org/wiki/File:Bank_of_Jordan_logo.svg
478732,VISA,CREDIT,GOLD,CREDIT LIBANAIS S.A.L.,+9611900111,http://www.creditlibanais.com.lb,LB,LBN,LEBANON,creditlibanais.com,https://commons.wikimedia.org/wiki/File:Credit_Libanais_logo.svg
478735,VISA,DEBIT,ELECTRON,CREDIT LIBANAIS S.A.L.,+9611900111,http://www.creditlibanais.com.lb,LB,LBN,LEBANON,creditlibanais.com,https://commons.wikimedia.org/wiki/File:Credit_Libanais_logo.svg
478740,VISA,CREDIT,GOLD,CREDIT LIBANAIS S.A.L.,+9611900111,http://www.creditlibanais.com.lb,LB,LBN,LEBANON,creditlibanais.com,https://commons.wikimedia.org/wiki/File:Credit_Libanais_logo.svg
478745,VISA,CREDIT,GOLD,CQUR BANK LLC,,,QA,QAT,QATAR,,
478746,VISA,CREDIT,PLATINUM,QATAR NATIONAL BANK (Q.P.S.C.),,,QA,QAT,QATAR,qnb.com,https://commons.wikimedia.org/wiki/File:Qatar_National_Bank_Logo.svg
478747,VISA,DEBIT,PLATINUM,MASHREQBANK,+97143632250,http://www.mashreqbank.com,AE,ARE,UNITED ARAB EMIRATES,mashreqbank.com,https://commons.wikimedia.org/wiki/File:Mashreq_bank_logo.svg
478749,VISA,CREDIT,PLATINUM,QATAR NATIONAL BANK AL AHLI S.A.E.,,,EG,EGY,EGYPT,qnb.com,https://commons.wikimedia.org/wiki/File:Qatar_National_Bank_Logo.svg
478760,VISA,DEBIT,CLASSIC/SIGNATURE,ARAB BANKING CORPORATION (JORDAN),,http://www.arabbanking.com,JO,JOR,JORDAN,arabbanking.com,https://img.logo.dev/arabbanking.com?format=png&size=400
478771,VISA,CREDIT,PLATINUM,BANK OF JORDAN,+96265696277,http://www.bankofjordan.com,PS,PSE,"PALESTINIAN TERRITORY, OCCUPIED",bankofjordan.com,https://commons.wikimedia.org/wiki/File:Bank_of_Jordan_logo.svg
478773,VISA,CREDIT,CLASSIC,BANK OF JORDAN,+96265807777,http://www.bankofjordan.com,JO,JOR,JORDAN,bankofjordan.com,https://commons.wikimedia.org/wiki/File:Bank_of_Jordan_logo.svg
478774,VISA,CREDIT,CLASSIC,NAYIFAT FINANCE COMPANY,,,SA,SAU,SAUDI ARABIA,nayifat.com,https://img.logo.dev/nayifat.com?format=png&size=400
478775,VISA,CREDIT,CLASSIC,BANK OF JORDAN,+96265807777,http://www.bankofjordan.com,JO,JOR,JORDAN,bankofjordan.com,https://commons.wikimedia.org/wiki/File:Bank_of_Jordan_logo.svg
478777,VISA,CREDIT,PLATINUM,ARAB JORDAN INVESTMENT BANK,,,JO,JOR,JORDAN,ajib.com,https://img.logo.dev/ajib.com?format=png&size=400
478778,VISA,DEBIT,ELECTRON,BANK OF JORDAN,+96265807777,http://www.bankofjordan.com,JO,JOR,JORDAN,bankofjordan.com,https://commons.wikimedia.org/wiki/File:Bank_of_Jordan_logo.svg
478780,VISA,DEBIT,CLASSIC,MASHREQBANK,+97143632250,http://www.mashreqbank.com,AE,ARE,UNITED ARAB EMIRATES,mashreqbank.com,https://commons.wikimedia.org/wiki/File:Mashreq_bank_logo.svg
478784,VISA,CREDIT,BUSINESS ENHANCED,BANK OF JORDAN,+96265807777,http://www.bankofjordan.com,JO,JOR,JORDAN,bankofjordan.com,https://commons.wikimedia.org/wiki/File:Bank_of_Jordan_logo.svg
478839,VISA,DEBIT,PREPAID PLATINUM,AL ANSARI EXCHANGE LLC,,,AE,ARE,UNITED ARAB EMIRATES,,
478840,VISA,CREDIT,,,,,AE,ARE,UNITED ARAB EMIRATES,,
479031,VISA,CREDIT,SIGNATURE,QATAR NATIONAL BANK AL AHLI S.A.E.,,,EG,EGY,EGYPT,qnb.com,https://commons.wikimedia.org/wiki/File:Qatar_National_Bank_Logo.svg
479039,VISA,CREDIT,,BANK OF JORDAN,+96265807777,http://www.bankofjordan.com,JO,JOR,JORDAN,bankofjordan.com,https://commons.wikimedia.org/wiki/File:Bank_of_Jordan_logo.svg
479044,VISA,CREDIT,,"ANZ BANK, LTD.",,http://www.anz.com,JO,JOR,JORDAN,anz.com,https://img.logo.dev/anz.com?format=png&size=400
479045,VISA,CREDIT,PLATINUM,KUWAIT FINANCE HOUSE,+9651803333,http://www.kfh.com,KW,KWT,KUWAIT,financehouse.ae,https://img.logo.dev/financehouse.ae?format=png&size=400
479063,VISA,DEBIT,PREPAID CLASSIC,"THE UNITED BANK, S.A.E.",,,EG,EGY,EGYPT,,
479065,VISA,CREDIT,PLATINUM,KUWAIT FINANCE HOUSE,+9651803333,http://www.kfh.com,KW,KWT,KUWAIT,financehouse.ae,https://img.logo.dev/financehouse.ae?format=png&size=400
479066,VISA,CREDIT,PLATINUM,KUWAIT FINANCE HOUSE,+9651803333,http://www.kfh.com,KW,KWT,KUWAIT,financehouse.ae,https://img.logo.dev/financehouse.ae?format=png&size=400
479067,VISA,DEBIT,ELECTRON,JORDAN KUWAIT BANK,,http://www.jordan-kuwait-bank.com,JO,JOR,JORDAN,jkb.com,https://commons.wikimedia.org/wiki/File:Jordan_Kuwait_Bank_logo.svg
479069,VISA,CREDIT,INFINITE,QATAR NATIONAL BANK S.A.E,,,EG,EGY,EGYPT,qnb.com,https://commons.wikimedia.org/wiki/File:Qatar_National_Bank_Logo.svg
479071,VISA,DEBIT,GOLD,CAPITAL BANK OF JORDAN PLC. CO.,,,JO,JOR,JORDAN,bankofjordan.com,https://commons.wikimedia.org/wiki/File:Bank_of_Jordan_logo.svg
479089,VISA,CREDIT,PLATINUM,ALIZZ ISLAMIC BANK (S.A.O.C),,,OM,OMN,OMAN,alizzislamic.com,https://img.logo.dev/alizzislamic.com?format=png&size=400
479090,VISA,CREDIT,PLATINUM,RIYAD BANK,,http://www.riyadbank.com,SA,SAU,SAUDI ARABIA,riyadbank.com,https://commons.wikimedia.org/wiki/File:Riyad_Bank_logo.svg
479098,VISA,CREDIT,PLATINUM,"NATIONAL BANK OF KUWAIT, S.A.K.",+96522422011,http://www.nbk.com,KW,KWT,KUWAIT,nbk.com,https://commons.wikimedia.org/wiki/File:National_Bank_of_Kuwait_logo.svg
479550,VISA,DEBIT,PREPAID ELECTRON,INTL HDQTRS-CENTER OWNED,,,IL,ISR,ISRAEL,,
479652,VISA,DEBIT,,,,,EG,EGY,EGYPT,,
479710,VISA,DEBIT,CLASSIC,NATIONAL BANK OF OMAN LIMITED (S.A.O.G.),,,OM,OMN,OMAN,nbo.om,https://commons.wikimedia.org/wiki/File:National_Bank_of_Oman_logo.svg
479734,VISA,DEBIT,CLASSIC,THE NATIONAL BANK OF UMM AL-QAIWAIN PSC.,,,AE,ARE,UNITED ARAB EMIRATES,nbq.ae,https://commons.wikimedia.org/wiki/File:National_Bank_of_Umm_Al_Qaiwain_logo.svg
479745,VISA,CREDIT,PLATINUM,ABU DHABI COMMERCIAL BANK,,http://www.adcb.com,AE,ARE,UNITED ARAB EMIRATES,adcb.com,https://commons.wikimedia.org/wiki/File:Abu_Dhabi_Commercial_Bank_Logo.svg
479746,VISA,CREDIT,GOLD,ABU DHABI COMMERCIAL BANK,+97126962222,http://www.adcb.com,AE,ARE,UNITED ARAB EMIRATES,adcb.com,https://commons.wikimedia.org/wiki/File:Abu_Dhabi_Commercial_Bank_Logo.svg
479747,VISA,CREDIT,SIGNATURE,ABU DHABI COMMERCIAL BANK,+97126962222,http://www.adcb.com,AE,ARE,UNITED ARAB EMIRATES,adcb.com,https://commons.wikimedia.org/wiki/File:Abu_Dhabi_Commercial_Bank_Logo.svg
479756,VISA,CREDIT,INFINITE,GIB-SA,,,SA,SAU,SAUDI ARABIA,gib.com,https://commons.wikimedia.org/wiki/File:Gulf_International_Bank_Logo.svg
479779,VISA,DEBIT,PREPAID CLASSIC,"PROVISIONAL BID - HUBPAY, LTD.",,,AE,ARE,UNITED ARAB EMIRATES,,
479874,VISA,CREDIT,SIGNATURE,CAPITAL BANK OF JORDAN PLC. CO.,,,JO,JOR,JORDAN,bankofjordan.com,https://commons.wikimedia.org/wiki/File:Bank_of_Jordan_logo.svg
480182,VISA,CREDIT,PLATINUM,THE GULF BANK K.S.C.,,,KW,KWT,KUWAIT,e-gulfbank.com,https://commons.wikimedia.org/wiki/File:Gulf_Bank_Kuwait_logo.svg
480285,VISA,CREDIT,BUSINESS SIGNATURE,CSCBANK S.A.L.,+9611871245,http://www.ccm.com.lb,LB,LBN,LEBANON,cscbank.com,https://img.logo.dev/cscbank.com?format=png&size=400
480305,VISA,DEBIT,PREPAID,CREDIT LIBANAIS S.A.L.,+9611900111,http://www.creditlibanais.com.lb,LB,LBN,LEBANON,creditlibanais.com,https://commons.wikimedia.org/wiki/File:Credit_Libanais_logo.svg
480336,VISA,CREDIT,SIGNATURE BUSINESS,THE GULF BANK K.S.C.,,,KW,KWT,KUWAIT,e-gulfbank.com,https://commons.wikimedia.org/wiki/File:Gulf_Bank_Kuwait_logo.svg
480339,VISA,CREDIT,REWARDS,THE HOUSING BANK FOR TRADE & FINANCE,,,JO,JOR,JORDAN,hbtf.com,https://commons.wikimedia.org/wiki/File:Housing_Bank_for_Trade_and_Finance_logo.svg
480341,VISA,DEBIT,PREPAID PLATINUM,THE HOUSING BANK FOR TRADE & FINANCE,,,JO,JOR,JORDAN,hbtf.com,https://commons.wikimedia.org/wiki/File:Housing_Bank_for_Trade_and_Finance_logo.svg
480507,VISA,DEBIT,,,,,PS,PSE,"PALESTINIAN TERRITORY, OCCUPIED",,
480626,VISA,DEBIT,INFINITE,EMIRATES ISLAMIC BANK P.J.S.C.,,,AE,ARE,UNITED ARAB EMIRATES,emiratesislamic.ae,https://commons.wikimedia.org/wiki/File:Emirates_Islamic_logo.svg
480645,VISA,DEBIT,SIGNATURE,EMIRATES ISLAMIC BANK P.J.S.C.,,,AE,ARE,UNITED ARAB EMIRATES,emiratesislamic.ae,https://commons.wikimedia.org/wiki/File:Emirates_Islamic_logo.svg
480659,VISA,DEBIT,BUSINESS ENHANCED,EMIRATES ISLAMIC BANK P.J.S.C.,,,AE,ARE,UNITED ARAB EMIRATES,emiratesislamic.ae,https://commons.wikimedia.org/wiki/File:Emirates_Islamic_logo.svg
480666,VISA,DEBIT,PLATINUM,EMIRATES ISLAMIC BANK P.J.S.C.,,,AE,ARE,UNITED ARAB EMIRATES,emiratesislamic.ae,https://commons.wikimedia.org/wiki/File:Emirates_Islamic_logo.svg
480668,VISA,DEBIT,PLATINUM,EMIRATES ISLAMIC BANK P.J.S.C.,,,AE,ARE,UNITED ARAB EMIRATES,emiratesislamic.ae,https://commons.wikimedia.org/wiki/File:Emirates_Islamic_logo.svg
480670,VISA,DEBIT,PREPAID PLATINUM,EMIRATES ISLAMIC BANK P.J.S.C.,,,AE,ARE,UNITED ARAB EMIRATES,emiratesislamic.ae,https://commons.wikimedia.org/wiki/File:Emirates_Islamic_logo.svg
480874,VISA,CREDIT,PURCHASING,FIRST ABU DHABI BANK PJSC,+971600525500,https://www.bankfab.com,AE,ARE,UNITED ARAB EMIRATES,bankfab.com,https://commons.wikimedia.org/wiki/File:First_Abu_Dhabi_Bank_Logo.svg
480877,VISA,CREDIT,PURCHASING,FIRST ABU DHABI BANK PJSC,+971600525500,https://www.bankfab.com,AE,ARE,UNITED ARAB EMIRATES,bankfab.com,https://commons.wikimedia.org/wiki/File:First_Abu_Dhabi_Bank_Logo.svg
480926,VISA,DEBIT,INFINITE,MASHREQBANK,,http://www.mashreqbank.com,EG,EGY,EGYPT,mashreqbank.com,https://commons.wikimedia.org/wiki/File:Mashreq_bank_logo.svg
480928,VISA,CREDIT,SIGNATURE BUSINESS,QATAR INTERNATIONAL ISLAMIC BANK,,http://www.qiib.com.qa,QA,QAT,QATAR,qiib.com.qa,https://commons.wikimedia.org/wiki/File:QIIB_logo.svg
480929,VISA,CREDIT,CLASSIC,THE NATIONAL BANK OF UMM AL-QAIWAIN PSC.,,,AE,ARE,UNITED ARAB EMIRATES,nbq.ae,https://commons.wikimedia.org/wiki/File:National_Bank_of_Umm_Al_Qaiwain_logo.svg
480931,VISA,DEBIT,BUSINESS,"TURKIYE IS BANKASI, A.S.",,http://www.isbank.com.tr,IQ,IRQ,IRAQ,isbank.com.tr,https://img.logo.dev/isbank.com.tr?format=png&size=400
480935,VISA,CREDIT,CLASSIC,CREDIMAX B.S.C.,,,BH,BHR,BAHRAIN,max.co.il,https://commons.wikimedia.org/wiki/File:Max_It_Finance_logo.svg
480944,VISA,DEBIT,PREPAID CLASSIC,AL-QURTAS ISLAMIC BANK FOR INVESTMENT AND FINANCE PRIVATE SHAREHOLDI,,,IQ,IRQ,IRAQ,,
480991,VISA,CREDIT,PLATINUM,INVEST BANK PLC,58 (212) 92 98 31,http://www.investbank.jo,JO,JOR,JORDAN,investbank.jo,https://img.logo.dev/investbank.jo?format=png&size=400
481111,VISA,CREDIT,PLATINUM,INVEST BANK PLC,58 (212) 92 98 31,http://www.investbank.jo,JO,JOR,JORDAN,investbank.jo,https://img.logo.dev/investbank.jo?format=png&size=400
481137,VISA,CREDIT,PLATINUM,INVEST BANK PLC,58 (212) 92 98 31,http://www.investbank.jo,JO,JOR,JORDAN,investbank.jo,https://img.logo.dev/investbank.jo?format=png&size=400
481206,VISA,CREDIT,PLATINUM,AL BILAD BANK,9662918884,http://www.bankalbilad.com,SA,SAU,SAUDI ARABIA,bankalbilad.com,https://commons.wikimedia.org/wiki/File:Bank_Albilad_Logo.svg
481207,VISA,CREDIT,CLASSIC,AL BILAD BANK,9662918884,http://www.bankalbilad.com,SA,SAU,SAUDI ARABIA,bankalbilad.com,https://commons.wikimedia.org/wiki/File:Bank_Albilad_Logo.svg
481355,VISA,CREDIT,PLATINUM,BANQUE MISR,+20223912150,http://www.banquemisr.com,EG,EGY,EGYPT,banquemisr.com,https://commons.wikimedia.org/wiki/File:Banque_Misr_logo.svg
481458,VISA,DEBIT,PREPAID CLASSIC,NATIONAL BANK OF FUJAIRAH,,,AE,ARE,UNITED ARAB EMIRATES,nbf.ae,https://commons.wikimedia.org/wiki/File:National_Bank_of_Fujairah_logo.svg
481459,VISA,CREDIT,SIGNATURE BUSINESS,AL-SALAM BANK - BAHRAIN B.S.C.,,,BH,BHR,BAHRAIN,alsalambank.com,https://commons.wikimedia.org/wiki/File:Al_Salam_Bank_logo.svg
481460,VISA,CREDIT,PLATINUM,,,,EG,EGY,EGYPT,,
481462,VISA,CREDIT,PLATINUM,,,,OM,OMN,OMAN,,
481463,VISA,DEBIT,PREPAID,AHLI BANK Q.S.C.,(974) 4232222,http://www.ahlibank.com.qa,QA,QAT,QATAR,ahlibank.com.qa,https://commons.wikimedia.org/wiki/File:Ahlibank_Qatar_logo.svg
481474,VISA,CREDIT,SIGNATURE,THE HOUSING BANK FOR TRADE & FINANCE,,,JO,JOR,JORDAN,hbtf.com,https://commons.wikimedia.org/wiki/File:Housing_Bank_for_Trade_and_Finance_logo.svg
481479,VISA,DEBIT,CLASSIC,CEMEA REGION,,,EG,EGY,EGYPT,,
481773,VISA,DEBIT,CLASSIC,BLOM BANK S.A.L.,,http://www.blom.com.lb,IQ,IRQ,IRAQ,blom.com.lb,https://commons.wikimedia.org/wiki/File:BLOM_Bank_logo.svg
481789,VISA,CREDIT,SIGNATURE,AL-SALAM BANK - BAHRAIN B.S.C.,,,BH,BHR,BAHRAIN,alsalambank.com,https://commons.wikimedia.org/wiki/File:Al_Salam_Bank_logo.svg
481924,VISA,DEBIT,BUSINESS,BANQUE MISR,+20223912150,http://www.banquemisr.com,EG,EGY,EGYPT,banquemisr.com,https://commons.wikimedia.org/wiki/File:Banque_Misr_logo.svg
481952,VISA,CREDIT,UHNW,"BANK OF BEIRUT, SAL",,,LB,LBN,LEBANON,bankofbeirut.com,https://commons.wikimedia.org/wiki/File:Bank_of_Beirut_logo.svg
482052,VISA,CREDIT,PLATINUM,THE SAUDI NATIONAL BANK,,,SA,SAU,SAUDI ARABIA,alahli.com,https://commons.wikimedia.org/wiki/File:Saudi_National_Bank_Logo.svg
482133,VISA,CREDIT,CLASSIC,,,,SA,SAU,SAUDI ARABIA,,
482135,VISA,CREDIT,PURCHASING,"DOHA BANK, LTD.",,,QA,QAT,QATAR,dohabank.com,https://commons.wikimedia.org/wiki/File:Doha_Bank_logo.svg
482148,VISA,CREDIT,,,,,SA,SAU,SAUDI ARABIA,,
482283,VISA,DEBIT,,,,,PS,PSE,"PALESTINIAN TERRITORY, OCCUPIED",,
482682,VISA,DEBIT,,,,,EG,EGY,EGYPT,,
483005,VISA,DEBIT,CLASSIC,SAFWA ISLAMIC BANK,,,JO,JOR,JORDAN,safwabank.com,https://img.logo.dev/safwabank.com?format=png&size=400
483006,VISA,CREDIT,,,,,JO,JOR,JORDAN,,
483009,VISA,DEBIT,PREPAID CLASSIC,ARAB PAYMENT SERVICES,,,IQ,IRQ,IRAQ,aps.iq,https://img.logo.dev/aps.iq?format=png&size=400
483010,VISA,DEBIT,CLASSIC,THE SAUDI INVESTMENT BANK,,,SA,SAU,SAUDI ARABIA,saib.com.sa,https://commons.wikimedia.org/wiki/File:Saudi_Investment_Bank_Logo.svg
483011,VISA,DEBIT,PLATINUM,THE SAUDI INVESTMENT BANK,,,SA,SAU,SAUDI ARABIA,saib.com.sa,https://commons.wikimedia.org/wiki/File:Saudi_Investment_Bank_Logo.svg
483012,VISA,DEBIT,INFINITE,THE SAUDI INVESTMENT BANK,,,SA,SAU,SAUDI ARABIA,saib.com.sa,https://commons.wikimedia.org/wiki/File:Saudi_Investment_Bank_Logo.svg
483115,VISA,CREDIT,PLATINUM,AL RAJHI BANKING AND INVESTMENT CORP.,4433 92 000 + 966 OR 33 334 601 +966,http://www.alrajhibank.com.sa,SA,SAU,SAUDI ARABIA,alrajhibank.com.sa,https://commons.wikimedia.org/wiki/File:Al_Rajhi_Bank_Logo.svg
483144,VISA,CREDIT,ULTRA HIGH NET WORTH,SARADAR BANK SAL,,,LB,LBN,LEBANON,,
483163,VISA,DEBIT,PREPAID,,,,AE,ARE,UNITED ARAB EMIRATES,,
483178,VISA,CREDIT,UHNW,THE SAUDI NATIONAL BANK,,,SA,SAU,SAUDI ARABIA,alahli.com,https://commons.wikimedia.org/wiki/File:Saudi_National_Bank_Logo.svg
483295,VISA,CREDIT,SIGNATURE,CSCBANK SAL,,,LB,LBN,LEBANON,cscbank.com,https://img.logo.dev/cscbank.com?format=png&size=400
483335,VISA,CREDIT,PLATINUM,"ISRACARD, LTD.",,,IL,ISR,ISRAEL,isracard.co.il,https://commons.wikimedia.org/wiki/File:Isracard_logo.svg
483339,VISA,DEBIT,CLASSIC,"ISRACARD, LTD.",,,IL,ISR,ISRAEL,isracard.co.il,https://commons.wikimedia.org/wiki/File:Isracard_logo.svg
483363,VISA,DEBIT,PREPAID PLATINUM,,,,AE,ARE,UNITED ARAB EMIRATES,,
483429,VISA,DEBIT,SIGNATURE,BANKMUSCAT LTD. (S.A.O.G.),,,OM,OMN,OMAN,bankmuscat.com,https://commons.wikimedia.org/wiki/File:Bank_Muscat_logo.svg
483430,VISA,CREDIT,SIGNATURE,BANKMUSCAT (SAOG),,,OM,OMN,OMAN,bankmuscat.com,https://commons.wikimedia.org/wiki/File:Bank_Muscat_logo.svg
483431,VISA,CREDIT,INFINITE,ABU DHABI ISLAMIC BANK,+97126100600,http://www.adib.ae,AE,ARE,UNITED ARAB EMIRATES,adib.ae,https://commons.wikimedia.org/wiki/File:Abu_Dhabi_Islamic_Bank_Logo.svg
483432,VISA,CREDIT,SIGNATURE,ALINMA BANK,,,SA,SAU,SAUDI ARABIA,alinma.com,https://commons.wikimedia.org/wiki/File:Alinma_Bank_logo.svg
483439,VISA,DEBIT,PLATINUM,BANK OF PALESTINE PLC,+97022965010,http://www.bankofpalestine.com,PS,PSE,"PALESTINIAN TERRITORY, OCCUPIED",bankofpalestine.com,https://commons.wikimedia.org/wiki/File:Bank_of_Palestine_logo.svg
483464,VISA,CREDIT,INFINITE,BURGAN BANK (S.A.K.),,,KW,KWT,KUWAIT,burgan.com,https://commons.wikimedia.org/wiki/File:Burgan_Bank_logo.svg
483469,VISA,DEBIT,PREPAID CLASSIC,NATIONAL BANK OF EGYPT,,http://www.nbe.com.eg,EG,EGY,EGYPT,nbe.com.eg,https://commons.wikimedia.org/wiki/File:National_Bank_of_Egypt_Logo.svg
483576,VISA,DEBIT,CLASSIC,"TURKIYE IS BANKASI, A.S.",,http://www.isbank.com.tr,IQ,IRQ,IRAQ,isbank.com.tr,https://img.logo.dev/isbank.com.tr?format=png&size=400
483780,VISA,CREDIT,PURCHASING,"DOHA BANK, LTD.",,,QA,QAT,QATAR,dohabank.com,https://commons.wikimedia.org/wiki/File:Doha_Bank_logo.svg
483791,VISA,DEBIT,CLASSIC,BANKMUSCAT (SAOG),,,OM,OMN,OMAN,bankmuscat.com,https://commons.wikimedia.org/wiki/File:Bank_Muscat_logo.svg
483827,VISA,CREDIT,CLASSIC,AGRICULTURAL BANK OF EGYPT (ABE),,,EG,EGY,EGYPT,abe.com.eg,https://img.logo.dev/abe.com.eg?format=png&size=400
483952,VISA,CREDIT,INFINITE,CREDIT LIBANAIS S.A.L.,+9611900111,http://www.creditlibanais.com.lb,LB,LBN,LEBANON,creditlibanais.com,https://commons.wikimedia.org/wiki/File:Credit_Libanais_logo.svg
483985,VISA,DEBIT,PREPAID CLASSIC,FIRST ABU DHABI BANK (PJSC),,,EG,EGY,EGYPT,bankfab.com,https://commons.wikimedia.org/wiki/File:First_Abu_Dhabi_Bank_Logo.svg
483986,VISA,DEBIT,PREPAID CLASSIC,AMWAL FOR ELECTRONIC BANKING SERVICES CO.,,,IQ,IRQ,IRAQ,,
483991,VISA,DEBIT,PREPAID PLATINUM,BFC PAYMENTS B.S.C. (C),,,BH,BHR,BAHRAIN,,
484003,VISA,DEBIT,PREPAID CORPORATE T&E,,,,BH,BHR,BAHRAIN,,
484081,VISA,CREDIT,PLATINUM,STANDARD CHARTERED BANK,+97317531532,https://www.sc.com,BH,BHR,BAHRAIN,sc.com,https://commons.wikimedia.org/wiki/File:Standard_Chartered_(2021).svg
484082,VISA,CREDIT,PLATINUM,STANDARD CHARTERED BANK,+97317531532,https://www.sc.com,BH,BHR,BAHRAIN,sc.com,https://commons.wikimedia.org/wiki/File:Standard_Chartered_(2021).svg
484083,VISA,CREDIT,PLATINUM,STANDARD CHARTERED BANK,+97317531532,https://www.sc.com,BH,BHR,BAHRAIN,sc.com,https://commons.wikimedia.org/wiki/File:Standard_Chartered_(2021).svg
484130,VISA,DEBIT,CLASSIC,FIRST ABU DHABI BANK (PJSC),,,OM,OMN,OMAN,bankfab.com,https://commons.wikimedia.org/wiki/File:First_Abu_Dhabi_Bank_Logo.svg
484131,VISA,DEBIT,PLATINUM,FIRST ABU DHABI BANK (PJSC),,,OM,OMN,OMAN,bankfab.com,https://commons.wikimedia.org/wiki/File:First_Abu_Dhabi_Bank_Logo.svg
484166,VISA,CREDIT,BUSINESS ENHANCED,AL RAJHI BANKING AND INVESTMENT CORP.,4433 92 000 + 966 OR 33 334 601 +966,http://www.alrajhibank.com.sa,SA,SAU,SAUDI ARABIA,alrajhibank.com.sa,https://commons.wikimedia.org/wiki/File:Al_Rajhi_Bank_Logo.svg
484167,VISA,DEBIT,PREPAID CLASSIC,BANK OF PALESTINE PLC,+97022965010,http://www.bankofpalestine.com,PS,PSE,"PALESTINIAN TERRITORY, OCCUPIED",bankofpalestine.com,https://commons.wikimedia.org/wiki/File:Bank_of_Palestine_logo.svg
484172,VISA,DEBIT,BUSINESS,BANK DHOFAR (S.A.O.G.),+96824791111 / +96824790466,http://www.bankdhofar.com,OM,OMN,OMAN,bankdhofar.com,https://commons.wikimedia.org/wiki/File:Bank_Dhofar_logo.svg
484174,VISA,CREDIT,CLASSIC,IBL BANK S.A.L.,,,LB,LBN,LEBANON,ibl.com.lb,https://img.logo.dev/ibl.com.lb?format=png&size=400
484175,VISA,CREDIT,PLATINUM,IBL BANK S.A.L.,,,LB,LBN,LEBANON,ibl.com.lb,https://img.logo.dev/ibl.com.lb?format=png&size=400
484176,VISA,CREDIT,INFINITE,IBL BANK S.A.L.,,,LB,LBN,LEBANON,ibl.com.lb,https://img.logo.dev/ibl.com.lb?format=png&size=400
484190,VISA,CREDIT,CORPORATE T&E,COMMERCIAL BANK OF DUBAI(PSC),,,AE,ARE,UNITED ARAB EMIRATES,cbd.ae,https://commons.wikimedia.org/wiki/File:Commercial_Bank_of_Dubai_logo.svg
484555,VISA,DEBIT,PLATINUM,BANK OF BAHRAIN & KUWAIT B.S.C.,,,BH,BHR,BAHRAIN,bbkonline.com,https://commons.wikimedia.org/wiki/File:BBK_logo.svg
484701,VISA,DEBIT,CLASSIC,AMWAL FOR ELECTRONIC BANKING SERVICES CO.,,,IQ,IRQ,IRAQ,,
484713,VISA,DEBIT,CLASSIC,AL-SALAM BANK - BAHRAIN B.S.C.,,,BH,BHR,BAHRAIN,alsalambank.com,https://commons.wikimedia.org/wiki/File:Al_Salam_Bank_logo.svg
484783,VISA,DEBIT,CLASSIC,AL RAJHI BANKING AND INVESTMENT CORP.,4433 92 000 + 966 OR 33 334 601 +966,http://www.alrajhibank.com.sa,SA,SAU,SAUDI ARABIA,alrajhibank.com.sa,https://commons.wikimedia.org/wiki/File:Al_Rajhi_Bank_Logo.svg
484790,VISA,CREDIT,PLATINUM,THE NATIONAL BANK OF RAS AL-KHAIMAH,,,AE,ARE,UNITED ARAB EMIRATES,rakbank.ae,https://commons.wikimedia.org/wiki/File:Rakbank_logo.svg
484817,VISA,CREDIT,INFINITE,TRADE BANK OF IRAQ,+96415433561,http://www.tbiraq.com,IQ,IRQ,IRAQ,tbi.com.iq,https://commons.wikimedia.org/wiki/File:Trade_Bank_of_Iraq_logo.svg
484823,VISA,DEBIT,PLATINUM,"DOHA BANK, LTD.",,,QA,QAT,QATAR,dohabank.com,https://commons.wikimedia.org/wiki/File:Doha_Bank_logo.svg
484832,VISA,DEBIT,CLASSIC,HSBC BANK MIDDLE EAST,+97317569999,http://www.hsbc.ae,BH,BHR,BAHRAIN,hsbc.com,https://commons.wikimedia.org/wiki/File:HSBC_logo_(2018).svg
484833,VISA,DEBIT,CLASSIC,HSBC BANK MIDDLE EAST,+97317569999,http://www.hsbc.ae,BH,BHR,BAHRAIN,hsbc.com,https://commons.wikimedia.org/wiki/File:HSBC_logo_(2018).svg
484834,VISA,DEBIT,PLATINUM,HSBC BANK MIDDLE EAST,+97317569999,http://www.hsbc.ae,BH,BHR,BAHRAIN,hsbc.com,https://commons.wikimedia.org/wiki/File:HSBC_logo_(2018).svg
484835,VISA,DEBIT,PLATINUM,HSBC BANK MIDDLE EAST,+97317569999,http://www.hsbc.ae,BH,BHR,BAHRAIN,hsbc.com,https://commons.wikimedia.org/wiki/File:HSBC_logo_(2018).svg
484836,VISA,DEBIT,PLATINUM,HSBC BANK MIDDLE EAST,+97317569999,http://www.hsbc.ae,BH,BHR,BAHRAIN,hsbc.com,https://commons.wikimedia.org/wiki/File:HSBC_logo_(2018).svg
484837,VISA,DEBIT,PLATINUM,HSBC BANK MIDDLE EAST,+97317569999,http://www.hsbc.ae,BH,BHR,BAHRAIN,hsbc.com,https://commons.wikimedia.org/wiki/File:HSBC_logo_(2018).svg
484882,VISA,DEBIT,CLASSIC,BANK AUDI SAL,,,LB,LBN,LEBANON,bankaudigroup.com,https://commons.wikimedia.org/wiki/File:Bank_Audi_logo.svg
484889,VISA,CREDIT,INFINITE,QATAR NATIONAL BANK S.A.E,,,EG,EGY,EGYPT,qnb.com,https://commons.wikimedia.org/wiki/File:Qatar_National_Bank_Logo.svg
484890,VISA,DEBIT,INFINITE,QATAR NATIONAL BANK S.A.E,,,EG,EGY,EGYPT,qnb.com,https://commons.wikimedia.org/wiki/File:Qatar_National_Bank_Logo.svg
485005,VISA,CREDIT,SIGNATURE,THE SAUDI NATIONAL BANK,,,SA,SAU,SAUDI ARABIA,alahli.com,https://commons.wikimedia.org/wiki/File:Saudi_National_Bank_Logo.svg
485015,VISA,CREDIT,PLATINUM,BANQUE LIBANO-FRANCAISE SAL,,,LB,LBN,LEBANON,eblf.com,https://img.logo.dev/eblf.com?format=png&size=400
485041,VISA,DEBIT,PREPAID CLASSIC,ARAB PAYMENT SERVICES,,,IQ,IRQ,IRAQ,aps.iq,https://img.logo.dev/aps.iq?format=png&size=400
485042,VISA,CREDIT,INFINITE,THE SAUDI NATIONAL BANK,,,SA,SAU,SAUDI ARABIA,alahli.com,https://commons.wikimedia.org/wiki/File:Saudi_National_Bank_Logo.svg
485368,VISA,DEBIT,CLASSIC,CREDIT BANK OF IRAQ,,,IQ,IRQ,IRAQ,,
485441,VISA,CREDIT,PLATINUM,THE COMMERCIAL BANK OF KUWAIT S.A.K.,,,KW,KWT,KUWAIT,cbk.com,https://commons.wikimedia.org/wiki/File:Commercial_Bank_of_Kuwait_logo.svg
485494,VISA,CREDIT,CLASSIC,"NATIONAL BANK OF GREECE, S.A.",,http://www.nbg.gr,EG,EGY,EGYPT,nbg.gr,https://img.logo.dev/nbg.gr?format=png&size=400
485495,VISA,CREDIT,GOLD,"NATIONAL BANK OF GREECE, S.A.",,http://www.nbg.gr,EG,EGY,EGYPT,nbg.gr,https://img.logo.dev/nbg.gr?format=png&size=400
485502,VISA,DEBIT,PREPAID PURCHASING,EMIRATES NBD BANK (P.J.S.C.),+971800456,http://www.emiratesnbd.com,AE,ARE,UNITED ARAB EMIRATES,emiratesnbd.com,https://commons.wikimedia.org/wiki/File:Emirates_NBD_logo.svg
485541,VISA,CREDIT,,,,,AE,ARE,UNITED ARAB EMIRATES,,
485602,VISA,DEBIT,BUSINESS,KUWAIT FINANCE HOUSE,+9651803333,http://www.kfh.com,KW,KWT,KUWAIT,financehouse.ae,https://img.logo.dev/financehouse.ae?format=png&size=400
485622,VISA,DEBIT,CLASSIC,ARAB BANK PLC,+20 2 19100,http://www.arabbank.jo,EG,EGY,EGYPT,arabbank.com,https://commons.wikimedia.org/wiki/File:Arab_Bank_logo.svg
485643,VISA,CREDIT,PLATINUM,MASHREQBANK,+97143632250,http://www.mashreqbank.com,AE,ARE,UNITED ARAB EMIRATES,mashreqbank.com,https://commons.wikimedia.org/wiki/File:Mashreq_bank_logo.svg
486075,VISA,CREDIT,BUSINESS,DUBAI ISLAMIC BANK,,http://www.alislami.ae,AE,ARE,UNITED ARAB EMIRATES,alislami.ae,https://commons.wikimedia.org/wiki/File:Dubai_Islamic_Bank_logo.svg
486087,VISA,CREDIT,PLATINUM,ARAB BANK PLC,+961 (7) 751070-2,http://www.arabbank.jo,LB,LBN,LEBANON,arabbank.com,https://commons.wikimedia.org/wiki/File:Arab_Bank_logo.svg
486094,VISA,DEBIT,GOLD,ARAB NATIONAL BANK,,,SA,SAU,SAUDI ARABIA,anb.com.sa,https://commons.wikimedia.org/wiki/File:Anb_new_logo.svg
486095,VISA,DEBIT,PLATINUM,ARAB NATIONAL BANK,,,SA,SAU,SAUDI ARABIA,anb.com.sa,https://commons.wikimedia.org/wiki/File:Anb_new_logo.svg
486096,VISA,DEBIT,INFINITE,ARAB NATIONAL BANK,,,SA,SAU,SAUDI ARABIA,anb.com.sa,https://commons.wikimedia.org/wiki/File:Anb_new_logo.svg
486099,VISA,CREDIT,CLASSIC,JAMMAL TRUST BANK S.A.L.,,,LB,LBN,LEBANON,,
486100,VISA,CREDIT,GOLD,JAMMAL TRUST BANK S.A.L.,,,LB,LBN,LEBANON,,
486206,VISA,CREDIT,INFINITE,GIB-SA,,,SA,SAU,SAUDI ARABIA,gib.com,https://commons.wikimedia.org/wiki/File:Gulf_International_Bank_Logo.svg
486318,VISA,CREDIT,BUSINESS ENHANCED,COMMERCIAL INTERNATIONAL BANK,+20227383011,http://www.cibeg.com,EG,EGY,EGYPT,cibeg.com,https://commons.wikimedia.org/wiki/File:CIB_Logo.svg
486360,VISA,DEBIT,GOLD,TRADE BANK OF IRAQ,+96415433561,http://www.tbiraq.com,IQ,IRQ,IRAQ,tbi.com.iq,https://commons.wikimedia.org/wiki/File:Trade_Bank_of_Iraq_logo.svg
486393,VISA,DEBIT,GOLD,BANK OF ALEXANDRIA,1 9 0 3 3 OR (02) 3938623 - 3913822 - 3916796,http://www.alexbank.com,EG,EGY,EGYPT,alexbank.com,https://commons.wikimedia.org/wiki/File:Alexbank_logo.svg
486398,VISA,DEBIT,,,,,BH,BHR,BAHRAIN,,
486650,VISA,CREDIT,PURCHASING,"CITIBANK, NATIONAL ASSOCIATION",,,AE,ARE,UNITED ARAB EMIRATES,citibank.com,https://commons.wikimedia.org/wiki/File:Citibank.svg
486653,VISA,CREDIT,PURCHASING,AL-RAJHI BANKING AND INVESTMENT CORPORATION,,,SA,SAU,SAUDI ARABIA,alrajhibank.com.sa,https://commons.wikimedia.org/wiki/File:Al_Rajhi_Bank_Logo.svg
486667,VISA,CREDIT,PURCHASING,"CITIBANK, NATIONAL ASSOCIATION",,,EG,EGY,EGYPT,citibank.com,https://commons.wikimedia.org/wiki/File:Citibank.svg
486675,VISA,CREDIT,PURCHASING,COMMERCIAL BANK OF DUBAI(PSC),,,AE,ARE,UNITED ARAB EMIRATES,cbd.ae,https://commons.wikimedia.org/wiki/File:Commercial_Bank_of_Dubai_logo.svg
486984,VISA,DEBIT,,,,,IQ,IRQ,IRAQ,,
487052,VISA,DEBIT,PREPAID,BLOM BANK S.A.L.,(961-1) 738938 - 743300 OR (961-1) 372780 - 370830 - 373102,http://www.blom.com.lb,LB,LBN,LEBANON,blom.com.lb,https://commons.wikimedia.org/wiki/File:BLOM_Bank_logo.svg
487402,VISA,DEBIT,PREPAID CLASSIC,ARAB JORDAN INVESTMENT BANK,,,JO,JOR,JORDAN,ajib.com,https://img.logo.dev/ajib.com?format=png&size=400
487404,VISA,CREDIT,BUSINESS,AL RAJHI BANKING AND INVESTMENT CORP.,4433 92 000 + 966 OR 33 334 601 +966,http://www.alrajhibank.com.sa,SA,SAU,SAUDI ARABIA,alrajhibank.com.sa,https://commons.wikimedia.org/wiki/File:Al_Rajhi_Bank_Logo.svg
487406,VISA,CREDIT,SIGNATURE,BANK DHOFAR (S.A.O.G.),+96824791111 / +96824790466,http://www.bankdhofar.com,OM,OMN,OMAN,bankdhofar.com,https://commons.wikimedia.org/wiki/File:Bank_Dhofar_logo.svg
487423,VISA,DEBIT,ELECTRON,CAIRO AMMAN BANK,+96265006000 / +96265006000,http://www.cab.jo,JO,JOR,JORDAN,cab.jo,https://commons.wikimedia.org/wiki/File:Cairo_Amman_Bank_logo.svg
487454,VISA,DEBIT,ELECTRON,CAIRO AMMAN BANK,+96265006000 / +96265006000,http://www.cab.jo,JO,JOR,JORDAN,cab.jo,https://commons.wikimedia.org/wiki/File:Cairo_Amman_Bank_logo.svg
487749,VISA,CREDIT,,,,,AE,ARE,UNITED ARAB EMIRATES,,
487766,VISA,CREDIT,,,,,AE,ARE,UNITED ARAB EMIRATES,,
487952,VISA,DEBIT,,BLOM,,,LB,LBN,LEBANON,,
488181,VISA,DEBIT,,,,,EG,EGY,EGYPT,,
488495,VISA,CREDIT,,,,,AE,ARE,UNITED ARAB EMIRATES,,
488520,VISA,DEBIT,,,,,EG,EGY,EGYPT,,
488526,VISA,CREDIT,,,,,SA,SAU,SAUDI ARABIA,,
488909,VISA,DEBIT,PREPAID PLATINUM,FIRST ABU DHABI BANK (PJSC),,,AE,ARE,UNITED ARAB EMIRATES,bankfab.com,https://commons.wikimedia.org/wiki/File:First_Abu_Dhabi_Bank_Logo.svg
488953,VISA,CREDIT,PLATINUM,NATIONAL BANK OF EGYPT,,http://www.nbe.com.eg,EG,EGY,EGYPT,nbe.com.eg,https://commons.wikimedia.org/wiki/File:National_Bank_of_Egypt_Logo.svg
488978,VISA,DEBIT,INFINITE,BANK OF BAHRAIN & KUWAIT B.S.C.,,,BH,BHR,BAHRAIN,bbkonline.com,https://commons.wikimedia.org/wiki/File:BBK_logo.svg
489003,VISA,CREDIT,,NETWORK INTERNATIONAL LLC,,,AE,ARE,UNITED ARAB EMIRATES,network.ae,https://img.logo.dev/network.ae?format=png&size=400
489004,VISA,CREDIT,,NETWORK INTERNATIONAL LLC,,,AE,ARE,UNITED ARAB EMIRATES,network.ae,https://img.logo.dev/network.ae?format=png&size=400
489005,VISA,CREDIT,,NETWORK INTERNATIONAL LLC,,,AE,ARE,UNITED ARAB EMIRATES,network.ae,https://img.logo.dev/network.ae?format=png&size=400
489009,VISA,CREDIT,PLATINUM,BANK OF BEIRUT SAL,,,LB,LBN,LEBANON,bankofbeirut.com,https://commons.wikimedia.org/wiki/File:Bank_of_Beirut_logo.svg
489015,VISA,DEBIT,PREPAID CLASSIC,THE COMMERCIAL BANK OF KUWAIT S.A.K.,,,KW,KWT,KUWAIT,cbk.com,https://commons.wikimedia.org/wiki/File:Commercial_Bank_of_Kuwait_logo.svg
489019,VISA,CREDIT,CORPORATE T&E,MASRAF AL RAYAN,+97444253333,http://www.alrayan.com,QA,QAT,QATAR,alrayan.com,https://commons.wikimedia.org/wiki/File:Masraf_Al_Rayan_logo.svg
489022,VISA,CREDIT,REWARDS,STC BANK,,,SA,SAU,SAUDI ARABIA,stcbank.com.sa,https://commons.wikimedia.org/wiki/File:Stc_pay_logo.svg
489075,VISA,CREDIT,SIGNATURE,SOHAR INTERNATIONAL BANK (S.A.O.G),,,OM,OMN,OMAN,soharinternational.com,https://commons.wikimedia.org/wiki/File:Sohar_International_logo.svg
489076,VISA,CREDIT,CORPORATE T&E,SOHAR INTERNATIONAL BANK (S.A.O.G),,,OM,OMN,OMAN,soharinternational.com,https://commons.wikimedia.org/wiki/File:Sohar_International_logo.svg
489090,VISA,CREDIT,INFINITE,BANK DHOFAR (S.A.O.G.),+96824791111 / +96824790466,http://www.bankdhofar.com,OM,OMN,OMAN,bankdhofar.com,https://commons.wikimedia.org/wiki/File:Bank_Dhofar_logo.svg
489091,VISA,DEBIT,PLATINUM,BANK DHOFAR (S.A.O.G.),+96824791111 / +96824790466,http://www.bankdhofar.com,OM,OMN,OMAN,bankdhofar.com,https://commons.wikimedia.org/wiki/File:Bank_Dhofar_logo.svg
489092,VISA,DEBIT,CLASSIC,FIRST ABU DHABI BANK (PJSC),,,EG,EGY,EGYPT,bankfab.com,https://commons.wikimedia.org/wiki/File:First_Abu_Dhabi_Bank_Logo.svg
489093,VISA,DEBIT,,BANKMED S.A.L.,+9611708090,http://www.bankmed.com.lb,LB,LBN,LEBANON,bankmed.com.lb,https://commons.wikimedia.org/wiki/File:BankMed_logo.svg
489168,VISA,DEBIT,PREPAID PLATINUM,ABU DHABI ISLAMIC BANK,+97126100600,http://www.adib.ae,AE,ARE,UNITED ARAB EMIRATES,adib.ae,https://commons.wikimedia.org/wiki/File:Abu_Dhabi_Islamic_Bank_Logo.svg
489189,VISA,DEBIT,CLASSIC,BYBLOS BANK SAL,,,LB,LBN,LEBANON,byblosbank.com,https://commons.wikimedia.org/wiki/File:Byblos_Bank_logo.svg
489266,VISA,DEBIT,CLASSIC,NATIONAL BANK OF EGYPT,,http://www.nbe.com.eg,EG,EGY,EGYPT,nbe.com.eg,https://commons.wikimedia.org/wiki/File:National_Bank_of_Egypt_Logo.svg
489303,VISA,DEBIT,CLASSIC,SOCIETE ARABE INTERNATIONALE DE BANQUE,,,EG,EGY,EGYPT,abe.com.eg,https://img.logo.dev/abe.com.eg?format=png&size=400
489304,VISA,DEBIT,PREPAID CLASSIC,BANQUE MISR,+20223912150,http://www.banquemisr.com,EG,EGY,EGYPT,banquemisr.com,https://commons.wikimedia.org/wiki/File:Banque_Misr_logo.svg
489305,VISA,DEBIT,,SOCIETE ARABE INTERNATIONALE DE BANQUE,,,EG,EGY,EGYPT,abe.com.eg,https://img.logo.dev/abe.com.eg?format=png&size=400
489306,VISA,CREDIT,PLATINUM,ABU DHABI ISLAMIC BANK,+97126100600,http://www.adib.ae,AE,ARE,UNITED ARAB EMIRATES,adib.ae,https://commons.wikimedia.org/wiki/File:Abu_Dhabi_Islamic_Bank_Logo.svg
489317,VISA,CREDIT,SIGNATURE BUSINESS,BANK AL JAZIRA,(966) 2 609 8888,http://www.baj.com.sa,SA,SAU,SAUDI ARABIA,baj.com.sa,https://commons.wikimedia.org/wiki/File:Aljazira_Bank_Logo.svg
489318,VISA,DEBIT,REWARDS,BANK AL JAZIRA,(966) 2 609 8888,http://www.baj.com.sa,SA,SAU,SAUDI ARABIA,baj.com.sa,https://commons.wikimedia.org/wiki/File:Aljazira_Bank_Logo.svg
489319,VISA,DEBIT,PLATINUM,BANK AL JAZIRA,(966) 2 609 8888,http://www.baj.com.sa,SA,SAU,SAUDI ARABIA,baj.com.sa,https://commons.wikimedia.org/wiki/File:Aljazira_Bank_Logo.svg
489322,VISA,DEBIT,CLASSIC,AGRICULTURAL BANK OF EGYPT (ABE),,,EG,EGY,EGYPT,abe.com.eg,https://img.logo.dev/abe.com.eg?format=png&size=400
489328,VISA,DEBIT,REWARDS,QATAR ISLAMIC BANK (S.A.Q.),+97444385555,,QA,QAT,QATAR,qib.com.qa,https://commons.wikimedia.org/wiki/File:Qatar_Islamic_Bank_Logo.svg
489329,VISA,CREDIT,PLATINUM,QATAR ISLAMIC BANK (S.A.Q.),+97444385555,,QA,QAT,QATAR,qib.com.qa,https://commons.wikimedia.org/wiki/File:Qatar_Islamic_Bank_Logo.svg
489330,VISA,CREDIT,PLATINUM,QATAR ISLAMIC BANK (S.A.Q.),+97444385555,,QA,QAT,QATAR,qib.com.qa,https://commons.wikimedia.org/wiki/File:Qatar_Islamic_Bank_Logo.svg
489336,VISA,DEBIT,PLATINUM,CREDIT LIBANAIS S.A.L.,+9611900111,http://www.creditlibanais.com.lb,LB,LBN,LEBANON,creditlibanais.com,https://commons.wikimedia.org/wiki/File:Credit_Libanais_logo.svg
489337,VISA,CREDIT,GOLD,FRANSABANK S.A.L.,+9611340180,http://www.fransabank.com,LB,LBN,LEBANON,fransabank.com,https://commons.wikimedia.org/wiki/File:Fransabank_logo.svg
489338,VISA,CREDIT,REWARDS,FRANSABANK S.A.L.,+9611340180,http://www.fransabank.com,LB,LBN,LEBANON,fransabank.com,https://commons.wikimedia.org/wiki/File:Fransabank_logo.svg
489447,VISA,DEBIT,PREPAID CLASSIC,BANK AL JAZIRA,(966) 2 609 8888,http://www.baj.com.sa,SA,SAU,SAUDI ARABIA,baj.com.sa,https://commons.wikimedia.org/wiki/File:Aljazira_Bank_Logo.svg
489555,VISA,DEBIT,SIGNATURE,BANK OF BAHRAIN & KUWAIT B.S.C.,,,BH,BHR,BAHRAIN,bbkonline.com,https://commons.wikimedia.org/wiki/File:BBK_logo.svg
489671,VISA,CREDIT,BUSINESS ENHANCED,STC BANK,,,SA,SAU,SAUDI ARABIA,stcbank.com.sa,https://commons.wikimedia.org/wiki/File:Stc_pay_logo.svg
489674,VISA,CREDIT,SIGNATURE BUSINESS,STC BANK,,,SA,SAU,SAUDI ARABIA,stcbank.com.sa,https://commons.wikimedia.org/wiki/File:Stc_pay_logo.svg
490191,VISA,CREDIT,PLATINUM,MASHREQBANK,+97143632250,http://www.mashreqbank.com,AE,ARE,UNITED ARAB EMIRATES,mashreqbank.com,https://commons.wikimedia.org/wiki/File:Mashreq_bank_logo.svg
490455,VISA,DEBIT,INFINITE,BOUBYAN BANK K.S.C.,,,KW,KWT,KUWAIT,bankboubyan.com,https://commons.wikimedia.org/wiki/File:Boubyan_Bank_logo.svg
490456,VISA,DEBIT,PLATINUM,BOUBYAN BANK K.S.C.,,,KW,KWT,KUWAIT,bankboubyan.com,https://commons.wikimedia.org/wiki/File:Boubyan_Bank_logo.svg
490496,VISA,CREDIT,PLATINUM,AL-SALAM BANK - BAHRAIN B.S.C.,,,BH,BHR,BAHRAIN,alsalambank.com,https://commons.wikimedia.org/wiki/File:Al_Salam_Bank_logo.svg
490745,VISA,DEBIT,PREPAID CLASSIC,AL BILAD BANK,9662918884,http://www.bankalbilad.com,SA,SAU,SAUDI ARABIA,bankalbilad.com,https://commons.wikimedia.org/wiki/File:Bank_Albilad_Logo.svg
490810,VISA,CREDIT,SIGNATURE BUSINESS,AL RAJHI BANKING AND INVESTMENT CORP.,4433 92 000 + 966 OR 33 334 601 +966,http://www.alrajhibank.com.sa,SA,SAU,SAUDI ARABIA,alrajhibank.com.sa,https://commons.wikimedia.org/wiki/File:Al_Rajhi_Bank_Logo.svg
490816,VISA,CREDIT,PLATINUM,EGYPTIAN ARAB LAND BANK,2023383691,https://www.eal-bank.com,JO,JOR,JORDAN,eal-bank.com,https://img.logo.dev/eal-bank.com?format=png&size=400
490903,VISA,CREDIT,CLASSIC,BANKMUSCAT (SAOG),,,OM,OMN,OMAN,bankmuscat.com,https://commons.wikimedia.org/wiki/File:Bank_Muscat_logo.svg
490905,VISA,CREDIT,GOLD,BANKMUSCAT (SAOG),,,OM,OMN,OMAN,bankmuscat.com,https://commons.wikimedia.org/wiki/File:Bank_Muscat_logo.svg
490917,VISA,DEBIT,PREPAID CLASSIC,ARAB NATIONAL BANK,,,SA,SAU,SAUDI ARABIA,anb.com.sa,https://commons.wikimedia.org/wiki/File:Anb_new_logo.svg
490921,VISA,DEBIT,ELECTRON,HSBC BANK OMAN S.A.O.G,,,OM,OMN,OMAN,hsbc.com,https://commons.wikimedia.org/wiki/File:HSBC_logo_(2018).svg
490951,VISA,CREDIT,REWARDS,BANQUE LIBANO-FRANCAISE SAL,,,LB,LBN,LEBANON,eblf.com,https://img.logo.dev/eblf.com?format=png&size=400
490952,VISA,CREDIT,REWARDS,BANQUE LIBANO-FRANCAISE SAL,,,LB,LBN,LEBANON,eblf.com,https://img.logo.dev/eblf.com?format=png&size=400
490953,VISA,CREDIT,REWARDS,BANQUE LIBANO-FRANCAISE SAL,,,LB,LBN,LEBANON,eblf.com,https://img.logo.dev/eblf.com?format=png&size=400
490954,VISA,CREDIT,INFINITE,BANQUE LIBANO-FRANCAISE SAL,,,LB,LBN,LEBANON,eblf.com,https://img.logo.dev/eblf.com?format=png&size=400
490955,VISA,DEBIT,CLASSIC,BANQUE LIBANO-FRANCAISE SAL,,,LB,LBN,LEBANON,eblf.com,https://img.logo.dev/eblf.com?format=png&size=400
490956,VISA,CREDIT,PLATINUM,BANQUE LIBANO-FRANCAISE SAL,,,LB,LBN,LEBANON,eblf.com,https://img.logo.dev/eblf.com?format=png&size=400
490980,VISA,DEBIT,PREPAID CLASSIC,AL RAJHI BANKING AND INVESTMENT CORP.,4433 92 000 + 966 OR 33 334 601 +966,http://www.alrajhibank.com.sa,SA,SAU,SAUDI ARABIA,alrajhibank.com.sa,https://commons.wikimedia.org/wiki/File:Al_Rajhi_Bank_Logo.svg
490981,VISA,CREDIT,PLATINUM,QATAR ISLAMIC BANK (S.A.Q.),+97444385555,,QA,QAT,QATAR,qib.com.qa,https://commons.wikimedia.org/wiki/File:Qatar_Islamic_Bank_Logo.svg
491208,VISA,CREDIT,,HSBC UAE,+97142241000,http://www.hsbc.ae,AE,ARE,UNITED ARAB EMIRATES,hsbc.com,https://commons.wikimedia.org/wiki/File:HSBC_logo_(2018).svg
491236,VISA,CREDIT,PLATINUM,HSBC BANK MIDDLE EAST,+97142241000,http://www.hsbc.ae,AE,ARE,UNITED ARAB EMIRATES,hsbc.com,https://commons.wikimedia.org/wiki/File:HSBC_logo_(2018).svg
491237,VISA,CREDIT,PLATINUM,HSBC BANK MIDDLE EAST,+97142241000,http://www.hsbc.ae,AE,ARE,UNITED ARAB EMIRATES,hsbc.com,https://commons.wikimedia.org/wiki/File:HSBC_logo_(2018).svg
491419,VISA,DEBIT,CLASSIC,OMAN ARAB BANK SAO,(800) 860-9227,,OM,OMN,OMAN,oman-arabbank.com,https://commons.wikimedia.org/wiki/File:Oman_Arab_Bank_logo.svg
491610,VISA,CREDIT,,ARAB NATIONAL BANK,,,SA,SAU,SAUDI ARABIA,anb.com.sa,https://commons.wikimedia.org/wiki/File:Anb_new_logo.svg
491651,VISA,DEBIT,ELECTRON,"COMMERCIAL BANK OF DUBAI, LTD.",,,AE,ARE,UNITED ARAB EMIRATES,cbd.ae,https://commons.wikimedia.org/wiki/File:Commercial_Bank_of_Dubai_logo.svg
491652,VISA,CREDIT,CORPORATE T&E,EMIRATES NBD BANK (P.J.S.C.),+971800456,http://www.emiratesnbd.com,AE,ARE,UNITED ARAB EMIRATES,emiratesnbd.com,https://commons.wikimedia.org/wiki/File:Emirates_NBD_logo.svg
491726,VISA,DEBIT,ELECTRON,CREDIT LIBANAIS S.A.L.,+9611900111,http://www.creditlibanais.com.lb,LB,LBN,LEBANON,creditlibanais.com,https://commons.wikimedia.org/wiki/File:Credit_Libanais_logo.svg
491727,VISA,CREDIT,BUSINESS ENHANCED,MASHREQBANK,+97143632250,http://www.mashreqbank.com,AE,ARE,UNITED ARAB EMIRATES,mashreqbank.com,https://commons.wikimedia.org/wiki/File:Mashreq_bank_logo.svg
491773,VISA,DEBIT,PREPAID BUSINESS,NYMCARD PAYMENT SERVICES L.L.C.,,,AE,ARE,UNITED ARAB EMIRATES,nymcard.com,https://img.logo.dev/nymcard.com?format=png&size=400
491797,VISA,CREDIT,SIGNATURE,HSBC BANK MIDDLE EAST,+97142241000,http://www.hsbc.ae,AE,ARE,UNITED ARAB EMIRATES,hsbc.com,https://commons.wikimedia.org/wiki/File:HSBC_logo_(2018).svg
491807,VISA,DEBIT,ELECTRON,MASHREQBANK,+97444083111,http://www.mashreqbank.com,QA,QAT,QATAR,mashreqbank.com,https://commons.wikimedia.org/wiki/File:Mashreq_bank_logo.svg
491809,VISA,CREDIT,SIGNATURE,HSBC BANK MIDDLE EAST,+97142241000,http://www.hsbc.ae,AE,ARE,UNITED ARAB EMIRATES,hsbc.com,https://commons.wikimedia.org/wiki/File:HSBC_logo_(2018).svg
491810,VISA,CREDIT,INFINITE,HSBC BANK MIDDLE EAST,+97142241000,http://www.hsbc.ae,AE,ARE,UNITED ARAB EMIRATES,hsbc.com,https://commons.wikimedia.org/wiki/File:HSBC_logo_(2018).svg
492067,VISA,CREDIT,,"COMMERCIAL BANK OF DUBAI, LTD.",,,AE,ARE,UNITED ARAB EMIRATES,cbd.ae,https://commons.wikimedia.org/wiki/File:Commercial_Bank_of_Dubai_logo.svg
492082,VISA,CREDIT,PLATINUM,"CITIBANK, NATIONAL ASSOCIATION",,,AE,ARE,UNITED ARAB EMIRATES,citibank.com,https://commons.wikimedia.org/wiki/File:Citibank.svg
492087,VISA,CREDIT,PLATINUM,"CITIBANK, NATIONAL ASSOCIATION",,,AE,ARE,UNITED ARAB EMIRATES,citibank.com,https://commons.wikimedia.org/wiki/File:Citibank.svg
492091,VISA,CREDIT,CLASSIC,EMIRATES NBD BANK (P.J.S.C.),+971800456,http://www.emiratesnbd.com,AE,ARE,UNITED ARAB EMIRATES,emiratesnbd.com,https://commons.wikimedia.org/wiki/File:Emirates_NBD_logo.svg
492092,VISA,CREDIT,REWARDS,EMIRATES NBD BANK (P.J.S.C.),+971800456,http://www.emiratesnbd.com,AE,ARE,UNITED ARAB EMIRATES,emiratesnbd.com,https://commons.wikimedia.org/wiki/File:Emirates_NBD_logo.svg
492096,VISA,DEBIT,PREPAID PLATINUM,FIRST ABU DHABI BANK (PJSC),,,AE,ARE,UNITED ARAB EMIRATES,bankfab.com,https://commons.wikimedia.org/wiki/File:First_Abu_Dhabi_Bank_Logo.svg
492145,VISA,CREDIT,SIGNATURE,BARRAQ FINANCE COMPANY,,,SA,SAU,SAUDI ARABIA,barraq.com,https://img.logo.dev/barraq.com?format=png&size=400
492186,VISA,CREDIT,INFINITE,FIRST ABU DHABI BANK (PJSC),,,AE,ARE,UNITED ARAB EMIRATES,bankfab.com,https://commons.wikimedia.org/wiki/File:First_Abu_Dhabi_Bank_Logo.svg
492190,VISA,DEBIT,PLATINUM,BURGAN BANK (S.A.K.),,,KW,KWT,KUWAIT,burgan.com,https://commons.wikimedia.org/wiki/File:Burgan_Bank_logo.svg
492237,VISA,CREDIT,ULTRA HIGH NET WORTH,EMIRATES NBD BANK (P.J.S.C.),+971800456,http://www.emiratesnbd.com,AE,ARE,UNITED ARAB EMIRATES,emiratesnbd.com,https://commons.wikimedia.org/wiki/File:Emirates_NBD_logo.svg
492464,VISA,DEBIT,CLASSIC,QATAR NATIONAL BANK (Q.P.S.C.),,,SA,SAU,SAUDI ARABIA,qnb.com,https://commons.wikimedia.org/wiki/File:Qatar_National_Bank_Logo.svg
492825,VISA,DEBIT,ATM CARD,,,,EG,EGY,EGYPT,,
492839,VISA,DEBIT,ATM CARD,,,,IL,ISR,ISRAEL,,
493192,VISA,CREDIT,GOLD,SOHAR INTERNATIONAL BANK (S.A.O.G),,,OM,OMN,OMAN,soharinternational.com,https://commons.wikimedia.org/wiki/File:Sohar_International_logo.svg
493306,VISA,DEBIT,,,,,EG,EGY,EGYPT,,
493395,VISA,CREDIT,,,,,IL,ISR,ISRAEL,,
493428,VISA,DEBIT,PLATINUM,ARAB NATIONAL BANK,,,SA,SAU,SAUDI ARABIA,anb.com.sa,https://commons.wikimedia.org/wiki/File:Anb_new_logo.svg
493475,VISA,DEBIT,PLATINUM,"NATIONAL BANK OF KUWAIT, S.A.K.",+97317583333,http://www.nbk.com,BH,BHR,BAHRAIN,nbk.com,https://commons.wikimedia.org/wiki/File:National_Bank_of_Kuwait_logo.svg
493528,VISA,DEBIT,PLATINUM,ATTIJARIWAFA BANK EGYPT S.A.E,,,EG,EGY,EGYPT,attijariwafabank.com.eg,https://commons.wikimedia.org/wiki/File:Attijariwafa_Bank_logo.svg
493749,VISA,DEBIT,PREPAID CLASSIC,FIRST ABU DHABI BANK (PJSC),,,AE,ARE,UNITED ARAB EMIRATES,bankfab.com,https://commons.wikimedia.org/wiki/File:First_Abu_Dhabi_Bank_Logo.svg
493750,VISA,CREDIT,SIGNATURE,FIRST ABU DHABI BANK (PJSC),,,AE,ARE,UNITED ARAB EMIRATES,bankfab.com,https://commons.wikimedia.org/wiki/File:First_Abu_Dhabi_Bank_Logo.svg
493814,VISA,CREDIT,CORPORATE T&E,CREDIMAX B.S.C. (CLOSED),,,BH,BHR,BAHRAIN,max.co.il,https://commons.wikimedia.org/wiki/File:Max_It_Finance_logo.svg
493816,VISA,CREDIT,CLASSIC,"QATAR NATIONAL BANK, S. A. Q.",,,QA,QAT,QATAR,qnb.com,https://commons.wikimedia.org/wiki/File:Qatar_National_Bank_Logo.svg
493818,VISA,CREDIT,PLATINUM,QATAR NATIONAL BANK (Q.P.S.C.),,,QA,QAT,QATAR,qnb.com,https://commons.wikimedia.org/wiki/File:Qatar_National_Bank_Logo.svg
493838,VISA,CREDIT,CLASSIC,CREDIMAX B.S.C. (CLOSED),,,BH,BHR,BAHRAIN,max.co.il,https://commons.wikimedia.org/wiki/File:Max_It_Finance_logo.svg
493845,VISA,CREDIT,PLATINUM,FIRST ABU DHABI BANK (PJSC),,,AE,ARE,UNITED ARAB EMIRATES,bankfab.com,https://commons.wikimedia.org/wiki/File:First_Abu_Dhabi_Bank_Logo.svg
493985,VISA,CREDIT,,,,,SA,SAU,SAUDI ARABIA,,
494029,VISA,CREDIT,INFINITE,EMIRATES NBD BANK (P.J.S.C.),+971800456,http://www.emiratesnbd.com,AE,ARE,UNITED ARAB EMIRATES,emiratesnbd.com,https://commons.wikimedia.org/wiki/File:Emirates_NBD_logo.svg
494047,VISA,DEBIT,BUSINESS ENHANCED,QATAR INTERNATIONAL ISLAMIC BANK,,http://www.qiib.com.qa,QA,QAT,QATAR,qiib.com.qa,https://commons.wikimedia.org/wiki/File:QIIB_logo.svg
494055,VISA,CREDIT,,UNITED MIZRAHI BANK,44 226 86 86,http://www.mizrahi-tefahot.co.il,IL,ISR,ISRAEL,mizrahi-tefahot.co.il,https://img.logo.dev/mizrahi-tefahot.co.il?format=png&size=400
494073,VISA,DEBIT,CLASSIC,HOUSING BANK FOR TRADE AND FINANCE,(962-6) 5678121 - 5691675,http://www.hbtf.com,JO,JOR,JORDAN,hbtf.com,https://commons.wikimedia.org/wiki/File:Housing_Bank_for_Trade_and_Finance_logo.svg
494074,VISA,DEBIT,GOLD,HOUSING BANK FOR TRADE AND FINANCE,(962-6) 5678121 - 5691675,http://www.hbtf.com,JO,JOR,JORDAN,hbtf.com,https://commons.wikimedia.org/wiki/File:Housing_Bank_for_Trade_and_Finance_logo.svg
494110,VISA,DEBIT,PREPAID PLATINUM,NYMCARD PAYMENT SERVICES L.L.C.,,,AE,ARE,UNITED ARAB EMIRATES,nymcard.com,https://img.logo.dev/nymcard.com?format=png&size=400
494111,VISA,DEBIT,BUSINESS,MASHREQBANK,+97143632250,http://www.mashreqbank.com,AE,ARE,UNITED ARAB EMIRATES,mashreqbank.com,https://commons.wikimedia.org/wiki/File:Mashreq_bank_logo.svg
494329,VISA,DEBIT,BUSINESS,AL RAJHI BANKING AND INVESTMENT CORP.,4433 92 000 + 966 OR 33 334 601 +966,http://www.alrajhibank.com.sa,SA,SAU,SAUDI ARABIA,alrajhibank.com.sa,https://commons.wikimedia.org/wiki/File:Al_Rajhi_Bank_Logo.svg
494506,VISA,DEBIT,,,,,EG,EGY,EGYPT,,
494509,VISA,DEBIT,,,,,EG,EGY,EGYPT,,
494606,VISA,DEBIT,PLATINUM,NATIONAL BANK OF EGYPT,,http://www.nbe.com.eg,EG,EGY,EGYPT,nbe.com.eg,https://commons.wikimedia.org/wiki/File:National_Bank_of_Egypt_Logo.svg
494607,VISA,DEBIT,BUSINESS,NATIONAL BANK OF EGYPT,,http://www.nbe.com.eg,EG,EGY,EGYPT,nbe.com.eg,https://commons.wikimedia.org/wiki/File:National_Bank_of_Egypt_Logo.svg
494608,VISA,CREDIT,CLASSIC,NATIONAL BANK OF EGYPT,,http://www.nbe.com.eg,EG,EGY,EGYPT,nbe.com.eg,https://commons.wikimedia.org/wiki/File:National_Bank_of_Egypt_Logo.svg
494609,VISA,DEBIT,PREPAID CLASSIC,NATIONAL BANK OF EGYPT,,http://www.nbe.com.eg,EG,EGY,EGYPT,nbe.com.eg,https://commons.wikimedia.org/wiki/File:National_Bank_of_Egypt_Logo.svg
494683,VISA,DEBIT,PREPAID PLATINUM,THE HOUSING BANK FOR TRADE & FINANCE,,,JO,JOR,JORDAN,hbtf.com,https://commons.wikimedia.org/wiki/File:Housing_Bank_for_Trade_and_Finance_logo.svg
494705,VISA,CREDIT,,,,,KW,KWT,KUWAIT,,
495216,VISA,DEBIT,,,,,EG,EGY,EGYPT,,
495485,VISA,DEBIT,,,,,EG,EGY,EGYPT,,
495541,VISA,CREDIT,,,,,AE,ARE,UNITED ARAB EMIRATES,,
495892,VISA,CREDIT,,,,,SA,SAU,SAUDI ARABIA,,
495932,VISA,CREDIT,,,,,IL,ISR,ISRAEL,,
496635,VISA,CREDIT,SIGNATURE,FIRST ABU DHABI BANK (PJSC),,,AE,ARE,UNITED ARAB EMIRATES,bankfab.com,https://commons.wikimedia.org/wiki/File:First_Abu_Dhabi_Bank_Logo.svg
496649,VISA,CREDIT,PLATINUM,SAMBA FINANCIAL GROUP,+9668001242000,http://www.samba.com,SA,SAU,SAUDI ARABIA,alahli.com,https://commons.wikimedia.org/wiki/File:Saudi_National_Bank_Logo.svg
496655,VISA,CREDIT,REWARDS,BANQUE SAUDI FRANSI,966 1 289 9999 OR 966 1 874 4000,http://www.alfransi.com.sa,SA,SAU,SAUDI ARABIA,alfransi.com.sa,https://commons.wikimedia.org/wiki/File:Banque_Saudi_Fransi_Logo.svg
496920,VISA,DEBIT,,,,,EG,EGY,EGYPT,,
496936,VISA,DEBIT,,,,,EG,EGY,EGYPT,,
496998,VISA,DEBIT,,,,,EG,EGY,EGYPT,,
497143,VISA,DEBIT,PREPAID CLASSIC,BANKMED SAL,,,LB,LBN,LEBANON,bankmed.com.lb,https://commons.wikimedia.org/wiki/File:BankMed_logo.svg
497145,VISA,CREDIT,PLATINUM,MASRAF AL RAYAN,+97444253333,http://www.alrayan.com,QA,QAT,QATAR,alrayan.com,https://commons.wikimedia.org/wiki/File:Masraf_Al_Rayan_logo.svg
498432,VISA,DEBIT,PLATINUM,ABU DHABI ISLAMIC BANK,+97126100600,http://www.adib.ae,AE,ARE,UNITED ARAB EMIRATES,adib.ae,https://commons.wikimedia.org/wiki/File:Abu_Dhabi_Islamic_Bank_Logo.svg
498495,VISA,CREDIT,GOLD,KUWAIT FINANCE HOUSE,+9651803333,http://www.kfh.com,KW,KWT,KUWAIT,financehouse.ae,https://img.logo.dev/financehouse.ae?format=png&size=400
498622,VISA,CREDIT,INFINITE,QATAR ISLAMIC BANK (S.A.Q.),+97444385555,,QA,QAT,QATAR,qib.com.qa,https://commons.wikimedia.org/wiki/File:Qatar_Islamic_Bank_Logo.svg
498778,VISA,DEBIT,GOLD,EMIRATES NBD BANK (P.J.S.C.),+971800456,http://www.emiratesnbd.com,AE,ARE,UNITED ARAB EMIRATES,emiratesnbd.com,https://commons.wikimedia.org/wiki/File:Emirates_NBD_logo.svg
498813,VISA,DEBIT,CLASSIC,BANQUE MISR,+20223912150,http://www.banquemisr.com,EG,EGY,EGYPT,banquemisr.com,https://commons.wikimedia.org/wiki/File:Banque_Misr_logo.svg
498814,VISA,DEBIT,BUSINESS,BANQUE MISR,+20223912150,http://www.banquemisr.com,EG,EGY,EGYPT,banquemisr.com,https://commons.wikimedia.org/wiki/File:Banque_Misr_logo.svg
498835,VISA,DEBIT,CLASSIC,ABU DHABI COMMERCIAL BANK - ADCB - EGYPT,,,EG,EGY,EGYPT,adcb.com,https://commons.wikimedia.org/wiki/File:Abu_Dhabi_Commercial_Bank_Logo.svg
498839,VISA,CREDIT,GOLD,BANQUE MISR,+20223912150,http://www.banquemisr.com,EG,EGY,EGYPT,banquemisr.com,https://commons.wikimedia.org/wiki/File:Banque_Misr_logo.svg
498880,VISA,CREDIT,CLASSIC,BANQUE MISR,+20223912150,http://www.banquemisr.com,EG,EGY,EGYPT,banquemisr.com,https://commons.wikimedia.org/wiki/File:Banque_Misr_logo.svg
498881,VISA,CREDIT,CLASSIC,BANQUE MISR,+20223912150,http://www.banquemisr.com,EG,EGY,EGYPT,banquemisr.com,https://commons.wikimedia.org/wiki/File:Banque_Misr_logo.svg
498884,VISA,CREDIT,PLATINUM,COMMERCIAL BANK OF QATAR (Q.S.C.),+97444490000,http://www.cbq.com.qa,QA,QAT,QATAR,cbq.qa,https://commons.wikimedia.org/wiki/File:Commercial_Bank_of_Qatar_Logo.svg
498896,VISA,CREDIT,INFINITE,JORDAN AHLI BANK,+96265007777,http://www.ahli.com,JO,JOR,JORDAN,ahlibank.com.jo,https://commons.wikimedia.org/wiki/File:Jordan_Ahli_Bank_logo.svg
499823,VISA,CREDIT,SIGNATURE BUSINESS,CEDRUS BANK SAL,,,LB,LBN,LEBANON,,
501205,MAESTRO,DEBIT,STANDARD,,,,IL,ISR,ISRAEL,,
501639,LOCAL BRAND,DEBIT,,NATIONAL BANK OF BAHRAIN,,,AE,ARE,UNITED ARAB EMIRATES,nbbonline.com,https://commons.wikimedia.org/wiki/File:National_Bank_of_Bahrain_logo.svg
501828,MAESTRO,DEBIT,STANDARD,,,,SA,SAU,SAUDI ARABIA,,
502122,MAESTRO,DEBIT,,,,,LB,LBN,LEBANON,,
502132,MAESTRO,DEBIT,STANDARD,,,,BH,BHR,BAHRAIN,,
502225,MAESTRO,DEBIT,STANDARD,,,,EG,EGY,EGYPT,,
503808,MAESTRO,DEBIT,STANDARD,,,,IL,ISR,ISRAEL,,
503857,MAESTRO,DEBIT,STANDARD,,,,SY,SYR,SYRIAN ARAB REPUBLIC,,
503948,MAESTRO,DEBIT,STANDARD,,,,IL,ISR,ISRAEL,,
504300,MAESTRO,DEBIT,STANDARD,BANK AL-JAZIRA,,,SA,SAU,SAUDI ARABIA,,
504342,MAESTRO,DEBIT,STANDARD,,,,AE,ARE,UNITED ARAB EMIRATES,,
504716,MAESTRO,DEBIT,STANDARD,,,,AE,ARE,UNITED ARAB EMIRATES,,
505590,MAESTRO,DEBIT,,,,,AE,ARE,UNITED ARAB EMIRATES,,
505823,CMI,DEBIT,MEEZA,SGMA,,,EG,EGY,EGYPT,,
506482,MAESTRO,DEBIT,,,,,JO,JOR,JORDAN,,
506623,MAESTRO,DEBIT,STANDARD,,,,EG,EGY,EGYPT,,
506652,MAESTRO,DEBIT,STANDARD,,,,EG,EGY,EGYPT,,
506968,MAESTRO,DEBIT,PREPAID,AL RAJHI BANKING AND INVESTMENT CORP.,4433 92 000 + 966 OR 33 334 601 +966,http://www.alrajhibank.com.sa,SA,SAU,SAUDI ARABIA,alrajhibank.com.sa,https://commons.wikimedia.org/wiki/File:Al_Rajhi_Bank_Logo.svg
507803,MEEZA,DEBIT,STANDARD,EGYPTIAN BANKS COMPANY FOR TECHNOLOGICAL ADVANCEMENTS,,,EG,EGY,EGYPT,ebc-egypt.com,https://img.logo.dev/ebc-egypt.com?format=png&size=400
507808,MEEZA,DEBIT,STANDARD,EGYPTIAN BANKS COMPANY FOR TECHNOLOGICAL ADVANCEMENTS,,,EG,EGY,EGYPT,ebc-egypt.com,https://img.logo.dev/ebc-egypt.com?format=png&size=400
507809,MEEZA,DEBIT,STANDARD,,,,EG,EGY,EGYPT,,
507810,MEEZA,DEBIT,STANDARD,EGYPTIAN BANKS COMPANY FOR TECHNOLOGICAL ADVANCEMENTS,,,EG,EGY,EGYPT,ebc-egypt.com,https://img.logo.dev/ebc-egypt.com?format=png&size=400
508160,MAESTRO,DEBIT,,SAUDI AMERICAN BANK,,http://www.sabb.com,SA,SAU,SAUDI ARABIA,alahli.com,https://commons.wikimedia.org/wiki/File:Saudi_National_Bank_Logo.svg
510016,MASTERCARD,CREDIT,PLATINUM,UNITED BANK S.E.A.,,,EG,EGY,EGYPT,,
510037,MASTERCARD,CREDIT,MIXED PRODUCT,ALAWWAL BANK,,,SA,SAU,SAUDI ARABIA,sab.com,https://commons.wikimedia.org/wiki/File:Saudi_Awwal_Bank_Logo.svg
510042,MASTERCARD,DEBIT,PREPAID PLATINUM TRAVEL,COMMERCIAL BANK OF KUWAIT S.A.K.,,,KW,KWT,KUWAIT,cbk.com,https://commons.wikimedia.org/wiki/File:Commercial_Bank_of_Kuwait_logo.svg
510046,MASTERCARD,CREDIT,STANDARD,ISRAEL CREDIT CARDS LTD.,,,IL,ISR,ISRAEL,cal-online.co.il,https://commons.wikimedia.org/wiki/File:Cal_Israel_Credit_Cards_logo.svg
510049,MASTERCARD,CREDIT,STANDARD,"MAX IT FINANCE, LTD.",,,IL,ISR,ISRAEL,max.co.il,https://commons.wikimedia.org/wiki/File:Max_It_Finance_logo.svg
510062,MASTERCARD,CREDIT,GOLD,SOHAR INTERNATIONAL BANK SAOG,,,OM,OMN,OMAN,soharinternational.com,https://commons.wikimedia.org/wiki/File:Sohar_International_logo.svg
510081,MASTERCARD,CREDIT,STANDARD,FIRST ABU DHABI BANK PJSC,+971600525500,https://www.bankfab.com,AE,ARE,UNITED ARAB EMIRATES,bankfab.com,https://commons.wikimedia.org/wiki/File:First_Abu_Dhabi_Bank_Logo.svg
510085,MASTERCARD,CREDIT,STANDARD,BBAC S.A.L.,,,LB,LBN,LEBANON,,
510090,MASTERCARD,CREDIT,STANDARD,NETWORK INTERNATIONAL LLC,,,EG,EGY,EGYPT,network.ae,https://img.logo.dev/network.ae?format=png&size=400
510097,MASTERCARD,CREDIT,PLATINUM,FIRST ABU DHABI BANK PJSC,+971600525500,https://www.bankfab.com,AE,ARE,UNITED ARAB EMIRATES,bankfab.com,https://commons.wikimedia.org/wiki/File:First_Abu_Dhabi_Bank_Logo.svg
510113,MASTERCARD,CREDIT,PLATINUM,THE NATIONAL BANK PLC,,,PS,PSE,"PALESTINIAN TERRITORY, OCCUPIED",tnb.ps,https://img.logo.dev/tnb.ps?format=png&size=400
510146,MASTERCARD,CREDIT,B2B,INFINIOS FINANCIAL SERVICES B.S.C. CLOSED,,,BH,BHR,BAHRAIN,infinios.com,https://img.logo.dev/infinios.com?format=png&size=400
510167,MASTERCARD,DEBIT,PREPAID,INTERNATIONAL ISLAMIC BANK,,,IQ,IRQ,IRAQ,,
510192,MASTERCARD,CREDIT,WORLD,THE BANK OF JORDAN,,,JO,JOR,JORDAN,bankofjordan.com,https://commons.wikimedia.org/wiki/File:Bank_of_Jordan_logo.svg
510251,MASTERCARD,DEBIT,STANDARD,"NETWORK INTERNATIONAL ARABIA, LTD.",,,SA,SAU,SAUDI ARABIA,network.ae,https://img.logo.dev/network.ae?format=png&size=400
510375,MASTERCARD,DEBIT,STANDARD,ARAB FINANCIAL SERVICES COMPANY B.S.C. (C),,,BH,BHR,BAHRAIN,afs.com.bh,https://img.logo.dev/afs.com.bh?format=png&size=400
510389,MASTERCARD,DEBIT,TITANIUM,ABU DHABI COMMERCIAL BANK,+97126962222,http://www.adcb.com,AE,ARE,UNITED ARAB EMIRATES,adcb.com,https://commons.wikimedia.org/wiki/File:Abu_Dhabi_Commercial_Bank_Logo.svg
510413,MASTERCARD,DEBIT,PREPAID,JORDANIAN ELAF FOR INTEGRATED SOLUTIONS,,,JO,JOR,JORDAN,,
510414,MASTERCARD,DEBIT,PLATINUM,"SUEZ CANAL BANK, S.A.E.",,,EG,EGY,EGYPT,scbank.com.eg,https://commons.wikimedia.org/wiki/File:Suez_Canal_Bank_logo.svg
510422,MASTERCARD,DEBIT,STANDARD,COMMERCIAL INTERNATIONAL BANK (EGYPT) S.A.E.,971 - 4 - 3589381,http://www.cibeg.com,EG,EGY,EGYPT,cibeg.com,https://commons.wikimedia.org/wiki/File:CIB_Logo.svg
510435,MASTERCARD,CREDIT,STANDARD,NATIONAL BANK OF EGYPT,,http://www.nbe.com.eg,EG,EGY,EGYPT,nbe.com.eg,https://commons.wikimedia.org/wiki/File:National_Bank_of_Egypt_Logo.svg
510451,MASTERCARD,DEBIT,STANDARD,FRANSABANK SAL,,,LB,LBN,LEBANON,fransabank.com,https://commons.wikimedia.org/wiki/File:Fransabank_logo.svg
510459,MASTERCARD,DEBIT,STANDARD,FRANSABANK SAL,,,LB,LBN,LEBANON,fransabank.com,https://commons.wikimedia.org/wiki/File:Fransabank_logo.svg
510461,MASTERCARD,DEBIT,GOLD,SOHAR INTERNATIONAL BANK SAOG,,,OM,OMN,OMAN,soharinternational.com,https://commons.wikimedia.org/wiki/File:Sohar_International_logo.svg
510463,MASTERCARD,DEBIT,WORLD,DUKHAN BANK Q.P.S.C.,,,QA,QAT,QATAR,dukhanbank.com,https://commons.wikimedia.org/wiki/File:Dukhan_Bank_logo.svg
510468,MASTERCARD,CREDIT,,NETWORK INTERNATIONAL LLC,,,AE,ARE,UNITED ARAB EMIRATES,network.ae,https://img.logo.dev/network.ae?format=png&size=400
510469,MASTERCARD,DEBIT,PREPAID,CAPITAL BANK OF JORDAN,,,JO,JOR,JORDAN,bankofjordan.com,https://commons.wikimedia.org/wiki/File:Bank_of_Jordan_logo.svg
510470,MASTERCARD,DEBIT,ELECTRON,,,,AE,ARE,UNITED ARAB EMIRATES,,
510471,MASTERCARD,DEBIT,PREPAID,COMMERCIAL BANK OF QATAR Q.S.C,,,QA,QAT,QATAR,cbq.qa,https://commons.wikimedia.org/wiki/File:Commercial_Bank_of_Qatar_Logo.svg
510474,MASTERCARD,DEBIT,PREPAID,NATIONAL BANK OF EGYPT,,http://www.nbe.com.eg,EG,EGY,EGYPT,nbe.com.eg,https://commons.wikimedia.org/wiki/File:National_Bank_of_Egypt_Logo.svg
510479,MASTERCARD,DEBIT,ELECTRON,FRANSABANK S.A.L.,+9611340180,http://www.fransabank.com,LB,LBN,LEBANON,fransabank.com,https://commons.wikimedia.org/wiki/File:Fransabank_logo.svg
510482,MASTERCARD,DEBIT,STANDARD,COMMERCIAL INTERNATIONAL BANK (EGYPT) S.A.E.,971 - 4 - 3589381,http://www.cibeg.com,EG,EGY,EGYPT,cibeg.com,https://commons.wikimedia.org/wiki/File:CIB_Logo.svg
510487,MASTERCARD,DEBIT,PREPAID,EMIRATES NBD,+971800456,http://www.emiratesnbd.com,AE,ARE,UNITED ARAB EMIRATES,emiratesnbd.com,https://commons.wikimedia.org/wiki/File:Emirates_NBD_logo.svg
510493,MASTERCARD,CREDIT,TITANIUM,BANQUE DU CAIRE,+20222648410,http://www.bdc.com.eg,EG,EGY,EGYPT,bdc.com.eg,https://commons.wikimedia.org/wiki/File:Banque_du_Caire_logo.svg
510497,MASTERCARD,DEBIT,PREPAID,NATIONAL BANK OF EGYPT,,http://www.nbe.com.eg,EG,EGY,EGYPT,nbe.com.eg,https://commons.wikimedia.org/wiki/File:National_Bank_of_Egypt_Logo.svg
510501,MASTERCARD,DEBIT,PREPAID,NATIONAL BANK OF EGYPT,,http://www.nbe.com.eg,EG,EGY,EGYPT,nbe.com.eg,https://commons.wikimedia.org/wiki/File:National_Bank_of_Egypt_Logo.svg
510502,MASTERCARD,DEBIT,GOLD,NATIONAL BANK OF EGYPT,,http://www.nbe.com.eg,EG,EGY,EGYPT,nbe.com.eg,https://commons.wikimedia.org/wiki/File:National_Bank_of_Egypt_Logo.svg
510504,MASTERCARD,DEBIT,BUSINESS,NATIONAL BANK OF EGYPT,,http://www.nbe.com.eg,EG,EGY,EGYPT,nbe.com.eg,https://commons.wikimedia.org/wiki/File:National_Bank_of_Egypt_Logo.svg
510519,MASTERCARD,DEBIT,PREPAID,BANQUE MISR,+20223912150,http://www.banquemisr.com,EG,EGY,EGYPT,banquemisr.com,https://commons.wikimedia.org/wiki/File:Banque_Misr_logo.svg
510520,MASTERCARD,DEBIT,PREPAID,BANQUE MISR,+20223912150,http://www.banquemisr.com,EG,EGY,EGYPT,banquemisr.com,https://commons.wikimedia.org/wiki/File:Banque_Misr_logo.svg
510521,MASTERCARD,DEBIT,PREPAID,BANQUE MISR,+20223912150,http://www.banquemisr.com,EG,EGY,EGYPT,banquemisr.com,https://commons.wikimedia.org/wiki/File:Banque_Misr_logo.svg
510522,MASTERCARD,CREDIT,WORLD ELITE,"SUEZ CANAL BANK, S.A.E.",,,EG,EGY,EGYPT,scbank.com.eg,https://commons.wikimedia.org/wiki/File:Suez_Canal_Bank_logo.svg
510523,MASTERCARD,DEBIT,PREPAID,COMMERCIAL INTERNATIONAL BANK (EGYPT) S.A.E.,971 - 4 - 3589381,http://www.cibeg.com,EG,EGY,EGYPT,cibeg.com,https://commons.wikimedia.org/wiki/File:CIB_Logo.svg
510531,MASTERCARD,CREDIT,STANDARD,CSCBANK SAL,,,LB,LBN,LEBANON,cscbank.com,https://img.logo.dev/cscbank.com?format=png&size=400
510533,MASTERCARD,DEBIT,PREPAID,CSCBANK SAL,,,LB,LBN,LEBANON,cscbank.com,https://img.logo.dev/cscbank.com?format=png&size=400
510543,MASTERCARD,DEBIT,PREPAID PLATINUM TRAVEL,BAHRAIN COMMERCIAL FACILITIES COMPANY BSC,,,BH,BHR,BAHRAIN,bahrainfacilities.com,https://img.logo.dev/bahrainfacilities.com?format=png&size=400
510546,MASTERCARD,CREDIT,WORLD,KUWAIT FINANCE HOUSE K.S.C.,+9651803333,http://www.kfh.com,KW,KWT,KUWAIT,financehouse.ae,https://img.logo.dev/financehouse.ae?format=png&size=400
510657,MASTERCARD,CREDIT,B2B,INFINIOS FINANCIAL SERVICES B.S.C. CLOSED,,,BH,BHR,BAHRAIN,infinios.com,https://img.logo.dev/infinios.com?format=png&size=400
510692,MASTERCARD,CREDIT,WORLD ELITE,BOUBYAN BANK,,,KW,KWT,KUWAIT,bankboubyan.com,https://commons.wikimedia.org/wiki/File:Boubyan_Bank_logo.svg
510723,MASTERCARD,DEBIT,STANDARD,QATAR NATIONAL BANK,,http://www.qnb.com.qa,OM,OMN,OMAN,qnb.com,https://commons.wikimedia.org/wiki/File:Qatar_National_Bank_Logo.svg
510727,MASTERCARD,DEBIT,PREPAID PLATINUM TRAVEL,SINNAD W.L.L.,,,BH,BHR,BAHRAIN,,
510751,MASTERCARD,DEBIT,STANDARD,"IRAQ ELECTRONIC GATE FOR FINANCIAL SERVICES CO, LTD.",,,IQ,IRQ,IRAQ,qicard.net,https://commons.wikimedia.org/wiki/File:Qi_card_logo.svg
510859,MASTERCARD,CREDIT,BUSINESS,BANK HAPOALIM B.M.,,,IL,ISR,ISRAEL,bankhapoalim.co.il,https://commons.wikimedia.org/wiki/File:Bank_Hapoalim_Logo.svg
510924,MASTERCARD,CREDIT,PLATINUM,"NETWORK INTERNATIONAL ARABIA, LTD.",,,SA,SAU,SAUDI ARABIA,network.ae,https://img.logo.dev/network.ae?format=png&size=400
510990,MASTERCARD,DEBIT,STANDARD,AHLI UNITED BANK B.S.C.,+97317710559,http://www.ahliunited.com,BH,BHR,BAHRAIN,ahliunited.com,https://commons.wikimedia.org/wiki/File:Ahli_United_Bank_logo.svg
511131,MASTERCARD,CREDIT,PLATINUM,"SUEZ CANAL BANK, S.A.E.",,,EG,EGY,EGYPT,scbank.com.eg,https://commons.wikimedia.org/wiki/File:Suez_Canal_Bank_logo.svg
511162,MASTERCARD,CREDIT,B2B,INFINIOS FINANCIAL SERVICES B.S.C. CLOSED,,,BH,BHR,BAHRAIN,infinios.com,https://img.logo.dev/infinios.com?format=png&size=400
511249,MASTERCARD,CREDIT,GOLD,BANK ALJAZIRA,,,SA,SAU,SAUDI ARABIA,baj.com.sa,https://commons.wikimedia.org/wiki/File:Aljazira_Bank_Logo.svg
511256,MASTERCARD,CREDIT,GOLD,"NETWORK INTERNATIONAL ARABIA, LTD.",,,SA,SAU,SAUDI ARABIA,network.ae,https://img.logo.dev/network.ae?format=png&size=400
511290,MASTERCARD,DEBIT,PREPAID,ISRACARD LTD.,,,IL,ISR,ISRAEL,isracard.co.il,https://commons.wikimedia.org/wiki/File:Isracard_logo.svg
511335,MASTERCARD,CREDIT,PLATINUM,ISRAEL CREDIT CARDS LTD.,,,IL,ISR,ISRAEL,cal-online.co.il,https://commons.wikimedia.org/wiki/File:Cal_Israel_Credit_Cards_logo.svg
511373,MASTERCARD,CREDIT,WORLD ELITE,NATIONAL BANK OF KUWAIT (S.A.K.),,,EG,EGY,EGYPT,nbk.com,https://commons.wikimedia.org/wiki/File:National_Bank_of_Kuwait_logo.svg
511376,MASTERCARD,DEBIT,PLATINUM,"NETWORK INTERNATIONAL ARABIA, LTD.",,,SA,SAU,SAUDI ARABIA,network.ae,https://img.logo.dev/network.ae?format=png&size=400
511393,MASTERCARD,DEBIT,PREPAID PLATINUM TRAVEL,SOHAR INTERNATIONAL BANK SAOG,,,OM,OMN,OMAN,soharinternational.com,https://commons.wikimedia.org/wiki/File:Sohar_International_logo.svg
511400,MASTERCARD,CREDIT,TITANIUM,NATIONAL BANK OF KUWAIT (S.A.K.),,,EG,EGY,EGYPT,nbk.com,https://commons.wikimedia.org/wiki/File:National_Bank_of_Kuwait_logo.svg
511412,MASTERCARD,CREDIT,EXECUTIVE BUSINESS,JORDAN COMMERCIAL BANK,+96265203000,http://www.jcbank.com.jo,JO,JOR,JORDAN,jcbank.com.jo,https://img.logo.dev/jcbank.com.jo?format=png&size=400
511420,MASTERCARD,DEBIT,PREPAID PLATINUM TRAVEL,AREEBA S.A.L,,,IQ,IRQ,IRAQ,areeba.com,https://img.logo.dev/areeba.com?format=png&size=400
511460,MASTERCARD,CREDIT,WORLD ELITE,"NETWORK INTERNATIONAL ARABIA, LTD.",,,SA,SAU,SAUDI ARABIA,network.ae,https://img.logo.dev/network.ae?format=png&size=400
511494,MASTERCARD,DEBIT,PREPAID PLATINUM TRAVEL,ARAB FINANCIAL SERVICES COMPANY B.S.C. (C),,,BH,BHR,BAHRAIN,afs.com.bh,https://img.logo.dev/afs.com.bh?format=png&size=400
511529,MASTERCARD,DEBIT,PREPAID PLATINUM TRAVEL,COMMERCIAL BANK OF DUBAI,+97126268400,http://www.cbd.ae,AE,ARE,UNITED ARAB EMIRATES,cbd.ae,https://commons.wikimedia.org/wiki/File:Commercial_Bank_of_Dubai_logo.svg
511589,MASTERCARD,CREDIT,PLATINUM,QATAR NATIONAL BANK,+97444622724,http://www.qnb.com.qa,QA,QAT,QATAR,qnb.com,https://commons.wikimedia.org/wiki/File:Qatar_National_Bank_Logo.svg
511593,MASTERCARD,DEBIT,PREPAID BUSINESS,"IRAQ ELECTRONIC GATE FOR FINANCIAL SERVICES CO, LTD.",,,IQ,IRQ,IRAQ,qicard.net,https://commons.wikimedia.org/wiki/File:Qi_card_logo.svg
511613,MASTERCARD,DEBIT,PREPAID,COMMERCIAL INTERNATIONAL BANK (EGYPT) S.A.E.,971 - 4 - 3589381,http://www.cibeg.com,EG,EGY,EGYPT,cibeg.com,https://commons.wikimedia.org/wiki/File:CIB_Logo.svg
511659,MASTERCARD,DEBIT,PREPAID BUSINESS,INFINIOS FINANCIAL SERVICES B.S.C. CLOSED,,,BH,BHR,BAHRAIN,infinios.com,https://img.logo.dev/infinios.com?format=png&size=400
511669,MASTERCARD,CREDIT,GOLD,QATAR NATIONAL BANK AL-AHLI S.A.E,,,EG,EGY,EGYPT,qnb.com,https://commons.wikimedia.org/wiki/File:Qatar_National_Bank_Logo.svg
511694,MASTERCARD,CREDIT,STANDARD,BANQUE DU CAIRE,+20222648410,http://www.bdc.com.eg,EG,EGY,EGYPT,bdc.com.eg,https://commons.wikimedia.org/wiki/File:Banque_du_Caire_logo.svg
511724,MASTERCARD,CREDIT,PLATINUM,ARAB FINANCIAL SERVICES COMPANY B.S.C. (C),,,BH,BHR,BAHRAIN,afs.com.bh,https://img.logo.dev/afs.com.bh?format=png&size=400
511735,MASTERCARD,DEBIT,PREPAID PLATINUM TRAVEL,"NETWORK INTERNATIONAL ARABIA, LTD.",,,SA,SAU,SAUDI ARABIA,network.ae,https://img.logo.dev/network.ae?format=png&size=400
511741,MASTERCARD,DEBIT,GOLD,"NETWORK INTERNATIONAL ARABIA, LTD.",,,SA,SAU,SAUDI ARABIA,network.ae,https://img.logo.dev/network.ae?format=png&size=400
511767,MASTERCARD,CREDIT,STANDARD,CREDIT LIBANAIS S.A.L.,+9611900111,http://www.creditlibanais.com.lb,LB,LBN,LEBANON,creditlibanais.com,https://commons.wikimedia.org/wiki/File:Credit_Libanais_logo.svg
511775,MASTERCARD,DEBIT,GOLD,CAPITAL BANK OF JORDAN,,,IQ,IRQ,IRAQ,bankofjordan.com,https://commons.wikimedia.org/wiki/File:Bank_of_Jordan_logo.svg
511787,MASTERCARD,CREDIT,STANDARD,BANQUE MISR,+20223912150,http://www.banquemisr.com,EG,EGY,EGYPT,banquemisr.com,https://commons.wikimedia.org/wiki/File:Banque_Misr_logo.svg
511791,MASTERCARD,DEBIT,TITANIUM,"SUEZ CANAL BANK, S.A.E.",,,EG,EGY,EGYPT,scbank.com.eg,https://commons.wikimedia.org/wiki/File:Suez_Canal_Bank_logo.svg
511805,MASTERCARD,DEBIT,PREPAID,NETWORK INTERNATIONAL PAYMENT SERVICES,,,EG,EGY,EGYPT,network.ae,https://img.logo.dev/network.ae?format=png&size=400
511841,MASTERCARD,DEBIT,STANDARD,CSCBANK SAL,,,LB,LBN,LEBANON,cscbank.com,https://img.logo.dev/cscbank.com?format=png&size=400
511851,MASTERCARD,DEBIT,STANDARD,NETWORK INTERNATIONAL LLC,,,AE,ARE,UNITED ARAB EMIRATES,network.ae,https://img.logo.dev/network.ae?format=png&size=400
511853,MASTERCARD,DEBIT,STANDARD,"EGYPTIAN BANKS CO. FOR TECHNOLOGICAL ADVANCEMENT, S.A.E.",,,EG,EGY,EGYPT,ebc-egypt.com,https://img.logo.dev/ebc-egypt.com?format=png&size=400
511857,MASTERCARD,DEBIT,PREPAID WORLD,AL HULOOL FOR MOBILE PAYMENTS,,,JO,JOR,JORDAN,,
511863,MASTERCARD,DEBIT,PLATINUM,ARAB FINANCIAL SERVICES COMPANY B.S.C. (C),,,EG,EGY,EGYPT,afs.com.bh,https://img.logo.dev/afs.com.bh?format=png&size=400
511864,MASTERCARD,DEBIT,STANDARD,"SUEZ CANAL BANK, S.A.E.",,,EG,EGY,EGYPT,scbank.com.eg,https://commons.wikimedia.org/wiki/File:Suez_Canal_Bank_logo.svg
511879,MASTERCARD,DEBIT,TITANIUM,NATIONAL BANK OF RAS AL-KHAIMAH (RAKBANK),,,AE,ARE,UNITED ARAB EMIRATES,rakbank.ae,https://commons.wikimedia.org/wiki/File:Rakbank_logo.svg
511891,MASTERCARD,CREDIT,PLATINUM,BANK HAPOALIM B.M.,,,IL,ISR,ISRAEL,bankhapoalim.co.il,https://commons.wikimedia.org/wiki/File:Bank_Hapoalim_Logo.svg
511969,MASTERCARD,CREDIT,TITANIUM,"SUEZ CANAL BANK, S.A.E.",,,EG,EGY,EGYPT,scbank.com.eg,https://commons.wikimedia.org/wiki/File:Suez_Canal_Bank_logo.svg
512008,MASTERCARD,CREDIT,GOLD,ITHMAAR BANK B.S.C.,,,BH,BHR,BAHRAIN,ithmaarbank.com,https://commons.wikimedia.org/wiki/File:Ithmaar_Bank_logo.svg
512020,MASTERCARD,CREDIT,STANDARD,ISRACARD LTD.,,,IL,ISR,ISRAEL,isracard.co.il,https://commons.wikimedia.org/wiki/File:Isracard_logo.svg
512052,MASTERCARD,CREDIT,STANDARD,AREEBA S.A.L,,,LB,LBN,LEBANON,areeba.com,https://img.logo.dev/areeba.com?format=png&size=400
512060,MASTERCARD,CREDIT,WORLD,SAUDI AWWAL BANK,,,SA,SAU,SAUDI ARABIA,sab.com,https://commons.wikimedia.org/wiki/File:Saudi_Awwal_Bank_Logo.svg
512061,MASTERCARD,CREDIT,TITANIUM,AREEBA S.A.L,,,LB,LBN,LEBANON,areeba.com,https://img.logo.dev/areeba.com?format=png&size=400
512066,MASTERCARD,CREDIT,GOLD,MASHREQ BANK,,http://www.mashreqbank.com,QA,QAT,QATAR,mashreqbank.com,https://commons.wikimedia.org/wiki/File:Mashreq_bank_logo.svg
512116,MASTERCARD,CREDIT,WORLD,MIDDLE EAST PAYMENT SERVICES LIMITED CO.,,,JO,JOR,JORDAN,meps.com.jo,https://img.logo.dev/meps.com.jo?format=png&size=400
512160,MASTERCARD,CREDIT,PLATINUM,FIRST ABU DHABI BANK PJSC,+971600525500,https://www.bankfab.com,AE,ARE,UNITED ARAB EMIRATES,bankfab.com,https://commons.wikimedia.org/wiki/File:First_Abu_Dhabi_Bank_Logo.svg
512220,MASTERCARD,CREDIT,WORLD,THE SAUDI NATIONAL BANK,,,SA,SAU,SAUDI ARABIA,alahli.com,https://commons.wikimedia.org/wiki/File:Saudi_National_Bank_Logo.svg
512252,MASTERCARD,CREDIT,STANDARD,FRANSABANK S.A.L.,+9611340180,http://www.fransabank.com,LB,LBN,LEBANON,fransabank.com,https://commons.wikimedia.org/wiki/File:Fransabank_logo.svg
512253,MASTERCARD,CREDIT,STANDARD,FIRST ABU DHABI BANK PJSC,+971600525500,https://www.bankfab.com,AE,ARE,UNITED ARAB EMIRATES,bankfab.com,https://commons.wikimedia.org/wiki/File:First_Abu_Dhabi_Bank_Logo.svg
512263,MASTERCARD,CREDIT,STANDARD,CSCBANK SAL,,,LB,LBN,LEBANON,cscbank.com,https://img.logo.dev/cscbank.com?format=png&size=400
512279,MASTERCARD,CREDIT,TITANIUM,CAPITAL BANK OF JORDAN,,,JO,JOR,JORDAN,bankofjordan.com,https://commons.wikimedia.org/wiki/File:Bank_of_Jordan_logo.svg
512301,MASTERCARD,CREDIT,STANDARD,CSCBANK SAL,,,LB,LBN,LEBANON,cscbank.com,https://img.logo.dev/cscbank.com?format=png&size=400
512304,MASTERCARD,CREDIT,STANDARD,NATIONAL BANK OF RAS AL-KHAIMAH (RAKBANK),,,AE,ARE,UNITED ARAB EMIRATES,rakbank.ae,https://commons.wikimedia.org/wiki/File:Rakbank_logo.svg
512321,MASTERCARD,CREDIT,STANDARD,QATAR ISLAMIC BANK,,,QA,QAT,QATAR,qib.com.qa,https://commons.wikimedia.org/wiki/File:Qatar_Islamic_Bank_Logo.svg
512328,MASTERCARD,CREDIT,STANDARD,,,,IQ,IRQ,IRAQ,,
512339,MASTERCARD,CREDIT,STANDARD,CSCBANK SAL,,,LB,LBN,LEBANON,cscbank.com,https://img.logo.dev/cscbank.com?format=png&size=400
512340,MASTERCARD,CREDIT,STANDARD,HOUSING & DEVELOPMENT BANK,,,EG,EGY,EGYPT,,
512345,MASTERCARD,CREDIT,STANDARD,MASHREQ BANK,+97143632250,http://www.mashreqbank.com/,AE,ARE,UNITED ARAB EMIRATES,mashreqbank.com,https://commons.wikimedia.org/wiki/File:Mashreq_bank_logo.svg
512373,MASTERCARD,CREDIT,STANDARD,AREEBA S.A.L,,,LB,LBN,LEBANON,areeba.com,https://img.logo.dev/areeba.com?format=png&size=400
512383,MASTERCARD,CREDIT,GOLD,FIRST ABU DHABI BANK PJSC,+971600525500,https://www.bankfab.com,AE,ARE,UNITED ARAB EMIRATES,bankfab.com,https://commons.wikimedia.org/wiki/File:First_Abu_Dhabi_Bank_Logo.svg
512397,MASTERCARD,CREDIT,GOLD,BANQUE DU CAIRE,+20222648410,http://www.bdc.com.eg,EG,EGY,EGYPT,bdc.com.eg,https://commons.wikimedia.org/wiki/File:Banque_du_Caire_logo.svg
512403,MASTERCARD,CREDIT,STANDARD,NATIONAL BANK OF RAS AL-KHAIMAH (RAKBANK),,,AE,ARE,UNITED ARAB EMIRATES,rakbank.ae,https://commons.wikimedia.org/wiki/File:Rakbank_logo.svg
512404,MASTERCARD,CREDIT,GOLD,CSCBANK SAL,,,LB,LBN,LEBANON,cscbank.com,https://img.logo.dev/cscbank.com?format=png&size=400
512407,MASTERCARD,CREDIT,GOLD,NETWORK INTERNATIONAL LLC,,,EG,EGY,EGYPT,network.ae,https://img.logo.dev/network.ae?format=png&size=400
512415,MASTERCARD,CREDIT,PLATINUM,QATAR ISLAMIC BANK,,,QA,QAT,QATAR,qib.com.qa,https://commons.wikimedia.org/wiki/File:Qatar_Islamic_Bank_Logo.svg
512434,MASTERCARD,CREDIT,PLATINUM,DOHA BANK Q.S.C,,,QA,QAT,QATAR,dohabank.com,https://commons.wikimedia.org/wiki/File:Doha_Bank_logo.svg
512436,MASTERCARD,CREDIT,GOLD,JORDAN AHLI BANK,+96265007777,http://www.ahli.com,JO,JOR,JORDAN,ahlibank.com.jo,https://commons.wikimedia.org/wiki/File:Jordan_Ahli_Bank_logo.svg
512464,MASTERCARD,CREDIT,GOLD,THE SAUDI NATIONAL BANK,,,SA,SAU,SAUDI ARABIA,alahli.com,https://commons.wikimedia.org/wiki/File:Saudi_National_Bank_Logo.svg
512475,MASTERCARD,DEBIT,PREPAID WORLD,SAUDI AWWAL BANK,,,SA,SAU,SAUDI ARABIA,sab.com,https://commons.wikimedia.org/wiki/File:Saudi_Awwal_Bank_Logo.svg
512606,MASTERCARD,CREDIT,PLATINUM,AGRICULTURAL BANK EGYPT,,,EG,EGY,EGYPT,abe.com.eg,https://img.logo.dev/abe.com.eg?format=png&size=400
512611,MASTERCARD,CREDIT,WORLD ELITE EXCLUSIVE,NETWORK INTERNATIONAL LLC,,,AE,ARE,UNITED ARAB EMIRATES,network.ae,https://img.logo.dev/network.ae?format=png&size=400
512613,MASTERCARD,CREDIT,CORPORATE WORLD,BAHRAIN COMMERCIAL FACILITIES COMPANY BSC,,,BH,BHR,BAHRAIN,bahrainfacilities.com,https://img.logo.dev/bahrainfacilities.com?format=png&size=400
512623,MASTERCARD,CREDIT,STANDARD,AL-RAJHI BANKING AND INVESTMENT CORPORATION,,,SA,SAU,SAUDI ARABIA,alrajhibank.com.sa,https://commons.wikimedia.org/wiki/File:Al_Rajhi_Bank_Logo.svg
512664,MASTERCARD,CREDIT,WORLD,QATAR NATIONAL BANK,+97444622724,http://www.qnb.com.qa,QA,QAT,QATAR,qnb.com,https://commons.wikimedia.org/wiki/File:Qatar_National_Bank_Logo.svg
512667,MASTERCARD,CREDIT,GOLD,ALEXBANK,1 9 0 3 3,http://www.alexbank.com,EG,EGY,EGYPT,alexbank.com,https://commons.wikimedia.org/wiki/File:Alexbank_logo.svg
512670,MASTERCARD,CREDIT,STANDARD,EMIRATES NBD,+971800456,http://www.emiratesnbd.com,AE,ARE,UNITED ARAB EMIRATES,emiratesnbd.com,https://commons.wikimedia.org/wiki/File:Emirates_NBD_logo.svg
512691,MASTERCARD,CREDIT,BUSINESS,BANQUE SAUDI FRANSI,966 1 289 9999 OR 966 1 874 4000,http://www.alfransi.com.sa,SA,SAU,SAUDI ARABIA,alfransi.com.sa,https://commons.wikimedia.org/wiki/File:Banque_Saudi_Fransi_Logo.svg
512698,MASTERCARD,CREDIT,STANDARD,ARAB FINANCIAL SERVICES COMPANY B.S.C. (C),,,EG,EGY,EGYPT,afs.com.bh,https://img.logo.dev/afs.com.bh?format=png&size=400
512713,MASTERCARD,CREDIT,PLATINUM,DUKHAN BANK Q.P.S.C.,,,QA,QAT,QATAR,dukhanbank.com,https://commons.wikimedia.org/wiki/File:Dukhan_Bank_logo.svg
512717,MASTERCARD,CREDIT,PLATINUM,EMIRATES NBD,+971800456,http://www.emiratesnbd.com,AE,ARE,UNITED ARAB EMIRATES,emiratesnbd.com,https://commons.wikimedia.org/wiki/File:Emirates_NBD_logo.svg
512718,MASTERCARD,CREDIT,GOLD,CAPITAL BANK OF JORDAN,,,JO,JOR,JORDAN,bankofjordan.com,https://commons.wikimedia.org/wiki/File:Bank_of_Jordan_logo.svg
512727,MASTERCARD,CREDIT,WORLD ELITE,BANQUE SAUDI FRANSI,966 1 289 9999 OR 966 1 874 4000,http://www.alfransi.com.sa,SA,SAU,SAUDI ARABIA,alfransi.com.sa,https://commons.wikimedia.org/wiki/File:Banque_Saudi_Fransi_Logo.svg
512730,MASTERCARD,CREDIT,GOLD,ARAB FINANCIAL SERVICES COMPANY B.S.C. (C),,,EG,EGY,EGYPT,afs.com.bh,https://img.logo.dev/afs.com.bh?format=png&size=400
512751,MASTERCARD,CREDIT,GOLD,CREDIT LIBANAIS S.A.L.,+9611900111,http://www.creditlibanais.com.lb,LB,LBN,LEBANON,creditlibanais.com,https://commons.wikimedia.org/wiki/File:Credit_Libanais_logo.svg
512781,MASTERCARD,CREDIT,STANDARD,MIDDLE EAST PAYMENT SERVICES LIMITED CO.,,,PS,PSE,"PALESTINIAN TERRITORY, OCCUPIED",meps.com.jo,https://img.logo.dev/meps.com.jo?format=png&size=400
512798,MASTERCARD,CREDIT,STANDARD,CREDIT LIBANAIS S.A.L.,+9611900111,http://www.creditlibanais.com.lb,LB,LBN,LEBANON,creditlibanais.com,https://commons.wikimedia.org/wiki/File:Credit_Libanais_logo.svg
512843,MASTERCARD,CREDIT,WORLD BUSINESS,QATAR NATIONAL BANK,+97444622724,http://www.qnb.com.qa,QA,QAT,QATAR,qnb.com,https://commons.wikimedia.org/wiki/File:Qatar_National_Bank_Logo.svg
512850,MASTERCARD,DEBIT,PREPAID RELOADABLE,NOOR BANK PJSC,,,AE,ARE,UNITED ARAB EMIRATES,noorbank.com,https://commons.wikimedia.org/wiki/File:Noor_Bank_logo.svg
512894,MASTERCARD,DEBIT,PREPAID,SINNAD W.L.L.,,,BH,BHR,BAHRAIN,,
512901,MASTERCARD,DEBIT,STANDARD,INTERNATIONAL SMART CARD LLC,,,IQ,IRQ,IRAQ,qicard.net,https://commons.wikimedia.org/wiki/File:Qi_card_logo.svg
512962,MASTERCARD,DEBIT,PREPAID,MIDDLE EAST PAYMENT SERVICES LIMITED CO.,,,IQ,IRQ,IRAQ,meps.com.jo,https://img.logo.dev/meps.com.jo?format=png&size=400
512970,MASTERCARD,DEBIT,WORLD,SHARJAH ISLAMIC BANK PJSC,+97165999999,http://www.sib.ae,AE,ARE,UNITED ARAB EMIRATES,sib.ae,https://commons.wikimedia.org/wiki/File:Sharjah_Islamic_Bank_logo.svg
512976,MASTERCARD,DEBIT,PLATINUM,CSCBANK SAL,,,IQ,IRQ,IRAQ,cscbank.com,https://img.logo.dev/cscbank.com?format=png&size=400
512994,MASTERCARD,DEBIT,PLATINUM,CSCBANK SAL,,,LB,LBN,LEBANON,cscbank.com,https://img.logo.dev/cscbank.com?format=png&size=400
513032,MASTERCARD,DEBIT,PREPAID RELOADABLE,THE BANK OF JORDAN,,,JO,JOR,JORDAN,bankofjordan.com,https://commons.wikimedia.org/wiki/File:Bank_of_Jordan_logo.svg
513071,MASTERCARD,CREDIT,STANDARD,MIDDLE EAST PAYMENT SERVICES LIMITED CO.,,,JO,JOR,JORDAN,meps.com.jo,https://img.logo.dev/meps.com.jo?format=png&size=400
513084,MASTERCARD,CREDIT,WORLD BUSINESS,GULF INTERNATIONAL BANK BSC,,,AE,ARE,UNITED ARAB EMIRATES,gib.com,https://commons.wikimedia.org/wiki/File:Gulf_International_Bank_Logo.svg
513132,MASTERCARD,DEBIT,STANDARD,PALESTINE ISLAMIC BANK,,,PS,PSE,"PALESTINIAN TERRITORY, OCCUPIED",islamicbank.ps,https://commons.wikimedia.org/wiki/File:Palestine_Islamic_Bank_logo.svg
513213,MASTERCARD,DEBIT,PREPAID RELOADABLE,RIYAD BANK,,http://www.riyadbank.com,SA,SAU,SAUDI ARABIA,riyadbank.com,https://commons.wikimedia.org/wiki/File:Riyad_Bank_logo.svg
513257,MASTERCARD,CREDIT,PLATINUM,QATAR NATIONAL BANK AL-AHLI S.A.E,,,EG,EGY,EGYPT,qnb.com,https://commons.wikimedia.org/wiki/File:Qatar_National_Bank_Logo.svg
513306,MASTERCARD,CREDIT,WORLD,FIRST ABU DHABI BANK PJSC,+971600525500,https://www.bankfab.com,AE,ARE,UNITED ARAB EMIRATES,bankfab.com,https://commons.wikimedia.org/wiki/File:First_Abu_Dhabi_Bank_Logo.svg
513322,MASTERCARD,CREDIT,,COMMERCIAL BANK OF QATAR Q.S.C,,,QA,QAT,QATAR,cbq.qa,https://commons.wikimedia.org/wiki/File:Commercial_Bank_of_Qatar_Logo.svg
513347,MASTERCARD,CREDIT,WORLD,BANQUE MISR,+20223912150,http://www.banquemisr.com,EG,EGY,EGYPT,banquemisr.com,https://commons.wikimedia.org/wiki/File:Banque_Misr_logo.svg
513361,MASTERCARD,CREDIT,BUSINESS,NETWORK INTERNATIONAL LLC,,,AE,ARE,UNITED ARAB EMIRATES,network.ae,https://img.logo.dev/network.ae?format=png&size=400
513424,MASTERCARD,CREDIT,STANDARD,CAPITAL BANK OF JORDAN,,,JO,JOR,JORDAN,bankofjordan.com,https://commons.wikimedia.org/wiki/File:Bank_of_Jordan_logo.svg
513428,MASTERCARD,CREDIT,WORLD,ARAB FINANCIAL SERVICES COMPANY B.S.C. (C),,,QA,QAT,QATAR,afs.com.bh,https://img.logo.dev/afs.com.bh?format=png&size=400
513481,MASTERCARD,DEBIT,WORLD,BANQUE MISR,+20223912150,http://www.banquemisr.com,EG,EGY,EGYPT,banquemisr.com,https://commons.wikimedia.org/wiki/File:Banque_Misr_logo.svg
513482,MASTERCARD,DEBIT,WORLD,COMMERCIAL BANK OF DUBAI,+97126268400,http://www.cbd.ae,AE,ARE,UNITED ARAB EMIRATES,cbd.ae,https://commons.wikimedia.org/wiki/File:Commercial_Bank_of_Dubai_logo.svg
513502,MASTERCARD,CREDIT,WORLD FOR BUSINESS,RIYAD BANK,,http://www.riyadbank.com,SA,SAU,SAUDI ARABIA,riyadbank.com,https://commons.wikimedia.org/wiki/File:Riyad_Bank_logo.svg
513652,MASTERCARD,DEBIT,PREPAID,"IRAQ ELECTRONIC GATE FOR FINANCIAL SERVICES CO, LTD.",,,IQ,IRQ,IRAQ,qicard.net,https://commons.wikimedia.org/wiki/File:Qi_card_logo.svg
513665,MASTERCARD,CREDIT,PLATINUM,GULF BANK K.S.C.,,http://www.gulfbank.com,KW,KWT,KUWAIT,e-gulfbank.com,https://commons.wikimedia.org/wiki/File:Gulf_Bank_Kuwait_logo.svg
513702,MASTERCARD,CREDIT,WORLD,AHLI UNITED BANK B.S.C.,+97317710559,http://www.ahliunited.com,BH,BHR,BAHRAIN,ahliunited.com,https://commons.wikimedia.org/wiki/File:Ahli_United_Bank_logo.svg
513760,MASTERCARD,CREDIT,STANDARD,NETWORK INTERNATIONAL PAYMENT SERVICES,,,EG,EGY,EGYPT,network.ae,https://img.logo.dev/network.ae?format=png&size=400
513788,MASTERCARD,CREDIT,STANDARD,ARAB PAYMENT SERVICES,,,IQ,IRQ,IRAQ,aps.iq,https://img.logo.dev/aps.iq?format=png&size=400
513883,MASTERCARD,CREDIT,PLATINUM,BANQUE MISR,+20223912150,http://www.banquemisr.com,EG,EGY,EGYPT,banquemisr.com,https://commons.wikimedia.org/wiki/File:Banque_Misr_logo.svg
513890,MASTERCARD,CREDIT,PLATINUM,ARAB PAYMENT SERVICES,,,IQ,IRQ,IRAQ,aps.iq,https://img.logo.dev/aps.iq?format=png&size=400
513896,MASTERCARD,CREDIT,PLATINUM,ABU DHABI ISLAMIC BANK,,http://www.adib.ae,EG,EGY,EGYPT,adib.ae,https://commons.wikimedia.org/wiki/File:Abu_Dhabi_Islamic_Bank_Logo.svg
513978,MASTERCARD,DEBIT,PREPAID,ISHTAR GATE FOR E-PAYMENT SYSTEMS AND SERVICES PRIVATE SHAREHOLDING,,,IQ,IRQ,IRAQ,,
514008,MASTERCARD,DEBIT,PREPAID RELOADABLE,AL-TAIF ISLAMIC BANK FOR INVESTMENT & FINANCE,,,IQ,IRQ,IRAQ,taifib.iq,https://img.logo.dev/taifib.iq?format=png&size=400
514028,MASTERCARD,CREDIT,PLATINUM,AREEBA S.A.L,,,LB,LBN,LEBANON,areeba.com,https://img.logo.dev/areeba.com?format=png&size=400
514056,MASTERCARD,DEBIT,PREPAID,DUBAI ISLAMIC BANK PJSC,,,AE,ARE,UNITED ARAB EMIRATES,alislami.ae,https://commons.wikimedia.org/wiki/File:Dubai_Islamic_Bank_logo.svg
514075,MASTERCARD,DEBIT,PREPAID,AREEBA S.A.L,,,LB,LBN,LEBANON,areeba.com,https://img.logo.dev/areeba.com?format=png&size=400
514077,MASTERCARD,CREDIT,STANDARD,QATAR INTERNATIONAL ISLAMIC BANK,,http://www.qiib.com.qa,QA,QAT,QATAR,qiib.com.qa,https://commons.wikimedia.org/wiki/File:QIIB_logo.svg
514159,MASTERCARD,CREDIT,WORLD ELITE,NETWORK INTERNATIONAL LLC,,,AE,ARE,UNITED ARAB EMIRATES,network.ae,https://img.logo.dev/network.ae?format=png&size=400
514215,MASTERCARD,CREDIT,STANDARD,"NAYAX ISRAEL, LTD.",,,IL,ISR,ISRAEL,,
514279,MASTERCARD,DEBIT,PREPAID RELOADABLE,AL-MADFU AT AL-RAQMIYYAH FOR FINANCIAL TECHNOLOGY,,,SA,SAU,SAUDI ARABIA,,
514297,MASTERCARD,DEBIT,STANDARD,NATIONAL BANK OF OMAN (SAOG),,,OM,OMN,OMAN,nbo.om,https://commons.wikimedia.org/wiki/File:National_Bank_of_Oman_logo.svg
514331,MASTERCARD,DEBIT,TITANIUM,BANQUE MISR,+20223912150,http://www.banquemisr.com,EG,EGY,EGYPT,banquemisr.com,https://commons.wikimedia.org/wiki/File:Banque_Misr_logo.svg
514443,MASTERCARD,DEBIT,STANDARD,BLOM BANK SAL,,,LB,LBN,LEBANON,blom.com.lb,https://commons.wikimedia.org/wiki/File:BLOM_Bank_logo.svg
514469,MASTERCARD,DEBIT,TITANIUM,"CITIBANK, N.A.",,https://www.citi.com,AE,ARE,UNITED ARAB EMIRATES,citibank.com,https://commons.wikimedia.org/wiki/File:Citibank.svg
514482,MASTERCARD,CREDIT,TITANIUM,NYMCARD PAYMENT SERVICES LLC,,,AE,ARE,UNITED ARAB EMIRATES,nymcard.com,https://img.logo.dev/nymcard.com?format=png&size=400
514533,MASTERCARD,CREDIT,STANDARD,BANK NIZWA SAOG,,,OM,OMN,OMAN,banknizwa.om,https://commons.wikimedia.org/wiki/File:Bank_Nizwa_logo.svg
514679,MASTERCARD,DEBIT,WORLD ELITE,DOHA BANK Q.S.C,,,QA,QAT,QATAR,dohabank.com,https://commons.wikimedia.org/wiki/File:Doha_Bank_logo.svg
514731,MASTERCARD,CREDIT,PLATINUM,FIRST ABU DHABI BANK PJSC,+971600525500,https://www.bankfab.com,AE,ARE,UNITED ARAB EMIRATES,bankfab.com,https://commons.wikimedia.org/wiki/File:First_Abu_Dhabi_Bank_Logo.svg
514732,MASTERCARD,CREDIT,WORLD ELITE,AHLI UNITED BANK B.S.C.,+97317710559,http://www.ahliunited.com,BH,BHR,BAHRAIN,ahliunited.com,https://commons.wikimedia.org/wiki/File:Ahli_United_Bank_logo.svg
514734,MASTERCARD,CREDIT,WORLD,FRANSABANK SAL,,,LB,LBN,LEBANON,fransabank.com,https://commons.wikimedia.org/wiki/File:Fransabank_logo.svg
514740,MASTERCARD,CREDIT,WORLD,DUBAI ISLAMIC BANK PJSC,,,AE,ARE,UNITED ARAB EMIRATES,alislami.ae,https://commons.wikimedia.org/wiki/File:Dubai_Islamic_Bank_logo.svg
514744,MASTERCARD,CREDIT,WORLD ELITE,NETWORK INTERNATIONAL LLC,,,AE,ARE,UNITED ARAB EMIRATES,network.ae,https://img.logo.dev/network.ae?format=png&size=400
514785,MASTERCARD,CREDIT,CORPORATE,ISRACARD LTD.,,,IL,ISR,ISRAEL,isracard.co.il,https://commons.wikimedia.org/wiki/File:Isracard_logo.svg
514849,MASTERCARD,CREDIT,PLATINUM,ISRAEL CREDIT CARDS LTD.,,,IL,ISR,ISRAEL,cal-online.co.il,https://commons.wikimedia.org/wiki/File:Cal_Israel_Credit_Cards_logo.svg
514932,MASTERCARD,CREDIT,PLATINUM,RIYAD BANK,,http://www.riyadbank.com,SA,SAU,SAUDI ARABIA,riyadbank.com,https://commons.wikimedia.org/wiki/File:Riyad_Bank_logo.svg
514980,MASTERCARD,DEBIT,WORLD,NETWORK INTERNATIONAL PAYMENT SERVICES,,,EG,EGY,EGYPT,network.ae,https://img.logo.dev/network.ae?format=png&size=400
515079,MASTERCARD,DEBIT,STANDARD,THE SAUDI NATIONAL BANK,,,SA,SAU,SAUDI ARABIA,alahli.com,https://commons.wikimedia.org/wiki/File:Saudi_National_Bank_Logo.svg
515212,MASTERCARD,CREDIT,CORPORATE EXECUTIVE,NATIONAL BANK OF RAS AL-KHAIMAH (RAKBANK),,,AE,ARE,UNITED ARAB EMIRATES,rakbank.ae,https://commons.wikimedia.org/wiki/File:Rakbank_logo.svg
515256,MASTERCARD,CREDIT,CORPORATE WORLD,INTERNATIONAL SMART CARD LLC,,,IQ,IRQ,IRAQ,qicard.net,https://commons.wikimedia.org/wiki/File:Qi_card_logo.svg
515295,MASTERCARD,CREDIT,STANDARD,NETWORK INTERNATIONAL LLC,,,EG,EGY,EGYPT,network.ae,https://img.logo.dev/network.ae?format=png&size=400
515341,MASTERCARD,CREDIT,WORLD,MASHREQ BANK,+97143632250,http://www.mashreqbank.com,AE,ARE,UNITED ARAB EMIRATES,mashreqbank.com,https://commons.wikimedia.org/wiki/File:Mashreq_bank_logo.svg
515381,MASTERCARD,CREDIT,CORPORATE,NETWORK INTERNATIONAL LLC,,,EG,EGY,EGYPT,network.ae,https://img.logo.dev/network.ae?format=png&size=400
515400,MASTERCARD,CREDIT,PLATINUM,BANK NIZWA SAOG,,,OM,OMN,OMAN,banknizwa.om,https://commons.wikimedia.org/wiki/File:Bank_Nizwa_logo.svg
515446,MASTERCARD,CREDIT,PLATINUM,FIRST ABU DHABI BANK PJSC,+20225204375,https://www.bankfab.com,EG,EGY,EGYPT,bankfab.com,https://commons.wikimedia.org/wiki/File:First_Abu_Dhabi_Bank_Logo.svg
515485,MASTERCARD,CREDIT,WORLD ELITE,ARAB AFRICAN INTERNATIONAL BANK,+20224886679,http://www.aaib.com,EG,EGY,EGYPT,aaib.com,https://commons.wikimedia.org/wiki/File:Arab_African_International_Bank_Logo.svg
515504,MASTERCARD,CREDIT,WORLD,NATIONAL BANK OF KUWAIT (S.A.K.),,,KW,KWT,KUWAIT,nbk.com,https://commons.wikimedia.org/wiki/File:National_Bank_of_Kuwait_logo.svg
515523,MASTERCARD,CREDIT,WORLD ELITE,QATAR INTERNATIONAL ISLAMIC BANK,,http://www.qiib.com.qa,QA,QAT,QATAR,qiib.com.qa,https://commons.wikimedia.org/wiki/File:QIIB_logo.svg
515530,MASTERCARD,CREDIT,WORLD ELITE,THE SAUDI NATIONAL BANK,,,SA,SAU,SAUDI ARABIA,alahli.com,https://commons.wikimedia.org/wiki/File:Saudi_National_Bank_Logo.svg
515532,MASTERCARD,CREDIT,WORLD,NETWORK INTERNATIONAL LLC,,,AE,ARE,UNITED ARAB EMIRATES,network.ae,https://img.logo.dev/network.ae?format=png&size=400
515533,MASTERCARD,DEBIT,TITANIUM,NATIONAL BANK OF RAS AL-KHAIMAH (RAKBANK),,,AE,ARE,UNITED ARAB EMIRATES,rakbank.ae,https://commons.wikimedia.org/wiki/File:Rakbank_logo.svg
515562,MASTERCARD,DEBIT,PLATINUM,CSCBANK SAL,,,LB,LBN,LEBANON,cscbank.com,https://img.logo.dev/cscbank.com?format=png&size=400
515571,MASTERCARD,CREDIT,TITANIUM,ALEXBANK,1 9 0 3 3,http://www.alexbank.com,EG,EGY,EGYPT,alexbank.com,https://commons.wikimedia.org/wiki/File:Alexbank_logo.svg
515604,MASTERCARD,CREDIT,PLATINUM,SAMBA FINANCIAL GROUP,+9718001242000,http://www.samba.com,AE,ARE,UNITED ARAB EMIRATES,alahli.com,https://commons.wikimedia.org/wiki/File:Saudi_National_Bank_Logo.svg
515624,MASTERCARD,CREDIT,PLATINUM,FINANCE HOUSE L.L.C.,,,AE,ARE,UNITED ARAB EMIRATES,financehouse.ae,https://img.logo.dev/financehouse.ae?format=png&size=400
515634,MASTERCARD,CREDIT,PLATINUM,NETWORK INTERNATIONAL LLC,,,EG,EGY,EGYPT,network.ae,https://img.logo.dev/network.ae?format=png&size=400
515722,MASTERCARD,DEBIT,PLATINUM,QATAR NATIONAL BANK,,http://www.qnb.com.qa,OM,OMN,OMAN,qnb.com,https://commons.wikimedia.org/wiki/File:Qatar_National_Bank_Logo.svg
515750,MASTERCARD,CREDIT,CORPORATE,RIYAD BANK,,http://www.riyadbank.com,SA,SAU,SAUDI ARABIA,riyadbank.com,https://commons.wikimedia.org/wiki/File:Riyad_Bank_logo.svg
515770,MASTERCARD,CREDIT,WORLD ELITE,SOCIETE GENERALE DE BANQUE AU LIBAN S.A.L.,,http://www.sgbl.com.lb,LB,LBN,LEBANON,sgbl.com.lb,https://commons.wikimedia.org/wiki/File:SGBL_logo.svg
515773,MASTERCARD,CREDIT,PLATINUM,"BANK OF BEIRUT, SAL",,,LB,LBN,LEBANON,bankofbeirut.com,https://commons.wikimedia.org/wiki/File:Bank_of_Beirut_logo.svg
515782,MASTERCARD,DEBIT,PLATINUM,NATIONAL BANK OF RAS AL-KHAIMAH (RAKBANK),,,AE,ARE,UNITED ARAB EMIRATES,rakbank.ae,https://commons.wikimedia.org/wiki/File:Rakbank_logo.svg
515788,MASTERCARD,CREDIT,TITANIUM,NATIONAL BANK OF EGYPT,,http://www.nbe.com.eg,EG,EGY,EGYPT,nbe.com.eg,https://commons.wikimedia.org/wiki/File:National_Bank_of_Egypt_Logo.svg
515837,MASTERCARD,CREDIT,GOLD,CSCBANK S.A.L.,961) 1 742 555,http://www.ccm.com.lb,JO,JOR,JORDAN,cscbank.com,https://img.logo.dev/cscbank.com?format=png&size=400
515844,MASTERCARD,CREDIT,WORLD,NETWORK INTERNATIONAL PAYMENT SERVICES,,,EG,EGY,EGYPT,network.ae,https://img.logo.dev/network.ae?format=png&size=400
515846,MASTERCARD,DEBIT,WORLD,QATAR NATIONAL BANK,,http://www.qnb.com.qa,OM,OMN,OMAN,qnb.com,https://commons.wikimedia.org/wiki/File:Qatar_National_Bank_Logo.svg
515897,MASTERCARD,CREDIT,TITANIUM,MIDDLE EAST PAYMENT SERVICES LIMITED CO.,,,PS,PSE,"PALESTINIAN TERRITORY, OCCUPIED",meps.com.jo,https://img.logo.dev/meps.com.jo?format=png&size=400
515902,MASTERCARD,CREDIT,PLATINUM,QATAR NATIONAL BANK,+97444622724,http://www.qnb.com.qa,QA,QAT,QATAR,qnb.com,https://commons.wikimedia.org/wiki/File:Qatar_National_Bank_Logo.svg
515987,MASTERCARD,CREDIT,WORLD ELITE,ABU DHABI COMMERCIAL BANK,+97126962222,http://www.adcb.com,AE,ARE,UNITED ARAB EMIRATES,adcb.com,https://commons.wikimedia.org/wiki/File:Abu_Dhabi_Commercial_Bank_Logo.svg
516012,MASTERCARD,CREDIT,STANDARD,MASHREQ BANK,971 4 424 4444,http://www.mashreqbank.com,EG,EGY,EGYPT,mashreqbank.com,https://commons.wikimedia.org/wiki/File:Mashreq_bank_logo.svg
516018,MASTERCARD,CREDIT,TITANIUM,STANDARD CHARTERED BANK,+971600522288,https://www.sc.com,AE,ARE,UNITED ARAB EMIRATES,sc.com,https://commons.wikimedia.org/wiki/File:Standard_Chartered_(2021).svg
516019,MASTERCARD,DEBIT,STANDARD,"IRAQ ELECTRONIC GATE FOR FINANCIAL SERVICES CO, LTD.",,,IQ,IRQ,IRAQ,qicard.net,https://commons.wikimedia.org/wiki/File:Qi_card_logo.svg
516041,MASTERCARD,CREDIT,GOLD,ALEXBANK,1 9 0 3 3,http://www.alexbank.com,EG,EGY,EGYPT,alexbank.com,https://commons.wikimedia.org/wiki/File:Alexbank_logo.svg
516046,MASTERCARD,CREDIT,STANDARD,COMMERCIAL INTERNATIONAL BANK (EGYPT) S.A.E.,971 - 4 - 3589381,http://www.cibeg.com,EG,EGY,EGYPT,cibeg.com,https://commons.wikimedia.org/wiki/File:CIB_Logo.svg
516073,MASTERCARD,CREDIT,STANDARD,AREEBA S.A.L,,,LB,LBN,LEBANON,areeba.com,https://img.logo.dev/areeba.com?format=png&size=400
516076,MASTERCARD,DEBIT,WORLD,DOHA BANK Q.S.C,,,QA,QAT,QATAR,dohabank.com,https://commons.wikimedia.org/wiki/File:Doha_Bank_logo.svg
516100,MASTERCARD,CREDIT,WORLD,FIRST ABU DHABI BANK PJSC,,https://www.bankfab.com,AE,ARE,UNITED ARAB EMIRATES,bankfab.com,https://commons.wikimedia.org/wiki/File:First_Abu_Dhabi_Bank_Logo.svg
516104,MASTERCARD,CREDIT,TITANIUM,QATAR NATIONAL BANK AL-AHLI S.A.E,,,EG,EGY,EGYPT,qnb.com,https://commons.wikimedia.org/wiki/File:Qatar_National_Bank_Logo.svg
516112,MASTERCARD,DEBIT,PLATINUM,NETWORK INTERNATIONAL PAYMENT SERVICES,,,EG,EGY,EGYPT,network.ae,https://img.logo.dev/network.ae?format=png&size=400
516138,MASTERCARD,DEBIT,STANDARD,THE SAUDI NATIONAL BANK,,,SA,SAU,SAUDI ARABIA,alahli.com,https://commons.wikimedia.org/wiki/File:Saudi_National_Bank_Logo.svg
516140,MASTERCARD,CREDIT,WORLD,DUKHAN BANK Q.P.S.C.,,,QA,QAT,QATAR,dukhanbank.com,https://commons.wikimedia.org/wiki/File:Dukhan_Bank_logo.svg
516155,MASTERCARD,DEBIT,PREPAID,JORDAN ISLAMIC BANK CO.,,,JO,JOR,JORDAN,jordanislamicbank.com,https://commons.wikimedia.org/wiki/File:Jordan_Islamic_Bank_logo.svg
516157,MASTERCARD,CREDIT,WORLD ELITE,THE HOUSING BANK FOR TRADE & FINANCE,,,JO,JOR,JORDAN,hbtf.com,https://commons.wikimedia.org/wiki/File:Housing_Bank_for_Trade_and_Finance_logo.svg
516169,MASTERCARD,DEBIT,WORLD,YANA BANKING SERVICES COMPANY,,,IQ,IRQ,IRAQ,,
516171,MASTERCARD,DEBIT,WORLD REWARDS,AL HILAL BANK PJSC,,,AE,ARE,UNITED ARAB EMIRATES,alhilalbank.ae,https://commons.wikimedia.org/wiki/File:Al_Hilal_Bank_logo.svg
516178,MASTERCARD,CREDIT,PLATINUM,FIRST ABU DHABI BANK PJSC,+971600525500,https://www.bankfab.com,AE,ARE,UNITED ARAB EMIRATES,bankfab.com,https://commons.wikimedia.org/wiki/File:First_Abu_Dhabi_Bank_Logo.svg
516187,MASTERCARD,CREDIT,TITANIUM,ABU DHABI COMMERCIAL BANK,+97126962222,http://www.adcb.com,AE,ARE,UNITED ARAB EMIRATES,adcb.com,https://commons.wikimedia.org/wiki/File:Abu_Dhabi_Commercial_Bank_Logo.svg
516190,MASTERCARD,DEBIT,GOLD,"IRAQ ELECTRONIC GATE FOR FINANCIAL SERVICES CO, LTD.",,,IQ,IRQ,IRAQ,qicard.net,https://commons.wikimedia.org/wiki/File:Qi_card_logo.svg
516242,MASTERCARD,CREDIT,WORLD,ARAB JORDAN INVESTMENT BANK,,,JO,JOR,JORDAN,ajib.com,https://img.logo.dev/ajib.com?format=png&size=400
516243,MASTERCARD,DEBIT,PREPAID ISIC,AL AHLI BANK OF KUWAIT (KSC),,,KW,KWT,KUWAIT,eahli.com,https://commons.wikimedia.org/wiki/File:Al_Ahli_Bank_of_Kuwait_logo.svg
516334,MASTERCARD,CREDIT,STANDARD,COMMERCIAL BANK OF KUWAIT S.A.K.,,,KW,KWT,KUWAIT,cbk.com,https://commons.wikimedia.org/wiki/File:Commercial_Bank_of_Kuwait_logo.svg
516343,MASTERCARD,CREDIT,STANDARD,CSCBANK SAL,,,LB,LBN,LEBANON,cscbank.com,https://img.logo.dev/cscbank.com?format=png&size=400
516353,MASTERCARD,DEBIT,PREPAID PLATINUM TRAVEL,COMMERCIAL BANK OF KUWAIT S.A.K.,,,KW,KWT,KUWAIT,cbk.com,https://commons.wikimedia.org/wiki/File:Commercial_Bank_of_Kuwait_logo.svg
516395,MASTERCARD,DEBIT,PREPAID PLATINUM TRAVEL,ARAB FINANCIAL SERVICES COMPANY B.S.C. (C),,,BH,BHR,BAHRAIN,afs.com.bh,https://img.logo.dev/afs.com.bh?format=png&size=400
516435,MASTERCARD,DEBIT,WORLD,DUBAI ISLAMIC BANK PJSC,,,AE,ARE,UNITED ARAB EMIRATES,alislami.ae,https://commons.wikimedia.org/wiki/File:Dubai_Islamic_Bank_logo.svg
516440,MASTERCARD,CREDIT,PLATINUM,SOCIETE GENERALE DE BANQUE AU LIBAN S.A.L.,1274477777,http://www.sgbl.com.lb,LB,LBN,LEBANON,sgbl.com.lb,https://commons.wikimedia.org/wiki/File:SGBL_logo.svg
516457,MASTERCARD,CREDIT,PLATINUM,KUWAIT FINANCE HOUSE K.S.C.,+9651803333,http://www.kfh.com,KW,KWT,KUWAIT,financehouse.ae,https://img.logo.dev/financehouse.ae?format=png&size=400
516471,MASTERCARD,CREDIT,PLATINUM,NETWORK INTERNATIONAL LLC,,,EG,EGY,EGYPT,network.ae,https://img.logo.dev/network.ae?format=png&size=400
516475,MASTERCARD,CREDIT,PLATINUM,BANQUE LIBANO - FRANCAISE SAL,,,LB,LBN,LEBANON,,
516486,MASTERCARD,CREDIT,CORPORATE WORLD,FIRST ABU DHABI BANK PJSC,+971600525500,https://www.bankfab.com,AE,ARE,UNITED ARAB EMIRATES,bankfab.com,https://commons.wikimedia.org/wiki/File:First_Abu_Dhabi_Bank_Logo.svg
516502,MASTERCARD,DEBIT,PREPAID,ARAB PAYMENT SERVICES,,,IQ,IRQ,IRAQ,aps.iq,https://img.logo.dev/aps.iq?format=png&size=400
516509,MASTERCARD,DEBIT,PREPAID RELOADABLE,AL-TAIF ISLAMIC BANK FOR INVESTMENT & FINANCE,,,IQ,IRQ,IRAQ,taifib.iq,https://img.logo.dev/taifib.iq?format=png&size=400
516539,MASTERCARD,CREDIT,CORPORATE,HSBC BANK MIDDLE EAST,+96880074722,http://www.hsbc.ae,OM,OMN,OMAN,hsbc.com,https://commons.wikimedia.org/wiki/File:HSBC_logo_(2018).svg
516543,MASTERCARD,DEBIT,PREPAID,DEEM FINANCE L.L.C.,,,AE,ARE,UNITED ARAB EMIRATES,deem.io,https://img.logo.dev/deem.io?format=png&size=400
516554,MASTERCARD,DEBIT,PREPAID,MIDDLE EAST PAYMENT SERVICES LIMITED CO.,,,JO,JOR,JORDAN,meps.com.jo,https://img.logo.dev/meps.com.jo?format=png&size=400
516571,MASTERCARD,CREDIT,WORLD ELITE,ARAB BANK PLC,+20 2 19100,http://www.arabbank.jo,EG,EGY,EGYPT,arabbank.com,https://commons.wikimedia.org/wiki/File:Arab_Bank_logo.svg
516589,MASTERCARD,CREDIT,TITANIUM,AL JANOOB ISLAMIC BANK FOR INVESTMENT AND FINANCE,,,IQ,IRQ,IRAQ,jib.iq,https://img.logo.dev/jib.iq?format=png&size=400
516592,MASTERCARD,DEBIT,PLATINUM,NETWORK INTERNATIONAL LLC,,,AE,ARE,UNITED ARAB EMIRATES,network.ae,https://img.logo.dev/network.ae?format=png&size=400
516600,MASTERCARD,DEBIT,STANDARD,MIDDLE EAST PAYMENT SERVICES LIMITED CO.,,,PS,PSE,"PALESTINIAN TERRITORY, OCCUPIED",meps.com.jo,https://img.logo.dev/meps.com.jo?format=png&size=400
516606,MASTERCARD,DEBIT,PREPAID PLATINUM TRAVEL,JORDANIAN ELAF FOR INTEGRATED SOLUTIONS,,,JO,JOR,JORDAN,,
516630,MASTERCARD,DEBIT,PREPAID RELOADABLE,TULAN BEST MARKETING COMPANY,,,JO,JOR,JORDAN,,
516647,MASTERCARD,CREDIT,PLATINUM,GULF BANK K.S.C.,,http://www.gulfbank.com,KW,KWT,KUWAIT,e-gulfbank.com,https://commons.wikimedia.org/wiki/File:Gulf_Bank_Kuwait_logo.svg
516677,MASTERCARD,DEBIT,PREPAID,ARAB FINANCIAL SERVICES COMPANY B.S.C. (C),,,BH,BHR,BAHRAIN,afs.com.bh,https://img.logo.dev/afs.com.bh?format=png&size=400
516678,MASTERCARD,CREDIT,,KUWAIT FINANCE HOUSE K.S.C.,+9651803333,http://www.kfh.com,KW,KWT,KUWAIT,financehouse.ae,https://img.logo.dev/financehouse.ae?format=png&size=400
516727,MASTERCARD,CREDIT,TITANIUM,QATAR ISLAMIC BANK,,,QA,QAT,QATAR,qib.com.qa,https://commons.wikimedia.org/wiki/File:Qatar_Islamic_Bank_Logo.svg
516748,MASTERCARD,DEBIT,STANDARD,BANK LEUMI LE-ISRAEL BM,,,IL,ISR,ISRAEL,leumi.co.il,https://commons.wikimedia.org/wiki/File:Bank_Leumi_Logo.svg
516886,MASTERCARD,DEBIT,STANDARD,BANK LEUMI LE-ISRAEL BM,,,IL,ISR,ISRAEL,leumi.co.il,https://commons.wikimedia.org/wiki/File:Bank_Leumi_Logo.svg
516945,MASTERCARD,DEBIT,STANDARD,MIDDLE EAST PAYMENT SERVICES LIMITED CO.,,,IQ,IRQ,IRAQ,meps.com.jo,https://img.logo.dev/meps.com.jo?format=png&size=400
517055,MASTERCARD,DEBIT,PREPAID,HSBC BANK EGYPT,+20235359700,http://www.hsbc.com.eg,EG,EGY,EGYPT,hsbc.com,https://commons.wikimedia.org/wiki/File:HSBC_logo_(2018).svg
517061,MASTERCARD,DEBIT,PREPAID,BANQUE DU CAIRE,+20222648410,http://www.bdc.com.eg,EG,EGY,EGYPT,bdc.com.eg,https://commons.wikimedia.org/wiki/File:Banque_du_Caire_logo.svg
517065,MASTERCARD,DEBIT,STANDARD,JORDAN ISLAMIC BANK CO.,,,JO,JOR,JORDAN,jordanislamicbank.com,https://commons.wikimedia.org/wiki/File:Jordan_Islamic_Bank_logo.svg
517074,MASTERCARD,DEBIT,PREPAID,NATIONAL BANK OF EGYPT,,http://www.nbe.com.eg,EG,EGY,EGYPT,nbe.com.eg,https://commons.wikimedia.org/wiki/File:National_Bank_of_Egypt_Logo.svg
517115,MASTERCARD,CREDIT,BUSINESS,CAPITAL BANK OF JORDAN,,,JO,JOR,JORDAN,bankofjordan.com,https://commons.wikimedia.org/wiki/File:Bank_of_Jordan_logo.svg
517146,MASTERCARD,CREDIT,WORLD,NATIONAL BANK OF RAS AL-KHAIMAH (RAKBANK),,,AE,ARE,UNITED ARAB EMIRATES,rakbank.ae,https://commons.wikimedia.org/wiki/File:Rakbank_logo.svg
517192,MASTERCARD,CREDIT,WORLD ELITE EXCLUSIVE,COMMERCIAL BANK INTERNATIONAL,+97142275265,http://www.cbiuae.com,AE,ARE,UNITED ARAB EMIRATES,cbiuae.com,https://img.logo.dev/cbiuae.com?format=png&size=400
517208,MASTERCARD,CREDIT,CORPORATE,HSBC BANK MIDDLE EAST,+97142241000,http://www.hsbc.ae,AE,ARE,UNITED ARAB EMIRATES,hsbc.com,https://commons.wikimedia.org/wiki/File:HSBC_logo_(2018).svg
517217,MASTERCARD,CREDIT,CORPORATE,BANQUE MISR,+20223912150,http://www.banquemisr.com,EG,EGY,EGYPT,banquemisr.com,https://commons.wikimedia.org/wiki/File:Banque_Misr_logo.svg
517219,MASTERCARD,CREDIT,WORLD ELITE,WARBA BANK K.S.C,,,KW,KWT,KUWAIT,warbabank.com,https://commons.wikimedia.org/wiki/File:Warba_Bank_logo.svg
517251,MASTERCARD,CREDIT,TITANIUM,NATIONAL BANK OF RAS AL-KHAIMAH (RAKBANK),,,AE,ARE,UNITED ARAB EMIRATES,rakbank.ae,https://commons.wikimedia.org/wiki/File:Rakbank_logo.svg
517289,MASTERCARD,DEBIT,PLATINUM,MASHREQ BANK,971 4 424 4444,http://www.mashreqbank.com,EG,EGY,EGYPT,mashreqbank.com,https://commons.wikimedia.org/wiki/File:Mashreq_bank_logo.svg
517292,MASTERCARD,CREDIT,WORLD,EMIRATES NATIONAL BANK OF DUBAI S.A.E,,,EG,EGY,EGYPT,emiratesnbd.com,https://commons.wikimedia.org/wiki/File:Emirates_NBD_logo.svg
517295,MASTERCARD,DEBIT,STANDARD,"IRAQ ELECTRONIC GATE FOR FINANCIAL SERVICES CO, LTD.",,,IQ,IRQ,IRAQ,qicard.net,https://commons.wikimedia.org/wiki/File:Qi_card_logo.svg
517313,MASTERCARD,DEBIT,PREPAID PLATINUM TRAVEL,"BURGAN BANK, S.A.K.",+9651804080,http://www.burgan.com,KW,KWT,KUWAIT,burgan.com,https://commons.wikimedia.org/wiki/File:Burgan_Bank_logo.svg
517353,MASTERCARD,DEBIT,PREPAID,UAE EXCHANGE CENTRE LLC,+97142617575,http://www.uaeexchange.com,AE,ARE,UNITED ARAB EMIRATES,uaeexchange.com,https://img.logo.dev/uaeexchange.com?format=png&size=400
517358,MASTERCARD,CREDIT,WORLD,CREDIT CARD SERVICES JORDAN,,,JO,JOR,JORDAN,,
517393,MASTERCARD,DEBIT,STANDARD,,,,JO,JOR,JORDAN,,
517395,MASTERCARD,CREDIT,TITANIUM,MAWARID FINANCE PJSC,,,AE,ARE,UNITED ARAB EMIRATES,,
517400,MASTERCARD,CREDIT,WORLD,AL HILAL BANK PJSC,,,AE,ARE,UNITED ARAB EMIRATES,alhilalbank.ae,https://commons.wikimedia.org/wiki/File:Al_Hilal_Bank_logo.svg
517401,MASTERCARD,CREDIT,WORLD,COMMERCIAL BANK INTERNATIONAL,+97142275265,http://www.cbiuae.com,AE,ARE,UNITED ARAB EMIRATES,cbiuae.com,https://img.logo.dev/cbiuae.com?format=png&size=400
517419,MASTERCARD,DEBIT,STANDARD,GULF BANK K.S.C.,,http://www.gulfbank.com,KW,KWT,KUWAIT,e-gulfbank.com,https://commons.wikimedia.org/wiki/File:Gulf_Bank_Kuwait_logo.svg
517434,MASTERCARD,DEBIT,PLATINUM,"EGYPTIAN BANKS CO. FOR TECHNOLOGICAL ADVANCEMENT, S.A.E.",,,EG,EGY,EGYPT,ebc-egypt.com,https://img.logo.dev/ebc-egypt.com?format=png&size=400
517452,MASTERCARD,DEBIT,STANDARD,MIDDLE EAST PAYMENT SERVICES LIMITED CO.,,,IQ,IRQ,IRAQ,meps.com.jo,https://img.logo.dev/meps.com.jo?format=png&size=400
517458,MASTERCARD,DEBIT,BUSINESS,GULF BANK K.S.C.,,http://www.gulfbank.com,KW,KWT,KUWAIT,e-gulfbank.com,https://commons.wikimedia.org/wiki/File:Gulf_Bank_Kuwait_logo.svg
517506,MASTERCARD,DEBIT,PREPAID,NOOR BANK PJSC,,,AE,ARE,UNITED ARAB EMIRATES,noorbank.com,https://commons.wikimedia.org/wiki/File:Noor_Bank_logo.svg
517512,MASTERCARD,DEBIT,PREPAID,ITHMAAR BANK B.S.C.,,,BH,BHR,BAHRAIN,ithmaarbank.com,https://commons.wikimedia.org/wiki/File:Ithmaar_Bank_logo.svg
517524,MASTERCARD,CREDIT,WORLD ELITE,FIRST ABU DHABI BANK PJSC,+971600525500,https://www.bankfab.com,AE,ARE,UNITED ARAB EMIRATES,bankfab.com,https://commons.wikimedia.org/wiki/File:First_Abu_Dhabi_Bank_Logo.svg
517531,MASTERCARD,CREDIT,TITANIUM,RIYAD BANK,,http://www.riyadbank.com,SA,SAU,SAUDI ARABIA,riyadbank.com,https://commons.wikimedia.org/wiki/File:Riyad_Bank_logo.svg
517554,MASTERCARD,DEBIT,PLATINUM,FIRST ABU DHABI BANK PJSC,+971600525500,https://www.bankfab.com,AE,ARE,UNITED ARAB EMIRATES,bankfab.com,https://commons.wikimedia.org/wiki/File:First_Abu_Dhabi_Bank_Logo.svg
517565,MASTERCARD,DEBIT,PLATINUM,ABU DHABI ISLAMIC BANK,,http://www.adib.ae,EG,EGY,EGYPT,adib.ae,https://commons.wikimedia.org/wiki/File:Abu_Dhabi_Islamic_Bank_Logo.svg
517568,MASTERCARD,DEBIT,PLATINUM,CSCBANK SAL,,,LB,LBN,LEBANON,cscbank.com,https://img.logo.dev/cscbank.com?format=png&size=400
517577,MASTERCARD,DEBIT,STANDARD,SOCIETE GENERALE DE BANQUE AU LIBAN S.A.L.,1274477777,http://www.sgbl.com.lb,LB,LBN,LEBANON,sgbl.com.lb,https://commons.wikimedia.org/wiki/File:SGBL_logo.svg
517582,MASTERCARD,DEBIT,PREPAID,BANQUE DU CAIRE,+20222648410,http://www.bdc.com.eg,EG,EGY,EGYPT,bdc.com.eg,https://commons.wikimedia.org/wiki/File:Banque_du_Caire_logo.svg
517597,MASTERCARD,CREDIT,CORPORATE,GULF INTERNATIONAL BANK BSC,,,SA,SAU,SAUDI ARABIA,gib.com,https://commons.wikimedia.org/wiki/File:Gulf_International_Bank_Logo.svg
517623,MASTERCARD,CREDIT,STANDARD,AREEBA S.A.L,,,LB,LBN,LEBANON,areeba.com,https://img.logo.dev/areeba.com?format=png&size=400
517658,MASTERCARD,CREDIT,GOLD,CSCBANK SAL,,,LB,LBN,LEBANON,cscbank.com,https://img.logo.dev/cscbank.com?format=png&size=400
517690,MASTERCARD,CREDIT,PLATINUM,NETWORK INTERNATIONAL LLC,,,AE,ARE,UNITED ARAB EMIRATES,network.ae,https://img.logo.dev/network.ae?format=png&size=400
517701,MASTERCARD,DEBIT,PREPAID,ALEXBANK,1 9 0 3 3,http://www.alexbank.com,EG,EGY,EGYPT,alexbank.com,https://commons.wikimedia.org/wiki/File:Alexbank_logo.svg
517703,MASTERCARD,DEBIT,PREPAID PLATINUM TRAVEL,PAYMENT INTERNATIONAL ENTERPRISE BSC,,,BH,BHR,BAHRAIN,,
517704,MASTERCARD,DEBIT,PREPAID,CREDIT LIBANAIS S.A.L.,+9611900111,http://www.creditlibanais.com.lb,LB,LBN,LEBANON,creditlibanais.com,https://commons.wikimedia.org/wiki/File:Credit_Libanais_logo.svg
517715,MASTERCARD,CREDIT,STANDARD,EMIRATES NBD,+971800456,http://www.emiratesnbd.com,AE,ARE,UNITED ARAB EMIRATES,emiratesnbd.com,https://commons.wikimedia.org/wiki/File:Emirates_NBD_logo.svg
517716,MASTERCARD,CREDIT,STANDARD,NATIONAL BANK OF EGYPT,,http://www.nbe.com.eg,EG,EGY,EGYPT,nbe.com.eg,https://commons.wikimedia.org/wiki/File:National_Bank_of_Egypt_Logo.svg
517720,MASTERCARD,CREDIT,STANDARD,NATIONAL COMMERCIAL BANK,,,SA,SAU,SAUDI ARABIA,alahli.com,https://commons.wikimedia.org/wiki/File:Saudi_National_Bank_Logo.svg
517722,MASTERCARD,CREDIT,PLATINUM,HSBC BANK MIDDLE EAST,+97142241000,http://www.hsbc.ae,AE,ARE,UNITED ARAB EMIRATES,hsbc.com,https://commons.wikimedia.org/wiki/File:HSBC_logo_(2018).svg
517723,MASTERCARD,CREDIT,STANDARD,EMIRATES NBD,+971800456,http://www.emiratesnbd.com,AE,ARE,UNITED ARAB EMIRATES,emiratesnbd.com,https://commons.wikimedia.org/wiki/File:Emirates_NBD_logo.svg
517724,MASTERCARD,CREDIT,STANDARD,BANQUE SAUDI FRANSI,966 1 289 9999 OR 966 1 874 4000,http://www.alfransi.com.sa,SA,SAU,SAUDI ARABIA,alfransi.com.sa,https://commons.wikimedia.org/wiki/File:Banque_Saudi_Fransi_Logo.svg
517726,MASTERCARD,CREDIT,STANDARD,COMMERCIAL INTERNATIONAL BANK (EGYPT) S.A.E.,971 - 4 - 3589381,http://www.cibeg.com,EG,EGY,EGYPT,cibeg.com,https://commons.wikimedia.org/wiki/File:CIB_Logo.svg
517727,MASTERCARD,DEBIT,PREPAID,JORDAN AHLI BANK,+96265007777,http://www.ahli.com,JO,JOR,JORDAN,ahlibank.com.jo,https://commons.wikimedia.org/wiki/File:Jordan_Ahli_Bank_logo.svg
517728,MASTERCARD,CREDIT,STANDARD,ARAB FINANCIAL SERVICES COMPANY B.S.C. (C),,,BH,BHR,BAHRAIN,afs.com.bh,https://img.logo.dev/afs.com.bh?format=png&size=400
517729,MASTERCARD,CREDIT,STANDARD,ARAB FINANCIAL SERVICES COMPANY B.S.C. (C),,,QA,QAT,QATAR,afs.com.bh,https://img.logo.dev/afs.com.bh?format=png&size=400
517733,MASTERCARD,CREDIT,STANDARD,CREDIMAX BSC (CLOSED),,,BH,BHR,BAHRAIN,max.co.il,https://commons.wikimedia.org/wiki/File:Max_It_Finance_logo.svg
517734,MASTERCARD,CREDIT,STANDARD,EMIRATES NBD,+971800456,http://www.emiratesnbd.com,AE,ARE,UNITED ARAB EMIRATES,emiratesnbd.com,https://commons.wikimedia.org/wiki/File:Emirates_NBD_logo.svg
517735,MASTERCARD,CREDIT,STANDARD,KUWAIT FINANCE HOUSE K.S.C.,+9651803333,http://www.kfh.com,KW,KWT,KUWAIT,financehouse.ae,https://img.logo.dev/financehouse.ae?format=png&size=400
517736,MASTERCARD,CREDIT,PLATINUM,FIRST ABU DHABI BANK PJSC,+971600525500,https://www.bankfab.com,AE,ARE,UNITED ARAB EMIRATES,bankfab.com,https://commons.wikimedia.org/wiki/File:First_Abu_Dhabi_Bank_Logo.svg
517738,MASTERCARD,CREDIT,WORLD ELITE,MASHREQ BANK,+97143632250,http://www.mashreqbank.com,AE,ARE,UNITED ARAB EMIRATES,mashreqbank.com,https://commons.wikimedia.org/wiki/File:Mashreq_bank_logo.svg
517739,MASTERCARD,CREDIT,STANDARD,COMMERCIAL INTERNATIONAL BANK (EGYPT) S.A.E.,971 - 4 - 3589381,http://www.cibeg.com,EG,EGY,EGYPT,cibeg.com,https://commons.wikimedia.org/wiki/File:CIB_Logo.svg
517740,MASTERCARD,DEBIT,STANDARD,COMMERCIAL INTERNATIONAL BANK (EGYPT) S.A.E.,971 - 4 - 3589381,http://www.cibeg.com,EG,EGY,EGYPT,cibeg.com,https://commons.wikimedia.org/wiki/File:CIB_Logo.svg
517741,MASTERCARD,CREDIT,STANDARD,"COMMERCIAL BANK OF QATAR, LTD.",+97444490000,http://www.cbq.com.qa,QA,QAT,QATAR,cbq.qa,https://commons.wikimedia.org/wiki/File:Commercial_Bank_of_Qatar_Logo.svg
517742,MASTERCARD,CREDIT,STANDARD,EMIRATES NBD,+971800456,http://www.emiratesnbd.com,AE,ARE,UNITED ARAB EMIRATES,emiratesnbd.com,https://commons.wikimedia.org/wiki/File:Emirates_NBD_logo.svg
517744,MASTERCARD,CREDIT,STANDARD,QATAR NATIONAL BANK,+97444622724,http://www.qnb.com.qa,QA,QAT,QATAR,qnb.com,https://commons.wikimedia.org/wiki/File:Qatar_National_Bank_Logo.svg
517745,MASTERCARD,CREDIT,PLATINUM,HSBC BANK MIDDLE EAST,+974 4441 6663 A851+A851,http://www.hsbc.ae,QA,QAT,QATAR,hsbc.com,https://commons.wikimedia.org/wiki/File:HSBC_logo_(2018).svg
517773,MASTERCARD,CREDIT,STANDARD,EMIRATES NBD,+971800456,http://www.emiratesnbd.com,AE,ARE,UNITED ARAB EMIRATES,emiratesnbd.com,https://commons.wikimedia.org/wiki/File:Emirates_NBD_logo.svg
517780,MASTERCARD,CREDIT,STANDARD,ABU DHABI COMMERCIAL BANK,+97126962222,http://www.adcb.com,AE,ARE,UNITED ARAB EMIRATES,adcb.com,https://commons.wikimedia.org/wiki/File:Abu_Dhabi_Commercial_Bank_Logo.svg
517783,MASTERCARD,CREDIT,STANDARD,EMIRATES NBD,+971800456,http://www.emiratesnbd.com,AE,ARE,UNITED ARAB EMIRATES,emiratesnbd.com,https://commons.wikimedia.org/wiki/File:Emirates_NBD_logo.svg
517799,MASTERCARD,CREDIT,TITANIUM,"BURGAN BANK, S.A.K.",+9651804080,http://www.burgan.com,KW,KWT,KUWAIT,burgan.com,https://commons.wikimedia.org/wiki/File:Burgan_Bank_logo.svg
517802,MASTERCARD,CREDIT,GOLD,NATIONAL BANK OF EGYPT,,http://www.nbe.com.eg,EG,EGY,EGYPT,nbe.com.eg,https://commons.wikimedia.org/wiki/File:National_Bank_of_Egypt_Logo.svg
517816,MASTERCARD,CREDIT,STANDARD,JORDAN KUWAIT BANK,,http://www.jordan-kuwait-bank.com,JO,JOR,JORDAN,jkb.com,https://commons.wikimedia.org/wiki/File:Jordan_Kuwait_Bank_logo.svg
517838,MASTERCARD,CREDIT,,NATIONAL BANK OF EGYPT,,http://www.nbe.com.eg,EG,EGY,EGYPT,nbe.com.eg,https://commons.wikimedia.org/wiki/File:National_Bank_of_Egypt_Logo.svg
517851,MASTERCARD,CREDIT,CORPORATE EXECUTIVE,ALEXBANK,1 9 0 3 3,http://www.alexbank.com,EG,EGY,EGYPT,alexbank.com,https://commons.wikimedia.org/wiki/File:Alexbank_logo.svg
517874,MASTERCARD,CREDIT,WORLD,COMMERCIAL INTERNATIONAL BANK (EGYPT) S.A.E.,971 - 4 - 3589381,http://www.cibeg.com,EG,EGY,EGYPT,cibeg.com,https://commons.wikimedia.org/wiki/File:CIB_Logo.svg
517879,MASTERCARD,DEBIT,TITANIUM,COMMERCIAL INTERNATIONAL BANK (EGYPT) S.A.E.,971 - 4 - 3589381,http://www.cibeg.com,EG,EGY,EGYPT,cibeg.com,https://commons.wikimedia.org/wiki/File:CIB_Logo.svg
517893,MASTERCARD,DEBIT,GOLD,KUWAIT INTERNATIONAL BANK,+9651866866,http://www.kib.com.kw,KW,KWT,KUWAIT,kib.com.kw,https://commons.wikimedia.org/wiki/File:Kuwait_International_Bank_logo.svg
517918,MASTERCARD,CREDIT,,ARAB NATIONAL BANK,,,SA,SAU,SAUDI ARABIA,anb.com.sa,https://commons.wikimedia.org/wiki/File:Anb_new_logo.svg
517941,MASTERCARD,CREDIT,PLATINUM,BBAC S.A.L.,,,LB,LBN,LEBANON,,
517957,MASTERCARD,CREDIT,PLATINUM,KUWAIT FINANCE HOUSE K.S.C.,+9651803333,http://www.kfh.com,KW,KWT,KUWAIT,financehouse.ae,https://img.logo.dev/financehouse.ae?format=png&size=400
517970,MASTERCARD,CREDIT,PLATINUM,ARAB FINANCIAL SERVICES COMPANY B.S.C. (C),,,QA,QAT,QATAR,afs.com.bh,https://img.logo.dev/afs.com.bh?format=png&size=400
517978,MASTERCARD,CREDIT,STANDARD,JORDAN AHLI BANK,+96265007777,http://www.ahli.com,JO,JOR,JORDAN,ahlibank.com.jo,https://commons.wikimedia.org/wiki/File:Jordan_Ahli_Bank_logo.svg
517979,MASTERCARD,CREDIT,STANDARD,NETWORK INTERNATIONAL LLC,,,AE,ARE,UNITED ARAB EMIRATES,network.ae,https://img.logo.dev/network.ae?format=png&size=400
517994,MASTERCARD,CREDIT,GOLD,BBAC S.A.L.,,,LB,LBN,LEBANON,,
517995,MASTERCARD,CREDIT,TITANIUM,SOCIETE GENERALE DE BANQUE AU LIBAN S.A.L.,1274477777,http://www.sgbl.com.lb,LB,LBN,LEBANON,sgbl.com.lb,https://commons.wikimedia.org/wiki/File:SGBL_logo.svg
518036,MASTERCARD,DEBIT,STANDARD,INTERNATIONAL SMART CARD LLC,,,IQ,IRQ,IRAQ,qicard.net,https://commons.wikimedia.org/wiki/File:Qi_card_logo.svg
518038,MASTERCARD,DEBIT,PREPAID,"IDT FINANCIAL SERVICES, LTD.",,http://www.idtfinance.com,IL,ISR,ISRAEL,idtfinance.com,https://img.logo.dev/idtfinance.com?format=png&size=400
518059,MASTERCARD,DEBIT,PLATINUM,CREDIT LIBANAIS S.A.L.,+9611900111,http://www.creditlibanais.com.lb,LB,LBN,LEBANON,creditlibanais.com,https://commons.wikimedia.org/wiki/File:Credit_Libanais_logo.svg
518084,MASTERCARD,DEBIT,WORLD REWARDS,ABU DHABI COMMERCIAL BANK,+97126962222,http://www.adcb.com,AE,ARE,UNITED ARAB EMIRATES,adcb.com,https://commons.wikimedia.org/wiki/File:Abu_Dhabi_Commercial_Bank_Logo.svg
518093,MASTERCARD,CREDIT,STANDARD,PALESTINE ISLAMIC BANK,,,PS,PSE,"PALESTINIAN TERRITORY, OCCUPIED",islamicbank.ps,https://commons.wikimedia.org/wiki/File:Palestine_Islamic_Bank_logo.svg
518094,MASTERCARD,CREDIT,STANDARD,JORDAN AHLI BANK,,http://www.ahli.com,PS,PSE,"PALESTINIAN TERRITORY, OCCUPIED",ahlibank.com.jo,https://commons.wikimedia.org/wiki/File:Jordan_Ahli_Bank_logo.svg
518107,MASTERCARD,CREDIT,STANDARD,BBAC S.A.L.,,,LB,LBN,LEBANON,,
518108,MASTERCARD,CREDIT,STANDARD,SOCIETE GENERALE DE BANQUE AU LIBAN S.A.L.,1274477777,http://www.sgbl.com.lb,LB,LBN,LEBANON,sgbl.com.lb,https://commons.wikimedia.org/wiki/File:SGBL_logo.svg
518162,MASTERCARD,CREDIT,STANDARD,CSCBANK SAL,,,LB,LBN,LEBANON,cscbank.com,https://img.logo.dev/cscbank.com?format=png&size=400
518173,MASTERCARD,CREDIT,STANDARD,ARAB JORDAN INVESTMENT BANK,,,JO,JOR,JORDAN,ajib.com,https://img.logo.dev/ajib.com?format=png&size=400
518189,MASTERCARD,DEBIT,STANDARD,DOHA BANK Q.S.C,,,QA,QAT,QATAR,dohabank.com,https://commons.wikimedia.org/wiki/File:Doha_Bank_logo.svg
518204,MASTERCARD,CREDIT,STANDARD,AL JANOOB ISLAMIC BANK FOR INVESTMENT AND FINANCE,,,IQ,IRQ,IRAQ,jib.iq,https://img.logo.dev/jib.iq?format=png&size=400
518241,MASTERCARD,DEBIT,PREPAID,ISRACARD LTD.,,,IL,ISR,ISRAEL,isracard.co.il,https://commons.wikimedia.org/wiki/File:Isracard_logo.svg
518285,MASTERCARD,CREDIT,PLATINUM,FIRST ABU DHABI BANK PJSC,+971600525500,https://www.bankfab.com,AE,ARE,UNITED ARAB EMIRATES,bankfab.com,https://commons.wikimedia.org/wiki/File:First_Abu_Dhabi_Bank_Logo.svg
518291,MASTERCARD,DEBIT,BUSINESS,NETWORK INTERNATIONAL LLC,,,AE,ARE,UNITED ARAB EMIRATES,network.ae,https://img.logo.dev/network.ae?format=png&size=400
518292,MASTERCARD,DEBIT,PREPAID RELOADABLE,ABU DHABI ISLAMIC BANK,,http://www.adib.ae,EG,EGY,EGYPT,adib.ae,https://commons.wikimedia.org/wiki/File:Abu_Dhabi_Islamic_Bank_Logo.svg
518298,MASTERCARD,CREDIT,GOLD,HSBC BANK EGYPT,+20235359700,http://www.hsbc.com.eg,EG,EGY,EGYPT,hsbc.com,https://commons.wikimedia.org/wiki/File:HSBC_logo_(2018).svg
518300,MASTERCARD,CREDIT,TITANIUM,HOUSING & DEVELOPMENT BANK,,,EG,EGY,EGYPT,,
518315,MASTERCARD,CREDIT,STANDARD,HSBC BANK EGYPT,+20235359700,http://www.hsbc.com.eg,EG,EGY,EGYPT,hsbc.com,https://commons.wikimedia.org/wiki/File:HSBC_logo_(2018).svg
518362,MASTERCARD,DEBIT,STANDARD,INTERNATIONAL ISLAMIC BANK,,,IQ,IRQ,IRAQ,,
518368,MASTERCARD,DEBIT,PREPAID,DUBAI ISLAMIC BANK PJSC,,,AE,ARE,UNITED ARAB EMIRATES,alislami.ae,https://commons.wikimedia.org/wiki/File:Dubai_Islamic_Bank_logo.svg
518406,MASTERCARD,CREDIT,WORLD,QATAR INTERNATIONAL ISLAMIC BANK,,http://www.qiib.com.qa,QA,QAT,QATAR,qiib.com.qa,https://commons.wikimedia.org/wiki/File:QIIB_logo.svg
518409,MASTERCARD,CREDIT,BUSINESS,ISRAEL CREDIT CARDS LTD.,,,IL,ISR,ISRAEL,cal-online.co.il,https://commons.wikimedia.org/wiki/File:Cal_Israel_Credit_Cards_logo.svg
518429,MASTERCARD,CREDIT,,,,,AE,ARE,UNITED ARAB EMIRATES,,
518433,MASTERCARD,CREDIT,PLATINUM,HSBC BANK EGYPT,+20235359700,http://www.hsbc.com.eg,EG,EGY,EGYPT,hsbc.com,https://commons.wikimedia.org/wiki/File:HSBC_logo_(2018).svg
518436,MASTERCARD,CREDIT,TITANIUM,ABU DHABI ISLAMIC BANK P.J.S.C.,,,AE,ARE,UNITED ARAB EMIRATES,adib.ae,https://commons.wikimedia.org/wiki/File:Abu_Dhabi_Islamic_Bank_Logo.svg
518485,MASTERCARD,CREDIT,STANDARD,AREEBA S.A.L,,,LB,LBN,LEBANON,areeba.com,https://img.logo.dev/areeba.com?format=png&size=400
518504,MASTERCARD,CREDIT,WORLD,SHARJAH ISLAMIC BANK PJSC,+97165999999,http://www.sib.ae,AE,ARE,UNITED ARAB EMIRATES,sib.ae,https://commons.wikimedia.org/wiki/File:Sharjah_Islamic_Bank_logo.svg
518520,MASTERCARD,CREDIT,GOLD,FIRST ABU DHABI BANK PJSC,+20225204375,https://www.bankfab.com,EG,EGY,EGYPT,bankfab.com,https://commons.wikimedia.org/wiki/File:First_Abu_Dhabi_Bank_Logo.svg
518521,MASTERCARD,CREDIT,TITANIUM,"BURGAN BANK, S.A.K.",+9651804080,http://www.burgan.com,KW,KWT,KUWAIT,burgan.com,https://commons.wikimedia.org/wiki/File:Burgan_Bank_logo.svg
518548,MASTERCARD,CREDIT,STANDARD,FIRST ABU DHABI BANK PJSC,+20225204375,https://www.bankfab.com,EG,EGY,EGYPT,bankfab.com,https://commons.wikimedia.org/wiki/File:First_Abu_Dhabi_Bank_Logo.svg
518549,MASTERCARD,CREDIT,STANDARD,"BURGAN BANK, S.A.K.",+9651804080,http://www.burgan.com,KW,KWT,KUWAIT,burgan.com,https://commons.wikimedia.org/wiki/File:Burgan_Bank_logo.svg
518575,MASTERCARD,CREDIT,,BANK OF BEIRUT AND THE ARAB COUNTRIESS.A.L.,+9614727747,http://www.bbacbank.com,LB,LBN,LEBANON,bankofbeirut.com,https://commons.wikimedia.org/wiki/File:Bank_of_Beirut_logo.svg
518649,MASTERCARD,DEBIT,PREPAID,AREEBA S.A.L,,,LB,LBN,LEBANON,areeba.com,https://img.logo.dev/areeba.com?format=png&size=400
518668,MASTERCARD,DEBIT,STANDARD,YANA BANKING SERVICES COMPANY,,,IQ,IRQ,IRAQ,,
518694,MASTERCARD,DEBIT,PREPAID PLATINUM TRAVEL,THE SAUDI NATIONAL BANK,,,SA,SAU,SAUDI ARABIA,alahli.com,https://commons.wikimedia.org/wiki/File:Saudi_National_Bank_Logo.svg
518696,MASTERCARD,CREDIT,CORPORATE EXECUTIVE,NETWORK INTERNATIONAL LLC,,,AE,ARE,UNITED ARAB EMIRATES,network.ae,https://img.logo.dev/network.ae?format=png&size=400
518719,MASTERCARD,CREDIT,STANDARD,STANDARD CHARTERED BANK,+97317531532,https://www.sc.com,BH,BHR,BAHRAIN,sc.com,https://commons.wikimedia.org/wiki/File:Standard_Chartered_(2021).svg
518722,MASTERCARD,CREDIT,GOLD,JORDAN AHLI BANK,+96265007777,http://www.ahli.com,JO,JOR,JORDAN,ahlibank.com.jo,https://commons.wikimedia.org/wiki/File:Jordan_Ahli_Bank_logo.svg
518739,MASTERCARD,CREDIT,PLATINUM,CSCBANK SAL,,,IQ,IRQ,IRAQ,cscbank.com,https://img.logo.dev/cscbank.com?format=png&size=400
518750,MASTERCARD,CREDIT,STANDARD,CSCBANK S.A.L.,+9611871245,http://www.ccm.com.lb,LB,LBN,LEBANON,cscbank.com,https://img.logo.dev/cscbank.com?format=png&size=400
518762,MASTERCARD,DEBIT,PREPAID PLATINUM TRAVEL,UAE EXCHANGE CENTRE LLC,+97142617575,http://www.uaeexchange.com,AE,ARE,UNITED ARAB EMIRATES,uaeexchange.com,https://img.logo.dev/uaeexchange.com?format=png&size=400
518817,MASTERCARD,CREDIT,STANDARD,STANDARD CHARTERED BANK,+97317531532,https://www.sc.com,BH,BHR,BAHRAIN,sc.com,https://commons.wikimedia.org/wiki/File:Standard_Chartered_(2021).svg
518857,MASTERCARD,CREDIT,GOLD,FIRST ABU DHABI BANK PJSC,+971600525500,https://www.bankfab.com,AE,ARE,UNITED ARAB EMIRATES,bankfab.com,https://commons.wikimedia.org/wiki/File:First_Abu_Dhabi_Bank_Logo.svg
518867,MASTERCARD,CREDIT,GOLD,ITHMAAR BANK B.S.C.,,,BH,BHR,BAHRAIN,ithmaarbank.com,https://commons.wikimedia.org/wiki/File:Ithmaar_Bank_logo.svg
518870,MASTERCARD,CREDIT,TITANIUM,EMIRATES NBD,+971800456,http://www.emiratesnbd.com,AE,ARE,UNITED ARAB EMIRATES,emiratesnbd.com,https://commons.wikimedia.org/wiki/File:Emirates_NBD_logo.svg
518871,MASTERCARD,CREDIT,TITANIUM,EMIRATES NBD,+971800456,http://www.emiratesnbd.com,AE,ARE,UNITED ARAB EMIRATES,emiratesnbd.com,https://commons.wikimedia.org/wiki/File:Emirates_NBD_logo.svg
518872,MASTERCARD,CREDIT,TITANIUM,EMIRATES NBD,+971800456,http://www.emiratesnbd.com,AE,ARE,UNITED ARAB EMIRATES,emiratesnbd.com,https://commons.wikimedia.org/wiki/File:Emirates_NBD_logo.svg
518883,MASTERCARD,CREDIT,GOLD,CSCBANK S.A.L.,+9611871245,http://www.ccm.com.lb,LB,LBN,LEBANON,cscbank.com,https://img.logo.dev/cscbank.com?format=png&size=400
518888,MASTERCARD,CREDIT,PLATINUM,ELAF ISLAMIC BANK,,,IQ,IRQ,IRAQ,,
518891,MASTERCARD,DEBIT,PREPAID BUSINESS,AL-MADFU AT AL-RAQMIYYAH FOR FINANCIAL TECHNOLOGY,,,SA,SAU,SAUDI ARABIA,,
518895,MASTERCARD,CREDIT,GOLD,FIRST ABU DHABI BANK PJSC,+20225204375,https://www.bankfab.com,EG,EGY,EGYPT,bankfab.com,https://commons.wikimedia.org/wiki/File:First_Abu_Dhabi_Bank_Logo.svg
518904,MASTERCARD,CREDIT,,BANQUE MISR,+20223912150,http://www.banquemisr.com,EG,EGY,EGYPT,banquemisr.com,https://commons.wikimedia.org/wiki/File:Banque_Misr_logo.svg
518910,MASTERCARD,CREDIT,WORLD ELITE,FIRST ABU DHABI BANK PJSC,+971600525500,https://www.bankfab.com,AE,ARE,UNITED ARAB EMIRATES,bankfab.com,https://commons.wikimedia.org/wiki/File:First_Abu_Dhabi_Bank_Logo.svg
518917,MASTERCARD,CREDIT,STANDARD,DOHA BANK Q.S.C,,,QA,QAT,QATAR,dohabank.com,https://commons.wikimedia.org/wiki/File:Doha_Bank_logo.svg
518933,MASTERCARD,CREDIT,PLATINUM,ARAB FINANCIAL SERVICES COMPANY B.S.C. (C),,,AE,ARE,UNITED ARAB EMIRATES,afs.com.bh,https://img.logo.dev/afs.com.bh?format=png&size=400
518953,MASTERCARD,CREDIT,GOLD,"MAX IT FINANCE, LTD.",,,IL,ISR,ISRAEL,max.co.il,https://commons.wikimedia.org/wiki/File:Max_It_Finance_logo.svg
518954,MASTERCARD,CREDIT,STANDARD,BANK LEUMI LE-ISRAEL BM,,,IL,ISR,ISRAEL,leumi.co.il,https://commons.wikimedia.org/wiki/File:Bank_Leumi_Logo.svg
518955,MASTERCARD,CREDIT,GOLD,BANK LEUMI LE-ISRAEL BM,,,IL,ISR,ISRAEL,leumi.co.il,https://commons.wikimedia.org/wiki/File:Bank_Leumi_Logo.svg
518975,MASTERCARD,CREDIT,TITANIUM,FIRST ABU DHABI BANK PJSC,+971600525500,https://www.bankfab.com,AE,ARE,UNITED ARAB EMIRATES,bankfab.com,https://commons.wikimedia.org/wiki/File:First_Abu_Dhabi_Bank_Logo.svg
518986,MASTERCARD,CREDIT,GOLD,ISRAEL CREDIT CARDS LTD.,,,IL,ISR,ISRAEL,cal-online.co.il,https://commons.wikimedia.org/wiki/File:Cal_Israel_Credit_Cards_logo.svg
518987,MASTERCARD,CREDIT,,"ISRAEL CREDIT CARDS, LTD.",360-378-2265,http://www.cal-intl.com,IL,ISR,ISRAEL,cal-online.co.il,https://commons.wikimedia.org/wiki/File:Cal_Israel_Credit_Cards_logo.svg
518989,MASTERCARD,CREDIT,STANDARD,ISRAEL CREDIT CARDS LTD.,,,IL,ISR,ISRAEL,cal-online.co.il,https://commons.wikimedia.org/wiki/File:Cal_Israel_Credit_Cards_logo.svg
518991,MASTERCARD,CREDIT,GOLD,ISRAEL CREDIT CARDS LTD.,,,IL,ISR,ISRAEL,cal-online.co.il,https://commons.wikimedia.org/wiki/File:Cal_Israel_Credit_Cards_logo.svg
519001,MASTERCARD,DEBIT,PREPAID,BANQUE DU CAIRE,+20222648410,http://www.bdc.com.eg,EG,EGY,EGYPT,bdc.com.eg,https://commons.wikimedia.org/wiki/File:Banque_du_Caire_logo.svg
519009,MASTERCARD,DEBIT,STANDARD,MIDDLE EAST PAYMENT SERVICES LIMITED CO.,,,IQ,IRQ,IRAQ,meps.com.jo,https://img.logo.dev/meps.com.jo?format=png&size=400
519036,MASTERCARD,DEBIT,PREPAID,"BANK OF JERUSALEM, LTD.",,,IL,ISR,ISRAEL,,
519060,MASTERCARD,DEBIT,WORLD,SOCIETE GENERALE DE BANQUE AU LIBAN S.A.L.,1274477777,http://www.sgbl.com.lb,LB,LBN,LEBANON,sgbl.com.lb,https://commons.wikimedia.org/wiki/File:SGBL_logo.svg
519065,MASTERCARD,CREDIT,PLATINUM,FINANCE HOUSE L.L.C.,,,AE,ARE,UNITED ARAB EMIRATES,financehouse.ae,https://img.logo.dev/financehouse.ae?format=png&size=400
519117,MASTERCARD,CREDIT,PLATINUM,AAFAQ ISLAMIC FINANCE PSC,,,AE,ARE,UNITED ARAB EMIRATES,aafaq.ae,https://img.logo.dev/aafaq.ae?format=png&size=400
519130,MASTERCARD,CREDIT,STANDARD,NATIONAL BANK OF KUWAIT (S.A.K.),,,KW,KWT,KUWAIT,nbk.com,https://commons.wikimedia.org/wiki/File:National_Bank_of_Kuwait_logo.svg
519145,MASTERCARD,DEBIT,PREPAID WORLD,JORDANIAN ELAF FOR INTEGRATED SOLUTIONS,,,JO,JOR,JORDAN,,
519158,MASTERCARD,CREDIT,WORLD ELITE,AHLI BANK OF KUWAIT,,,EG,EGY,EGYPT,eahli.com,https://commons.wikimedia.org/wiki/File:Al_Ahli_Bank_of_Kuwait_logo.svg
519165,MASTERCARD,CREDIT,PLATINUM,ISRACARD LTD.,,,IL,ISR,ISRAEL,isracard.co.il,https://commons.wikimedia.org/wiki/File:Isracard_logo.svg
519174,MASTERCARD,DEBIT,PREPAID,ARAB FINANCIAL SERVICES COMPANY B.S.C. (C),,,QA,QAT,QATAR,afs.com.bh,https://img.logo.dev/afs.com.bh?format=png&size=400
519190,MASTERCARD,DEBIT,PREPAID,JORDAN AHLI BANK,+96265007777,http://www.ahli.com,JO,JOR,JORDAN,ahlibank.com.jo,https://commons.wikimedia.org/wiki/File:Jordan_Ahli_Bank_logo.svg
519212,MASTERCARD,DEBIT,PLATINUM,NETWORK INTERNATIONAL LLC,,,AE,ARE,UNITED ARAB EMIRATES,network.ae,https://img.logo.dev/network.ae?format=png&size=400
519246,MASTERCARD,DEBIT,BUSINESS,EMIRATES NATIONAL BANK OF DUBAI S.A.E,,,EG,EGY,EGYPT,emiratesnbd.com,https://commons.wikimedia.org/wiki/File:Emirates_NBD_logo.svg
519251,MASTERCARD,CREDIT,STANDARD,FIRST ABU DHABI BANK PJSC,+20225204375,https://www.bankfab.com,EG,EGY,EGYPT,bankfab.com,https://commons.wikimedia.org/wiki/File:First_Abu_Dhabi_Bank_Logo.svg
519278,MASTERCARD,CREDIT,WORLD,CAPITAL BANK OF JORDAN,,,JO,JOR,JORDAN,bankofjordan.com,https://commons.wikimedia.org/wiki/File:Bank_of_Jordan_logo.svg
519288,MASTERCARD,DEBIT,PREPAID RELOADABLE,QATAR NATIONAL BANK,+97444622724,http://www.qnb.com.qa,QA,QAT,QATAR,qnb.com,https://commons.wikimedia.org/wiki/File:Qatar_National_Bank_Logo.svg
519296,MASTERCARD,DEBIT,PREPAID WORLD,JORDANIAN ELAF FOR INTEGRATED SOLUTIONS,,,JO,JOR,JORDAN,,
519305,MASTERCARD,CREDIT,PLATINUM,ABU DHABI COMMERCIAL BANK,+97126962222,http://www.adcb.com,AE,ARE,UNITED ARAB EMIRATES,adcb.com,https://commons.wikimedia.org/wiki/File:Abu_Dhabi_Commercial_Bank_Logo.svg
519309,MASTERCARD,CREDIT,WORLD ELITE,CREDIMAX BSC (CLOSED),,,BH,BHR,BAHRAIN,max.co.il,https://commons.wikimedia.org/wiki/File:Max_It_Finance_logo.svg
519310,MASTERCARD,CREDIT,STANDARD,THE SAUDI NATIONAL BANK,,,SA,SAU,SAUDI ARABIA,alahli.com,https://commons.wikimedia.org/wiki/File:Saudi_National_Bank_Logo.svg
519316,MASTERCARD,CREDIT,PLATINUM,AREEBA S.A.L,,,LB,LBN,LEBANON,areeba.com,https://img.logo.dev/areeba.com?format=png&size=400
519341,MASTERCARD,CREDIT,PLATINUM,THE SAUDI NATIONAL BANK,,,SA,SAU,SAUDI ARABIA,alahli.com,https://commons.wikimedia.org/wiki/File:Saudi_National_Bank_Logo.svg
519359,MASTERCARD,DEBIT,TITANIUM,BANQUE MISR,+20223912150,http://www.banquemisr.com,EG,EGY,EGYPT,banquemisr.com,https://commons.wikimedia.org/wiki/File:Banque_Misr_logo.svg
519360,MASTERCARD,DEBIT,STANDARD,"IRAQ ELECTRONIC GATE FOR FINANCIAL SERVICES CO, LTD.",,,IQ,IRQ,IRAQ,qicard.net,https://commons.wikimedia.org/wiki/File:Qi_card_logo.svg
519373,MASTERCARD,DEBIT,PREPAID RELOADABLE,ALQASEH FOR FINANCIAL SERVICES AND ELECTRONIC PAYMENT,,,IQ,IRQ,IRAQ,,
519379,MASTERCARD,CREDIT,PLATINUM,HSBC BANK EGYPT,+20235359700,http://www.hsbc.com.eg,EG,EGY,EGYPT,hsbc.com,https://commons.wikimedia.org/wiki/File:HSBC_logo_(2018).svg
519402,MASTERCARD,CREDIT,WORLD,"MAX IT FINANCE, LTD.",,,IL,ISR,ISRAEL,max.co.il,https://commons.wikimedia.org/wiki/File:Max_It_Finance_logo.svg
519404,MASTERCARD,DEBIT,STANDARD,"IRAQ ELECTRONIC GATE FOR FINANCIAL SERVICES CO, LTD.",,,IQ,IRQ,IRAQ,qicard.net,https://commons.wikimedia.org/wiki/File:Qi_card_logo.svg
519441,MASTERCARD,CREDIT,STANDARD,CSCBANK SAL,,,LB,LBN,LEBANON,cscbank.com,https://img.logo.dev/cscbank.com?format=png&size=400
519445,MASTERCARD,CREDIT,GOLD,CSCBANK SAL,,,IQ,IRQ,IRAQ,cscbank.com,https://img.logo.dev/cscbank.com?format=png&size=400
519451,MASTERCARD,CREDIT,MIXED PRODUCT,CSCBANK S.A.L.,+9611871245,http://www.ccm.com.lb,LB,LBN,LEBANON,cscbank.com,https://img.logo.dev/cscbank.com?format=png&size=400
519454,MASTERCARD,CREDIT,EXECUTIVE BUSINESS,BANK DHOFAR SAOG,,,OM,OMN,OMAN,bankdhofar.com,https://commons.wikimedia.org/wiki/File:Bank_Dhofar_logo.svg
519456,MASTERCARD,DEBIT,PREPAID CORPORATE,"IDT FINANCIAL SERVICES, LTD.",,http://www.idtfinance.com,IL,ISR,ISRAEL,idtfinance.com,https://img.logo.dev/idtfinance.com?format=png&size=400
519458,MASTERCARD,DEBIT,PREPAID PLATINUM TRAVEL,DOHA BANK Q.S.C,,,QA,QAT,QATAR,dohabank.com,https://commons.wikimedia.org/wiki/File:Doha_Bank_logo.svg
519484,MASTERCARD,DEBIT,WORLD,EMIRATES NATIONAL BANK OF DUBAI S.A.E,,,EG,EGY,EGYPT,emiratesnbd.com,https://commons.wikimedia.org/wiki/File:Emirates_NBD_logo.svg
519487,MASTERCARD,DEBIT,PREPAID,MIDDLE EAST PAYMENT SERVICES LIMITED CO.,,,IQ,IRQ,IRAQ,meps.com.jo,https://img.logo.dev/meps.com.jo?format=png&size=400
519508,MASTERCARD,DEBIT,PREPAID,NETWORK INTERNATIONAL LLC,,,AE,ARE,UNITED ARAB EMIRATES,network.ae,https://img.logo.dev/network.ae?format=png&size=400
519511,MASTERCARD,DEBIT,PREPAID,DUBAI ISLAMIC BANK PJSC,,,AE,ARE,UNITED ARAB EMIRATES,alislami.ae,https://commons.wikimedia.org/wiki/File:Dubai_Islamic_Bank_logo.svg
519529,MASTERCARD,DEBIT,WORLD,ALEXBANK,1 9 0 3 3,http://www.alexbank.com,EG,EGY,EGYPT,alexbank.com,https://commons.wikimedia.org/wiki/File:Alexbank_logo.svg
519533,MASTERCARD,DEBIT,PREPAID,DUBAI ISLAMIC BANK PJSC,,,AE,ARE,UNITED ARAB EMIRATES,alislami.ae,https://commons.wikimedia.org/wiki/File:Dubai_Islamic_Bank_logo.svg
519616,MASTERCARD,DEBIT,STANDARD,NETWORK INTERNATIONAL LLC,,,AE,ARE,UNITED ARAB EMIRATES,network.ae,https://img.logo.dev/network.ae?format=png&size=400
519630,MASTERCARD,CREDIT,PLATINUM,NATIONAL BANK OF RAS AL-KHAIMAH (RAKBANK),,,AE,ARE,UNITED ARAB EMIRATES,rakbank.ae,https://commons.wikimedia.org/wiki/File:Rakbank_logo.svg
519632,MASTERCARD,DEBIT,STANDARD,MASHREQ BANK,971 4 424 4444,http://www.mashreqbank.com,EG,EGY,EGYPT,mashreqbank.com,https://commons.wikimedia.org/wiki/File:Mashreq_bank_logo.svg
519634,MASTERCARD,CREDIT,WORLD,STANDARD CHARTERED BANK,+971600522288,https://www.sc.com,AE,ARE,UNITED ARAB EMIRATES,sc.com,https://commons.wikimedia.org/wiki/File:Standard_Chartered_(2021).svg
519737,MASTERCARD,CREDIT,BUSINESS,BANQUE MISR,+20223912150,http://www.banquemisr.com,EG,EGY,EGYPT,banquemisr.com,https://commons.wikimedia.org/wiki/File:Banque_Misr_logo.svg
519779,MASTERCARD,CREDIT,CORPORATE WORLD,JORDAN COMMERCIAL BANK,+96265203000,http://www.jcbank.com.jo,JO,JOR,JORDAN,jcbank.com.jo,https://img.logo.dev/jcbank.com.jo?format=png&size=400
519855,MASTERCARD,DEBIT,PLATINUM,FIRST ABU DHABI BANK PJSC,+971600525500,https://www.bankfab.com,AE,ARE,UNITED ARAB EMIRATES,bankfab.com,https://commons.wikimedia.org/wiki/File:First_Abu_Dhabi_Bank_Logo.svg
519857,MASTERCARD,DEBIT,WORLD,CSCBANK SAL,,,LB,LBN,LEBANON,cscbank.com,https://img.logo.dev/cscbank.com?format=png&size=400
519861,MASTERCARD,DEBIT,WORLD,NATIONAL BANK OF OMAN (SAOG),,,OM,OMN,OMAN,nbo.om,https://commons.wikimedia.org/wiki/File:National_Bank_of_Oman_logo.svg
519868,MASTERCARD,DEBIT,WORLD,NETWORK INTERNATIONAL LLC,,,AE,ARE,UNITED ARAB EMIRATES,network.ae,https://img.logo.dev/network.ae?format=png&size=400
519871,MASTERCARD,DEBIT,STANDARD,AL JANOOB ISLAMIC BANK FOR INVESTMENT AND FINANCE,,,IQ,IRQ,IRAQ,jib.iq,https://img.logo.dev/jib.iq?format=png&size=400
519875,MASTERCARD,DEBIT,PLATINUM,FIRST ABU DHABI BANK PJSC,+971600525500,https://www.bankfab.com,AE,ARE,UNITED ARAB EMIRATES,bankfab.com,https://commons.wikimedia.org/wiki/File:First_Abu_Dhabi_Bank_Logo.svg
519886,MASTERCARD,DEBIT,PLATINUM,JORDAN AHLI BANK,+96265007777,http://www.ahli.com,JO,JOR,JORDAN,ahlibank.com.jo,https://commons.wikimedia.org/wiki/File:Jordan_Ahli_Bank_logo.svg
519887,MASTERCARD,DEBIT,PLATINUM,BANK DHOFAR SAOG,,,OM,OMN,OMAN,bankdhofar.com,https://commons.wikimedia.org/wiki/File:Bank_Dhofar_logo.svg
519900,MASTERCARD,CREDIT,WORLD ELITE EXCLUSIVE,NATIONAL BANK OF BAHRAIN,,,BH,BHR,BAHRAIN,nbbonline.com,https://commons.wikimedia.org/wiki/File:National_Bank_of_Bahrain_logo.svg
519912,MASTERCARD,DEBIT,STANDARD,"EGYPTIAN BANKS CO. FOR TECHNOLOGICAL ADVANCEMENT, S.A.E.",,,EG,EGY,EGYPT,ebc-egypt.com,https://img.logo.dev/ebc-egypt.com?format=png&size=400
519916,MASTERCARD,CREDIT,EXECUTIVE BUSINESS,NATIONAL BANK OF KUWAIT (S.A.K.),,,KW,KWT,KUWAIT,nbk.com,https://commons.wikimedia.org/wiki/File:National_Bank_of_Kuwait_logo.svg
519926,MASTERCARD,CREDIT,EXECUTIVE BUSINESS,JORDAN AHLI BANK,+96265007777,http://www.ahli.com,JO,JOR,JORDAN,ahlibank.com.jo,https://commons.wikimedia.org/wiki/File:Jordan_Ahli_Bank_logo.svg
519957,MASTERCARD,CREDIT,WORLD ELITE,QATAR NATIONAL BANK,+97444622724,http://www.qnb.com.qa,QA,QAT,QATAR,qnb.com,https://commons.wikimedia.org/wiki/File:Qatar_National_Bank_Logo.svg
519964,MASTERCARD,CREDIT,WORLD ELITE,AREEBA S.A.L,,,LB,LBN,LEBANON,areeba.com,https://img.logo.dev/areeba.com?format=png&size=400
519969,MASTERCARD,CREDIT,WORLD ELITE,SHARJAH ISLAMIC BANK PJSC,+97165999999,http://www.sib.ae,AE,ARE,UNITED ARAB EMIRATES,sib.ae,https://commons.wikimedia.org/wiki/File:Sharjah_Islamic_Bank_logo.svg
520008,MASTERCARD,CREDIT,STANDARD,THE NATIONAL BANK PLC,,,PS,PSE,"PALESTINIAN TERRITORY, OCCUPIED",tnb.ps,https://img.logo.dev/tnb.ps?format=png&size=400
520029,MASTERCARD,CREDIT,,NETWORK INTERNATIONAL LLC,,,AE,ARE,UNITED ARAB EMIRATES,network.ae,https://img.logo.dev/network.ae?format=png&size=400
520031,MASTERCARD,CREDIT,STANDARD,BANQUE DU CAIRE,+20222648410,http://www.bdc.com.eg,EG,EGY,EGYPT,bdc.com.eg,https://commons.wikimedia.org/wiki/File:Banque_du_Caire_logo.svg
520058,MASTERCARD,DEBIT,BUSINESS,RIYAD BANK,,http://www.riyadbank.com,SA,SAU,SAUDI ARABIA,riyadbank.com,https://commons.wikimedia.org/wiki/File:Riyad_Bank_logo.svg
520065,MASTERCARD,DEBIT,STANDARD,"BANK OF BEIRUT, S.A.L.",,,LB,LBN,LEBANON,bankofbeirut.com,https://commons.wikimedia.org/wiki/File:Bank_of_Beirut_logo.svg
520073,MASTERCARD,CREDIT,GOLD,ARAB FINANCIAL SERVICES COMPANY B.S.C. (C),,,BH,BHR,BAHRAIN,afs.com.bh,https://img.logo.dev/afs.com.bh?format=png&size=400
520074,MASTERCARD,CREDIT,GOLD,ARAB FINANCIAL SERVICES COMPANY B.S.C. (C),,,BH,BHR,BAHRAIN,afs.com.bh,https://img.logo.dev/afs.com.bh?format=png&size=400
520076,MASTERCARD,CREDIT,GOLD,ARAB FINANCIAL SERVICES COMPANY B.S.C. (C),,,BH,BHR,BAHRAIN,afs.com.bh,https://img.logo.dev/afs.com.bh?format=png&size=400
520089,MASTERCARD,CREDIT,BUSINESS,RIYAD BANK,,http://www.riyadbank.com,SA,SAU,SAUDI ARABIA,riyadbank.com,https://commons.wikimedia.org/wiki/File:Riyad_Bank_logo.svg
520090,MASTERCARD,CREDIT,PLATINUM,RIYAD BANK,,http://www.riyadbank.com,SA,SAU,SAUDI ARABIA,riyadbank.com,https://commons.wikimedia.org/wiki/File:Riyad_Bank_logo.svg
520107,MASTERCARD,CREDIT,GOLD,CSCBANK SAL,,,LB,LBN,LEBANON,cscbank.com,https://img.logo.dev/cscbank.com?format=png&size=400
520123,MASTERCARD,CREDIT,GOLD,STANDARD CHARTERED BANK,+97444248601,https://www.sc.com,QA,QAT,QATAR,sc.com,https://commons.wikimedia.org/wiki/File:Standard_Chartered_(2021).svg
520124,MASTERCARD,CREDIT,GOLD,STANDARD CHARTERED BANK,+9614542474,https://www.sc.com,LB,LBN,LEBANON,sc.com,https://commons.wikimedia.org/wiki/File:Standard_Chartered_(2021).svg
520149,MASTERCARD,CREDIT,TITANIUM,COMMERCIAL INTERNATIONAL BANK (EGYPT) S.A.E.,971 - 4 - 3589381,http://www.cibeg.com,EG,EGY,EGYPT,cibeg.com,https://commons.wikimedia.org/wiki/File:CIB_Logo.svg
520150,MASTERCARD,CREDIT,GOLD,CSCBANK SAL,,,LB,LBN,LEBANON,cscbank.com,https://img.logo.dev/cscbank.com?format=png&size=400
520200,MASTERCARD,CREDIT,WORLD,CREDIT LIBANAIS S.A.L.,+9611900111,http://www.creditlibanais.com.lb,LB,LBN,LEBANON,creditlibanais.com,https://commons.wikimedia.org/wiki/File:Credit_Libanais_logo.svg
520232,MASTERCARD,CREDIT,TITANIUM,BANQUE MISR,+20223912150,http://www.banquemisr.com,EG,EGY,EGYPT,banquemisr.com,https://commons.wikimedia.org/wiki/File:Banque_Misr_logo.svg
520233,MASTERCARD,CREDIT,TITANIUM,BANQUE MISR,+20223912150,http://www.banquemisr.com,EG,EGY,EGYPT,banquemisr.com,https://commons.wikimedia.org/wiki/File:Banque_Misr_logo.svg
520305,MASTERCARD,CREDIT,TITANIUM,NETWORK INTERNATIONAL LLC,,,EG,EGY,EGYPT,network.ae,https://img.logo.dev/network.ae?format=png&size=400
520325,MASTERCARD,DEBIT,TITANIUM,AL JANOOB ISLAMIC BANK FOR INVESTMENT AND FINANCE,,,IQ,IRQ,IRAQ,jib.iq,https://img.logo.dev/jib.iq?format=png&size=400
520378,MASTERCARD,CREDIT,STANDARD,COMMERCIAL INTERNATIONAL BANK (EGYPT) S.A.E.,971 - 4 - 3589381,http://www.cibeg.com,EG,EGY,EGYPT,cibeg.com,https://commons.wikimedia.org/wiki/File:CIB_Logo.svg
520379,MASTERCARD,CREDIT,STANDARD,ARAB FINANCIAL SERVICES COMPANY B.S.C. (C),,,OM,OMN,OMAN,afs.com.bh,https://img.logo.dev/afs.com.bh?format=png&size=400
520388,MASTERCARD,CREDIT,,ARAB AFRICAN INTERNATIONAL BANK,+20224886679,http://www.aaib.com,EG,EGY,EGYPT,aaib.com,https://commons.wikimedia.org/wiki/File:Arab_African_International_Bank_Logo.svg
520398,MASTERCARD,CREDIT,STANDARD,AREEBA S.A.L,,,LB,LBN,LEBANON,areeba.com,https://img.logo.dev/areeba.com?format=png&size=400
520414,MASTERCARD,CREDIT,STANDARD,DOHA BANK Q.S.C,,,QA,QAT,QATAR,dohabank.com,https://commons.wikimedia.org/wiki/File:Doha_Bank_logo.svg
520419,MASTERCARD,DEBIT,,DOHA BANK Q.S.C,,,QA,QAT,QATAR,dohabank.com,https://commons.wikimedia.org/wiki/File:Doha_Bank_logo.svg
520430,MASTERCARD,CREDIT,TITANIUM,ARAB NATIONAL BANK,,,SA,SAU,SAUDI ARABIA,anb.com.sa,https://commons.wikimedia.org/wiki/File:Anb_new_logo.svg
520431,MASTERCARD,CREDIT,PLATINUM,ARAB NATIONAL BANK,,,SA,SAU,SAUDI ARABIA,anb.com.sa,https://commons.wikimedia.org/wiki/File:Anb_new_logo.svg
520433,MASTERCARD,CREDIT,GOLD,"BANK OF BEIRUT, S.A.L.",,,LB,LBN,LEBANON,bankofbeirut.com,https://commons.wikimedia.org/wiki/File:Bank_of_Beirut_logo.svg
520544,MASTERCARD,CREDIT,BUSINESS,QATAR NATIONAL BANK AL-AHLI S.A.E,,,EG,EGY,EGYPT,qnb.com,https://commons.wikimedia.org/wiki/File:Qatar_National_Bank_Logo.svg
520620,MASTERCARD,DEBIT,WORLD,QATAR NATIONAL BANK,,http://www.qnb.com.qa,LB,LBN,LEBANON,qnb.com,https://commons.wikimedia.org/wiki/File:Qatar_National_Bank_Logo.svg
520701,MASTERCARD,DEBIT,PREPAID GOLD PAYROLL,PALESTINE ISLAMIC BANK,,,PS,PSE,"PALESTINIAN TERRITORY, OCCUPIED",islamicbank.ps,https://commons.wikimedia.org/wiki/File:Palestine_Islamic_Bank_logo.svg
520707,MASTERCARD,DEBIT,STANDARD,ARAB PAYMENT SERVICES,,,IQ,IRQ,IRAQ,aps.iq,https://img.logo.dev/aps.iq?format=png&size=400
520741,MASTERCARD,DEBIT,TITANIUM,BLOM BANK SAL,,,JO,JOR,JORDAN,blom.com.lb,https://commons.wikimedia.org/wiki/File:BLOM_Bank_logo.svg
520742,MASTERCARD,DEBIT,TITANIUM,MASHREQ BANK,971 4 424 4444,http://www.mashreqbank.com,EG,EGY,EGYPT,mashreqbank.com,https://commons.wikimedia.org/wiki/File:Mashreq_bank_logo.svg
520763,MASTERCARD,CREDIT,,HSBC BANK EGYPT,+20235359700,http://www.hsbc.com.eg,EG,EGY,EGYPT,hsbc.com,https://commons.wikimedia.org/wiki/File:HSBC_logo_(2018).svg
520767,MASTERCARD,CREDIT,,HSBC BANK MIDDLE EAST,+20235359700,http://www.hsbc.ae,EG,EGY,EGYPT,hsbc.com,https://commons.wikimedia.org/wiki/File:HSBC_logo_(2018).svg
520771,MASTERCARD,CREDIT,,BLOM BANK S.A.L.,(961-1) 738938 - 743300 OR (961-1) 372780 - 370830 - 373102,http://www.blom.com.lb,LB,LBN,LEBANON,blom.com.lb,https://commons.wikimedia.org/wiki/File:BLOM_Bank_logo.svg
520793,MASTERCARD,DEBIT,PREPAID BUSINESS,SOHAR INTERNATIONAL BANK SAOG,,,OM,OMN,OMAN,soharinternational.com,https://commons.wikimedia.org/wiki/File:Sohar_International_logo.svg
520798,MASTERCARD,DEBIT,WORLD,SOHAR INTERNATIONAL BANK SAOG,,,OM,OMN,OMAN,soharinternational.com,https://commons.wikimedia.org/wiki/File:Sohar_International_logo.svg
521020,MASTERCARD,DEBIT,PLATINUM,QATAR NATIONAL BANK,,http://www.qnb.com.qa,KW,KWT,KUWAIT,qnb.com,https://commons.wikimedia.org/wiki/File:Qatar_National_Bank_Logo.svg
521023,MASTERCARD,DEBIT,PREPAID RELOADABLE,AL-TABADUL FOR ELECTRONIC AND FINANCIAL TECHNOLOGIES,,,IQ,IRQ,IRAQ,,
521027,MASTERCARD,CREDIT,STANDARD,NATIONAL BANK OF OMAN (SAOG),,,OM,OMN,OMAN,nbo.om,https://commons.wikimedia.org/wiki/File:National_Bank_of_Oman_logo.svg
521030,MASTERCARD,DEBIT,PREPAID,YANA BANKING SERVICES COMPANY,,,IQ,IRQ,IRAQ,,
521031,MASTERCARD,CREDIT,PLATINUM,NATIONAL COMMERCIAL BANK,,,SA,SAU,SAUDI ARABIA,alahli.com,https://commons.wikimedia.org/wiki/File:Saudi_National_Bank_Logo.svg
521038,MASTERCARD,DEBIT,PREPAID,UNITED BANK S.E.A.,,,EG,EGY,EGYPT,,
521046,MASTERCARD,DEBIT,PLATINUM,NATIONAL BANK OF KUWAIT (S.A.K.),,,EG,EGY,EGYPT,nbk.com,https://commons.wikimedia.org/wiki/File:National_Bank_of_Kuwait_logo.svg
521060,MASTERCARD,DEBIT,STANDARD,CSCBANK SAL,,,IQ,IRQ,IRAQ,cscbank.com,https://img.logo.dev/cscbank.com?format=png&size=400
521063,MASTERCARD,DEBIT,WORLD ELITE,ARAB AFRICAN INTERNATIONAL BANK,+20224886679,http://www.aaib.com,EG,EGY,EGYPT,aaib.com,https://commons.wikimedia.org/wiki/File:Arab_African_International_Bank_Logo.svg
521070,MASTERCARD,DEBIT,TITANIUM,NATIONAL BANK OF RAS AL-KHAIMAH (RAKBANK),,,AE,ARE,UNITED ARAB EMIRATES,rakbank.ae,https://commons.wikimedia.org/wiki/File:Rakbank_logo.svg
521072,MASTERCARD,DEBIT,STANDARD,AREEBA S.A.L,,,LB,LBN,LEBANON,areeba.com,https://img.logo.dev/areeba.com?format=png&size=400
521076,MASTERCARD,DEBIT,STANDARD,NATIONAL BANK OF BAHRAIN,,,SA,SAU,SAUDI ARABIA,nbbonline.com,https://commons.wikimedia.org/wiki/File:National_Bank_of_Bahrain_logo.svg
521082,MASTERCARD,DEBIT,STANDARD,CSCBANK SAL,,,LB,LBN,LEBANON,cscbank.com,https://img.logo.dev/cscbank.com?format=png&size=400
521084,MASTERCARD,DEBIT,STANDARD,"EGYPTIAN BANKS CO. FOR TECHNOLOGICAL ADVANCEMENT, S.A.E.",,,EG,EGY,EGYPT,ebc-egypt.com,https://img.logo.dev/ebc-egypt.com?format=png&size=400
521087,MASTERCARD,CREDIT,TITANIUM,YANA BANKING SERVICES COMPANY,,,IQ,IRQ,IRAQ,,
521088,MASTERCARD,DEBIT,STANDARD,NETWORK INTERNATIONAL LLC,,,AE,ARE,UNITED ARAB EMIRATES,network.ae,https://img.logo.dev/network.ae?format=png&size=400
521097,MASTERCARD,DEBIT,STANDARD,ARAB PAYMENT SERVICES,,,IQ,IRQ,IRAQ,aps.iq,https://img.logo.dev/aps.iq?format=png&size=400
521175,MASTERCARD,DEBIT,STANDARD,COMMERCIAL BANK OF KUWAIT S.A.K.,,,KW,KWT,KUWAIT,cbk.com,https://commons.wikimedia.org/wiki/File:Commercial_Bank_of_Kuwait_logo.svg
521182,MASTERCARD,DEBIT,STANDARD,HOUSING & DEVELOPMENT BANK,,,EG,EGY,EGYPT,,
521188,MASTERCARD,DEBIT,PREPAID,FINANCE HOUSE L.L.C.,,,AE,ARE,UNITED ARAB EMIRATES,financehouse.ae,https://img.logo.dev/financehouse.ae?format=png&size=400
521205,MASTERCARD,CREDIT,PLATINUM,NATIONAL BANK OF BAHRAIN,,,BH,BHR,BAHRAIN,nbbonline.com,https://commons.wikimedia.org/wiki/File:National_Bank_of_Bahrain_logo.svg
521211,MASTERCARD,DEBIT,WORLD,SOHAR INTERNATIONAL BANK SAOG,,,OM,OMN,OMAN,soharinternational.com,https://commons.wikimedia.org/wiki/File:Sohar_International_logo.svg
521215,MASTERCARD,DEBIT,PREPAID BUSINESS,"PASSPORTCARD FINANCIAL SERVICES, LTD.",,,IL,ISR,ISRAEL,,
521233,MASTERCARD,CREDIT,BUSINESS,SOHAR INTERNATIONAL BANK SAOG,,,OM,OMN,OMAN,soharinternational.com,https://commons.wikimedia.org/wiki/File:Sohar_International_logo.svg
521238,MASTERCARD,DEBIT,PREPAID,ARAB PAYMENT SERVICES,,,IQ,IRQ,IRAQ,aps.iq,https://img.logo.dev/aps.iq?format=png&size=400
521243,MASTERCARD,DEBIT,STANDARD,ARAB PAYMENT SERVICES,,,IQ,IRQ,IRAQ,aps.iq,https://img.logo.dev/aps.iq?format=png&size=400
521261,MASTERCARD,DEBIT,PREPAID,ONE GLOBAL SMART SERVICES COMPANY WLL,,,BH,BHR,BAHRAIN,,
521314,MASTERCARD,CREDIT,PLATINUM,FIRST ABU DHABI BANK PJSC,+971600525500,https://www.bankfab.com,AE,ARE,UNITED ARAB EMIRATES,bankfab.com,https://commons.wikimedia.org/wiki/File:First_Abu_Dhabi_Bank_Logo.svg
521315,MASTERCARD,CREDIT,PLATINUM,FIRST ABU DHABI BANK PJSC,+971600525500,https://www.bankfab.com,AE,ARE,UNITED ARAB EMIRATES,bankfab.com,https://commons.wikimedia.org/wiki/File:First_Abu_Dhabi_Bank_Logo.svg
521323,MASTERCARD,CREDIT,PLATINUM,AM BANK S.A.L.,,,LB,LBN,LEBANON,ambank.com.lb,https://img.logo.dev/ambank.com.lb?format=png&size=400
521334,MASTERCARD,CREDIT,PLATINUM,ISRACARD LTD.,,,IL,ISR,ISRAEL,isracard.co.il,https://commons.wikimedia.org/wiki/File:Isracard_logo.svg
521338,MASTERCARD,CREDIT,PLATINUM,STANDARD CHARTERED BANK,+971600522288,https://www.sc.com,AE,ARE,UNITED ARAB EMIRATES,sc.com,https://commons.wikimedia.org/wiki/File:Standard_Chartered_(2021).svg
521363,MASTERCARD,DEBIT,STANDARD,NETWORK INTERNATIONAL PAYMENT SERVICES,,,EG,EGY,EGYPT,network.ae,https://img.logo.dev/network.ae?format=png&size=400
521366,MASTERCARD,DEBIT,TITANIUM,JORDAN COMMERCIAL BANK,+96265203000,http://www.jcbank.com.jo,JO,JOR,JORDAN,jcbank.com.jo,https://img.logo.dev/jcbank.com.jo?format=png&size=400
521371,MASTERCARD,CREDIT,PLATINUM,COMMERCIAL BANK OF KUWAIT S.A.K.,,,KW,KWT,KUWAIT,cbk.com,https://commons.wikimedia.org/wiki/File:Commercial_Bank_of_Kuwait_logo.svg
521372,MASTERCARD,DEBIT,STANDARD,INTERNATIONAL SMART CARD LLC,,,IQ,IRQ,IRAQ,qicard.net,https://commons.wikimedia.org/wiki/File:Qi_card_logo.svg
521380,MASTERCARD,CREDIT,PLATINUM,DUBAI ISLAMIC BANK PJSC,,,AE,ARE,UNITED ARAB EMIRATES,alislami.ae,https://commons.wikimedia.org/wiki/File:Dubai_Islamic_Bank_logo.svg
521389,MASTERCARD,CREDIT,PLATINUM,FIRST ABU DHABI BANK PJSC,+971600525500,https://www.bankfab.com,AE,ARE,UNITED ARAB EMIRATES,bankfab.com,https://commons.wikimedia.org/wiki/File:First_Abu_Dhabi_Bank_Logo.svg
521406,MASTERCARD,CREDIT,PLATINUM,COMMERCIAL BANK OF KUWAIT S.A.K.,,,KW,KWT,KUWAIT,cbk.com,https://commons.wikimedia.org/wiki/File:Commercial_Bank_of_Kuwait_logo.svg
521421,MASTERCARD,CREDIT,WORLD,BARWA BANK,+97444088888,http://www.barwa.com.qa,QA,QAT,QATAR,dukhanbank.com,https://commons.wikimedia.org/wiki/File:Dukhan_Bank_logo.svg
521429,MASTERCARD,CREDIT,TITANIUM,SOHAR INTERNATIONAL BANK SAOG,,,OM,OMN,OMAN,soharinternational.com,https://commons.wikimedia.org/wiki/File:Sohar_International_logo.svg
521476,MASTERCARD,CREDIT,CORPORATE EXECUTIVE,WARBA BANK K.S.C,,,KW,KWT,KUWAIT,warbabank.com,https://commons.wikimedia.org/wiki/File:Warba_Bank_logo.svg
521490,MASTERCARD,CREDIT,CORPORATE WORLD,SOHAR INTERNATIONAL BANK SAOG,,,OM,OMN,OMAN,soharinternational.com,https://commons.wikimedia.org/wiki/File:Sohar_International_logo.svg
521505,MASTERCARD,CREDIT,PLATINUM,THE HOUSING BANK FOR TRADE & FINANCE,,,JO,JOR,JORDAN,hbtf.com,https://commons.wikimedia.org/wiki/File:Housing_Bank_for_Trade_and_Finance_logo.svg
521529,MASTERCARD,CREDIT,STANDARD,QATAR NATIONAL BANK AL-AHLI S.A.E,,,EG,EGY,EGYPT,qnb.com,https://commons.wikimedia.org/wiki/File:Qatar_National_Bank_Logo.svg
521532,MASTERCARD,CREDIT,CORPORATE,EMIRATES NBD,+971800456,http://www.emiratesnbd.com,AE,ARE,UNITED ARAB EMIRATES,emiratesnbd.com,https://commons.wikimedia.org/wiki/File:Emirates_NBD_logo.svg
521533,MASTERCARD,CREDIT,CORPORATE,KUWAIT FINANCE HOUSE K.S.C.,+9651803333,http://www.kfh.com,KW,KWT,KUWAIT,financehouse.ae,https://img.logo.dev/financehouse.ae?format=png&size=400
521534,MASTERCARD,CREDIT,WORLD ELITE,SOHAR INTERNATIONAL BANK SAOG,,,OM,OMN,OMAN,soharinternational.com,https://commons.wikimedia.org/wiki/File:Sohar_International_logo.svg
521538,MASTERCARD,CREDIT,CORPORATE,OMAN ARAB BANK S.A.O.C.,,,OM,OMN,OMAN,oman-arabbank.com,https://commons.wikimedia.org/wiki/File:Oman_Arab_Bank_logo.svg
521570,MASTERCARD,DEBIT,PREPAID,NOOR BANK PJSC,,,AE,ARE,UNITED ARAB EMIRATES,noorbank.com,https://commons.wikimedia.org/wiki/File:Noor_Bank_logo.svg
521578,MASTERCARD,DEBIT,PREPAID PLATINUM TRAVEL,QATAR NATIONAL BANK,+97444622724,http://www.qnb.com.qa,QA,QAT,QATAR,qnb.com,https://commons.wikimedia.org/wiki/File:Qatar_National_Bank_Logo.svg
521579,MASTERCARD,CREDIT,WORLD,MIDDLE EAST PAYMENT SERVICES LIMITED CO.,,,PS,PSE,"PALESTINIAN TERRITORY, OCCUPIED",meps.com.jo,https://img.logo.dev/meps.com.jo?format=png&size=400
521588,MASTERCARD,DEBIT,PREPAID,"PAI PAY FINANCE, LTD.",,,IL,ISR,ISRAEL,,
521596,MASTERCARD,DEBIT,PREPAID,"BURGAN BANK, S.A.K.",+9651804080,http://www.burgan.com,KW,KWT,KUWAIT,burgan.com,https://commons.wikimedia.org/wiki/File:Burgan_Bank_logo.svg
521600,MASTERCARD,CREDIT,TITANIUM,EMIRATES NBD,+971800456,http://www.emiratesnbd.com,AE,ARE,UNITED ARAB EMIRATES,emiratesnbd.com,https://commons.wikimedia.org/wiki/File:Emirates_NBD_logo.svg
521612,MASTERCARD,DEBIT,STANDARD,ARAB PAYMENT SERVICES,,,IQ,IRQ,IRAQ,aps.iq,https://img.logo.dev/aps.iq?format=png&size=400
521622,MASTERCARD,DEBIT,PREPAID PLATINUM TRAVEL,ARAB FINANCIAL SERVICES COMPANY B.S.C. (C),,,BH,BHR,BAHRAIN,afs.com.bh,https://img.logo.dev/afs.com.bh?format=png&size=400
521624,MASTERCARD,CREDIT,PLATINUM,NATIONAL BANK OF EGYPT,,http://www.nbe.com.eg,EG,EGY,EGYPT,nbe.com.eg,https://commons.wikimedia.org/wiki/File:National_Bank_of_Egypt_Logo.svg
521629,MASTERCARD,CREDIT,PLATINUM,CREDIT CARD SERVICES JORDAN,,,JO,JOR,JORDAN,,
521647,MASTERCARD,DEBIT,STANDARD,WORLD ISLAMIC BANK FOR INVESTMENT AND FINANCING,,,IQ,IRQ,IRAQ,,
521653,MASTERCARD,CREDIT,TITANIUM,UNITED BANK S.E.A.,,,EG,EGY,EGYPT,,
521657,MASTERCARD,CREDIT,CORPORATE WORLD,GULF INTERNATIONAL BANK BSC,,,SA,SAU,SAUDI ARABIA,gib.com,https://commons.wikimedia.org/wiki/File:Gulf_International_Bank_Logo.svg
521661,MASTERCARD,DEBIT,STANDARD,ARAB NATIONAL BANK,,,SA,SAU,SAUDI ARABIA,anb.com.sa,https://commons.wikimedia.org/wiki/File:Anb_new_logo.svg
521681,MASTERCARD,DEBIT,TITANIUM,ALEXBANK,1 9 0 3 3,http://www.alexbank.com,EG,EGY,EGYPT,alexbank.com,https://commons.wikimedia.org/wiki/File:Alexbank_logo.svg
521740,MASTERCARD,CREDIT,WORLD ELITE,AL HILAL BANK PJSC,,,AE,ARE,UNITED ARAB EMIRATES,alhilalbank.ae,https://commons.wikimedia.org/wiki/File:Al_Hilal_Bank_logo.svg
521761,MASTERCARD,DEBIT,,MASHREQ BANK,+97143632250,http://www.mashreqbank.com,AE,ARE,UNITED ARAB EMIRATES,mashreqbank.com,https://commons.wikimedia.org/wiki/File:Mashreq_bank_logo.svg
521764,MASTERCARD,CREDIT,TITANIUM,BANQUE DU CAIRE,+20222648410,http://www.bdc.com.eg,EG,EGY,EGYPT,bdc.com.eg,https://commons.wikimedia.org/wiki/File:Banque_du_Caire_logo.svg
521770,MASTERCARD,CREDIT,STANDARD,BANQUE DU CAIRE,+20222648410,http://www.bdc.com.eg,EG,EGY,EGYPT,bdc.com.eg,https://commons.wikimedia.org/wiki/File:Banque_du_Caire_logo.svg
521777,MASTERCARD,DEBIT,PREPAID,"IRAQ ELECTRONIC GATE FOR FINANCIAL SERVICES CO, LTD.",,,IQ,IRQ,IRAQ,qicard.net,https://commons.wikimedia.org/wiki/File:Qi_card_logo.svg
521800,MASTERCARD,CREDIT,GOLD,THE NATIONAL BANK PLC,,,PS,PSE,"PALESTINIAN TERRITORY, OCCUPIED",tnb.ps,https://img.logo.dev/tnb.ps?format=png&size=400
521858,MASTERCARD,CREDIT,PLATINUM,MASHREQ BANK,+97143632250,http://www.mashreqbank.com,AE,ARE,UNITED ARAB EMIRATES,mashreqbank.com,https://commons.wikimedia.org/wiki/File:Mashreq_bank_logo.svg
521949,MASTERCARD,DEBIT,PREPAID,CSCBANK S.A.L.,+9611871245,http://www.ccm.com.lb,LB,LBN,LEBANON,cscbank.com,https://img.logo.dev/cscbank.com?format=png&size=400
521950,MASTERCARD,DEBIT,PREPAID,JORDAN KUWAIT BANK,,http://www.jordan-kuwait-bank.com,JO,JOR,JORDAN,jkb.com,https://commons.wikimedia.org/wiki/File:Jordan_Kuwait_Bank_logo.svg
521951,MASTERCARD,DEBIT,PREPAID,SOCIETE ARABE INTERNATIONALE DE BANQUE,,,EG,EGY,EGYPT,abe.com.eg,https://img.logo.dev/abe.com.eg?format=png&size=400
521977,MASTERCARD,DEBIT,PLATINUM,NATIONAL BANK OF EGYPT,,http://www.nbe.com.eg,EG,EGY,EGYPT,nbe.com.eg,https://commons.wikimedia.org/wiki/File:National_Bank_of_Egypt_Logo.svg
522011,MASTERCARD,CREDIT,STANDARD,MIDDLE EAST PAYMENT SERVICES LIMITED CO.,,,PS,PSE,"PALESTINIAN TERRITORY, OCCUPIED",meps.com.jo,https://img.logo.dev/meps.com.jo?format=png&size=400
522013,MASTERCARD,DEBIT,PREPAID,NATIONAL BANK OF EGYPT,,http://www.nbe.com.eg,EG,EGY,EGYPT,nbe.com.eg,https://commons.wikimedia.org/wiki/File:National_Bank_of_Egypt_Logo.svg
522014,MASTERCARD,CREDIT,STANDARD,JORDAN COMMERCIAL BANK,+96265203000,http://www.jcbank.com.jo,JO,JOR,JORDAN,jcbank.com.jo,https://img.logo.dev/jcbank.com.jo?format=png&size=400
522015,MASTERCARD,CREDIT,STANDARD,MIDDLE EAST PAYMENT SERVICES LIMITED CO.,,,JO,JOR,JORDAN,meps.com.jo,https://img.logo.dev/meps.com.jo?format=png&size=400
522018,MASTERCARD,DEBIT,PREPAID PLATINUM TRAVEL,NATIONAL BANK OF BAHRAIN,,,BH,BHR,BAHRAIN,nbbonline.com,https://commons.wikimedia.org/wiki/File:National_Bank_of_Bahrain_logo.svg
522020,MASTERCARD,DEBIT,PLATINUM,FRANSABANK SAL,,,LB,LBN,LEBANON,fransabank.com,https://commons.wikimedia.org/wiki/File:Fransabank_logo.svg
522025,MASTERCARD,CREDIT,STANDARD,EMIRATES NATIONAL BANK OF DUBAI S.A.E,,,EG,EGY,EGYPT,emiratesnbd.com,https://commons.wikimedia.org/wiki/File:Emirates_NBD_logo.svg
522053,MASTERCARD,CREDIT,STANDARD,BLOM BANK SAL,,,LB,LBN,LEBANON,blom.com.lb,https://commons.wikimedia.org/wiki/File:BLOM_Bank_logo.svg
522125,MASTERCARD,CREDIT,WORLD ELITE,NATIONAL BANK OF RAS AL-KHAIMAH (RAKBANK),,,AE,ARE,UNITED ARAB EMIRATES,rakbank.ae,https://commons.wikimedia.org/wiki/File:Rakbank_logo.svg
522133,MASTERCARD,CREDIT,STANDARD,BLOM BANK SAL,,,LB,LBN,LEBANON,blom.com.lb,https://commons.wikimedia.org/wiki/File:BLOM_Bank_logo.svg
522139,MASTERCARD,CREDIT,STANDARD,ALAWWAL BANK,,,SA,SAU,SAUDI ARABIA,sab.com,https://commons.wikimedia.org/wiki/File:Saudi_Awwal_Bank_Logo.svg
522196,MASTERCARD,DEBIT,STANDARD,THE BANK OF JORDAN,,,JO,JOR,JORDAN,bankofjordan.com,https://commons.wikimedia.org/wiki/File:Bank_of_Jordan_logo.svg
522197,MASTERCARD,CREDIT,STANDARD,AREEBA S.A.L,,,LB,LBN,LEBANON,areeba.com,https://img.logo.dev/areeba.com?format=png&size=400
522237,MASTERCARD,DEBIT,PREPAID,QATAR INTERNATIONAL ISLAMIC BANK,,http://www.qiib.com.qa,QA,QAT,QATAR,qiib.com.qa,https://commons.wikimedia.org/wiki/File:QIIB_logo.svg
522249,MASTERCARD,DEBIT,STANDARD,INTERNATIONAL SMART CARD LLC,,,IQ,IRQ,IRAQ,qicard.net,https://commons.wikimedia.org/wiki/File:Qi_card_logo.svg
522252,MASTERCARD,CREDIT,PLATINUM,CAPITAL BANK OF JORDAN,,,IQ,IRQ,IRAQ,bankofjordan.com,https://commons.wikimedia.org/wiki/File:Bank_of_Jordan_logo.svg
522334,MASTERCARD,DEBIT,BUSINESS,DUBAI ISLAMIC BANK PJSC,,,AE,ARE,UNITED ARAB EMIRATES,alislami.ae,https://commons.wikimedia.org/wiki/File:Dubai_Islamic_Bank_logo.svg
522372,MASTERCARD,DEBIT,BUSINESS,NETWORK INTERNATIONAL LLC,,,AE,ARE,UNITED ARAB EMIRATES,network.ae,https://img.logo.dev/network.ae?format=png&size=400
522377,MASTERCARD,CREDIT,WORLD,ISRACARD LTD.,,,IL,ISR,ISRAEL,isracard.co.il,https://commons.wikimedia.org/wiki/File:Isracard_logo.svg
522380,MASTERCARD,CREDIT,CORPORATE,NATIONAL BANK OF OMAN (SAOG),,,OM,OMN,OMAN,nbo.om,https://commons.wikimedia.org/wiki/File:National_Bank_of_Oman_logo.svg
522381,MASTERCARD,CREDIT,TITANIUM,JORDAN COMMERCIAL BANK,+96265203000,http://www.jcbank.com.jo,JO,JOR,JORDAN,jcbank.com.jo,https://img.logo.dev/jcbank.com.jo?format=png&size=400
522392,MASTERCARD,DEBIT,BUSINESS,ABU DHABI ISLAMIC BANK,,http://www.adib.ae,EG,EGY,EGYPT,adib.ae,https://commons.wikimedia.org/wiki/File:Abu_Dhabi_Islamic_Bank_Logo.svg
522404,MASTERCARD,CREDIT,WORLD ELITE,AHLI BANK Q.S.C.,(974) 4232222,http://www.ahlibank.com.qa,QA,QAT,QATAR,ahlibank.com.qa,https://commons.wikimedia.org/wiki/File:Ahlibank_Qatar_logo.svg
522417,MASTERCARD,DEBIT,PREPAID,"IRAQ ELECTRONIC GATE FOR FINANCIAL SERVICES CO, LTD.",,,IQ,IRQ,IRAQ,qicard.net,https://commons.wikimedia.org/wiki/File:Qi_card_logo.svg
522425,MASTERCARD,CREDIT,TITANIUM,AREEBA S.A.L,,,LB,LBN,LEBANON,areeba.com,https://img.logo.dev/areeba.com?format=png&size=400
522427,MASTERCARD,DEBIT,PLATINUM,QATAR NATIONAL BANK,,http://www.qnb.com.qa,LB,LBN,LEBANON,qnb.com,https://commons.wikimedia.org/wiki/File:Qatar_National_Bank_Logo.svg
522430,MASTERCARD,DEBIT,TITANIUM,CREDIT LIBANAIS S.A.L.,+9611900111,http://www.creditlibanais.com.lb,LB,LBN,LEBANON,creditlibanais.com,https://commons.wikimedia.org/wiki/File:Credit_Libanais_logo.svg
522439,MASTERCARD,DEBIT,STANDARD,ARAB FINANCIAL SERVICES COMPANY B.S.C. (C),,,BH,BHR,BAHRAIN,afs.com.bh,https://img.logo.dev/afs.com.bh?format=png&size=400
522445,MASTERCARD,DEBIT,PREPAID RELOADABLE,COMMERCIAL BANK OF QATAR Q.S.C,,,QA,QAT,QATAR,cbq.qa,https://commons.wikimedia.org/wiki/File:Commercial_Bank_of_Qatar_Logo.svg
522449,MASTERCARD,DEBIT,PREPAID,QATAR NATIONAL BANK,+97444622724,http://www.qnb.com.qa,QA,QAT,QATAR,qnb.com,https://commons.wikimedia.org/wiki/File:Qatar_National_Bank_Logo.svg
522460,MASTERCARD,CREDIT,WORLD,ALEXBANK,1 9 0 3 3,http://www.alexbank.com,EG,EGY,EGYPT,alexbank.com,https://commons.wikimedia.org/wiki/File:Alexbank_logo.svg
522475,MASTERCARD,CREDIT,PLATINUM,AL-TAIF ISLAMIC BANK FOR INVESTMENT & FINANCE,,,IQ,IRQ,IRAQ,taifib.iq,https://img.logo.dev/taifib.iq?format=png&size=400
522483,MASTERCARD,DEBIT,PREPAID,"IDT FINANCIAL SERVICES, LTD.",,http://www.idtfinance.com,IL,ISR,ISRAEL,idtfinance.com,https://img.logo.dev/idtfinance.com?format=png&size=400
522577,MASTERCARD,DEBIT,STANDARD,ARAB PAYMENT SERVICES,,,IQ,IRQ,IRAQ,aps.iq,https://img.logo.dev/aps.iq?format=png&size=400
522582,MASTERCARD,DEBIT,PREPAID PLATINUM TRAVEL,THE BANK OF JORDAN,,,JO,JOR,JORDAN,bankofjordan.com,https://commons.wikimedia.org/wiki/File:Bank_of_Jordan_logo.svg
522596,MASTERCARD,CREDIT,PLATINUM,ALIZZ ISLAMIC BANK SAOG,,,OM,OMN,OMAN,alizzislamic.com,https://img.logo.dev/alizzislamic.com?format=png&size=400
522600,MASTERCARD,DEBIT,PREPAID,"EGYPTIAN BANKS CO. FOR TECHNOLOGICAL ADVANCEMENT, S.A.E.",,,EG,EGY,EGYPT,ebc-egypt.com,https://img.logo.dev/ebc-egypt.com?format=png&size=400
522642,MASTERCARD,CREDIT,GOLD,MIDDLE EAST PAYMENT SERVICES LIMITED CO.,,,PS,PSE,"PALESTINIAN TERRITORY, OCCUPIED",meps.com.jo,https://img.logo.dev/meps.com.jo?format=png&size=400
522649,MASTERCARD,DEBIT,PREPAID,MIDDLE EAST PAYMENT SERVICES LIMITED CO.,,,JO,JOR,JORDAN,meps.com.jo,https://img.logo.dev/meps.com.jo?format=png&size=400
522652,MASTERCARD,CREDIT,GOLD,JORDAN COMMERCIAL BANK,+96265203000,http://www.jcbank.com.jo,JO,JOR,JORDAN,jcbank.com.jo,https://img.logo.dev/jcbank.com.jo?format=png&size=400
522682,MASTERCARD,CREDIT,STANDARD,QATAR NATIONAL BANK AL-AHLI S.A.E,,,EG,EGY,EGYPT,qnb.com,https://commons.wikimedia.org/wiki/File:Qatar_National_Bank_Logo.svg
522707,MASTERCARD,DEBIT,PREPAID,NATIONAL BANK OF RAS AL-KHAIMAH (RAKBANK),,,AE,ARE,UNITED ARAB EMIRATES,rakbank.ae,https://commons.wikimedia.org/wiki/File:Rakbank_logo.svg
522723,MASTERCARD,DEBIT,PREPAID,NATIONAL BANK OF EGYPT,,http://www.nbe.com.eg,EG,EGY,EGYPT,nbe.com.eg,https://commons.wikimedia.org/wiki/File:National_Bank_of_Egypt_Logo.svg
522747,MASTERCARD,DEBIT,PREPAID,SOCIETE ARABE INTERNATIONALE DE BANQUE,,,EG,EGY,EGYPT,abe.com.eg,https://img.logo.dev/abe.com.eg?format=png&size=400
522751,MASTERCARD,DEBIT,PREPAID BUSINESS,FIRST ABU DHABI BANK PJSC,+20225204375,https://www.bankfab.com,EG,EGY,EGYPT,bankfab.com,https://commons.wikimedia.org/wiki/File:First_Abu_Dhabi_Bank_Logo.svg
522785,MASTERCARD,CREDIT,STANDARD,NATIONAL BANK OF RAS AL-KHAIMAH (RAKBANK),,,AE,ARE,UNITED ARAB EMIRATES,rakbank.ae,https://commons.wikimedia.org/wiki/File:Rakbank_logo.svg
522817,MASTERCARD,CREDIT,BUSINESS,AREEBA S.A.L,,,LB,LBN,LEBANON,areeba.com,https://img.logo.dev/areeba.com?format=png&size=400
522824,MASTERCARD,CREDIT,WORLD ELITE,BAHRAIN COMMERCIAL FACILITIES COMPANY BSC,,,BH,BHR,BAHRAIN,bahrainfacilities.com,https://img.logo.dev/bahrainfacilities.com?format=png&size=400
522869,MASTERCARD,CREDIT,WORLD,AL AHLI BANK OF KUWAIT (KSC),,,KW,KWT,KUWAIT,eahli.com,https://commons.wikimedia.org/wiki/File:Al_Ahli_Bank_of_Kuwait_logo.svg
522873,MASTERCARD,CREDIT,WORLD ELITE,EMIRATES NBD,+971800456,http://www.emiratesnbd.com,AE,ARE,UNITED ARAB EMIRATES,emiratesnbd.com,https://commons.wikimedia.org/wiki/File:Emirates_NBD_logo.svg
522888,MASTERCARD,CREDIT,,"NATIONAL BANK OF KUWAIT, S.A.K.",+96522422011,http://www.nbk.com,KW,KWT,KUWAIT,nbk.com,https://commons.wikimedia.org/wiki/File:National_Bank_of_Kuwait_logo.svg
522958,MASTERCARD,CREDIT,PLATINUM,ALEXBANK,1 9 0 3 3,http://www.alexbank.com,EG,EGY,EGYPT,alexbank.com,https://commons.wikimedia.org/wiki/File:Alexbank_logo.svg
522960,MASTERCARD,CREDIT,PLATINUM,COMMERCIAL INTERNATIONAL BANK (EGYPT) S.A.E.,971 - 4 - 3589381,http://www.cibeg.com,EG,EGY,EGYPT,cibeg.com,https://commons.wikimedia.org/wiki/File:CIB_Logo.svg
522968,MASTERCARD,DEBIT,PLATINUM,NATIONAL BANK OF RAS AL-KHAIMAH (RAKBANK),,,AE,ARE,UNITED ARAB EMIRATES,rakbank.ae,https://commons.wikimedia.org/wiki/File:Rakbank_logo.svg
522986,MASTERCARD,CREDIT,TITANIUM,AREEBA S.A.L,,,LB,LBN,LEBANON,areeba.com,https://img.logo.dev/areeba.com?format=png&size=400
523041,MASTERCARD,CREDIT,,BANK ALJAZIRA,,,SA,SAU,SAUDI ARABIA,baj.com.sa,https://commons.wikimedia.org/wiki/File:Aljazira_Bank_Logo.svg
523061,MASTERCARD,CREDIT,WORLD ELITE,ARAB JORDAN INVESTMENT BANK,,,JO,JOR,JORDAN,ajib.com,https://img.logo.dev/ajib.com?format=png&size=400
523069,MASTERCARD,CREDIT,,NATIONAL BANK OF EGYPT,,http://www.nbe.com.eg,EG,EGY,EGYPT,nbe.com.eg,https://commons.wikimedia.org/wiki/File:National_Bank_of_Egypt_Logo.svg
523408,MASTERCARD,CREDIT,CORPORATE,BLOM BANK SAL,,,LB,LBN,LEBANON,blom.com.lb,https://commons.wikimedia.org/wiki/File:BLOM_Bank_logo.svg
523471,MASTERCARD,DEBIT,PREPAID,SAMBA FINANCIAL GROUP,+9668001242000,http://www.samba.com,SA,SAU,SAUDI ARABIA,alahli.com,https://commons.wikimedia.org/wiki/File:Saudi_National_Bank_Logo.svg
523475,MASTERCARD,DEBIT,STANDARD,SOCIETE GENERALE DE BANQUE AU LIBAN S.A.L.,1274477777,http://www.sgbl.com.lb,LB,LBN,LEBANON,sgbl.com.lb,https://commons.wikimedia.org/wiki/File:SGBL_logo.svg
523485,MASTERCARD,CREDIT,STANDARD,AREEBA S.A.L,,,LB,LBN,LEBANON,areeba.com,https://img.logo.dev/areeba.com?format=png&size=400
523540,MASTERCARD,CREDIT,WORLD ELITE,BANQUE MISR,+20223912150,http://www.banquemisr.com,EG,EGY,EGYPT,banquemisr.com,https://commons.wikimedia.org/wiki/File:Banque_Misr_logo.svg
523614,MASTERCARD,CREDIT,WORLD,STANDARD CHARTERED BANK,+97317531532,https://www.sc.com,BH,BHR,BAHRAIN,sc.com,https://commons.wikimedia.org/wiki/File:Standard_Chartered_(2021).svg
523615,MASTERCARD,CREDIT,TITANIUM,BANQUE SAUDI FRANSI,966 1 289 9999 OR 966 1 874 4000,http://www.alfransi.com.sa,SA,SAU,SAUDI ARABIA,alfransi.com.sa,https://commons.wikimedia.org/wiki/File:Banque_Saudi_Fransi_Logo.svg
523621,MASTERCARD,CREDIT,WORLD ELITE,MASHREQ BANK,+97143632250,http://www.mashreqbank.com,AE,ARE,UNITED ARAB EMIRATES,mashreqbank.com,https://commons.wikimedia.org/wiki/File:Mashreq_bank_logo.svg
523645,MASTERCARD,CREDIT,TITANIUM,FIRST ABU DHABI BANK PJSC,+971600525500,https://www.bankfab.com,AE,ARE,UNITED ARAB EMIRATES,bankfab.com,https://commons.wikimedia.org/wiki/File:First_Abu_Dhabi_Bank_Logo.svg
523672,MASTERCARD,DEBIT,GOLD,STATE BANK OF INDIA,,https://sbi.co.in,OM,OMN,OMAN,sbi.co.in,https://commons.wikimedia.org/wiki/File:State_Bank_of_India_logo.svg
523677,MASTERCARD,CREDIT,CORPORATE WORLD,ALIZZ ISLAMIC BANK SAOG,,,OM,OMN,OMAN,alizzislamic.com,https://img.logo.dev/alizzislamic.com?format=png&size=400
523702,MASTERCARD,DEBIT,PREPAID,UAE EXCHANGE CENTRE LLC,+97142617575,http://www.uaeexchange.com,AE,ARE,UNITED ARAB EMIRATES,uaeexchange.com,https://img.logo.dev/uaeexchange.com?format=png&size=400
523723,MASTERCARD,DEBIT,STANDARD,JORDAN AHLI BANK,,http://www.ahli.com,PS,PSE,"PALESTINIAN TERRITORY, OCCUPIED",ahlibank.com.jo,https://commons.wikimedia.org/wiki/File:Jordan_Ahli_Bank_logo.svg
523733,MASTERCARD,CREDIT,PLATINUM,ARAB BANK PLC,+97022953333,http://www.arabbank.jo,PS,PSE,"PALESTINIAN TERRITORY, OCCUPIED",arabbank.com,https://commons.wikimedia.org/wiki/File:Arab_Bank_logo.svg
523761,MASTERCARD,CREDIT,PLATINUM,COMMERCIAL INTERNATIONAL BANK (EGYPT) S.A.E.,971 - 4 - 3589381,http://www.cibeg.com,EG,EGY,EGYPT,cibeg.com,https://commons.wikimedia.org/wiki/File:CIB_Logo.svg
523905,MASTERCARD,CREDIT,PLATINUM,QATAR NATIONAL BANK,+97444622724,http://www.qnb.com.qa,QA,QAT,QATAR,qnb.com,https://commons.wikimedia.org/wiki/File:Qatar_National_Bank_Logo.svg
523906,MASTERCARD,DEBIT,PLATINUM,ALEXBANK,1 9 0 3 3,http://www.alexbank.com,EG,EGY,EGYPT,alexbank.com,https://commons.wikimedia.org/wiki/File:Alexbank_logo.svg
523926,MASTERCARD,CREDIT,TITANIUM,NATIONAL BANK OF RAS AL-KHAIMAH (RAKBANK),,,AE,ARE,UNITED ARAB EMIRATES,rakbank.ae,https://commons.wikimedia.org/wiki/File:Rakbank_logo.svg
523954,MASTERCARD,CREDIT,TITANIUM,THE SAUDI NATIONAL BANK,,,SA,SAU,SAUDI ARABIA,alahli.com,https://commons.wikimedia.org/wiki/File:Saudi_National_Bank_Logo.svg
523956,MASTERCARD,CREDIT,TITANIUM,BANQUE SAUDI FRANSI,966 1 289 9999 OR 966 1 874 4000,http://www.alfransi.com.sa,SA,SAU,SAUDI ARABIA,alfransi.com.sa,https://commons.wikimedia.org/wiki/File:Banque_Saudi_Fransi_Logo.svg
523963,MASTERCARD,CREDIT,TITANIUM,EMIRATES NBD,+971800456,http://www.emiratesnbd.com,AE,ARE,UNITED ARAB EMIRATES,emiratesnbd.com,https://commons.wikimedia.org/wiki/File:Emirates_NBD_logo.svg
523968,MASTERCARD,CREDIT,TITANIUM,THE SAUDI NATIONAL BANK,,,SA,SAU,SAUDI ARABIA,alahli.com,https://commons.wikimedia.org/wiki/File:Saudi_National_Bank_Logo.svg
523970,MASTERCARD,CREDIT,TITANIUM,SAMBA FINANCIAL GROUP,+9668001242000,http://www.samba.com,SA,SAU,SAUDI ARABIA,alahli.com,https://commons.wikimedia.org/wiki/File:Saudi_National_Bank_Logo.svg
523977,MASTERCARD,CREDIT,TITANIUM,SAMBA FINANCIAL GROUP,+9718001242000,http://www.samba.com,AE,ARE,UNITED ARAB EMIRATES,alahli.com,https://commons.wikimedia.org/wiki/File:Saudi_National_Bank_Logo.svg
523978,MASTERCARD,CREDIT,TITANIUM,ABU DHABI ISLAMIC BANK P.J.S.C.,,,AE,ARE,UNITED ARAB EMIRATES,adib.ae,https://commons.wikimedia.org/wiki/File:Abu_Dhabi_Islamic_Bank_Logo.svg
523992,MASTERCARD,CREDIT,TITANIUM,AHLI BANK Q.S.C.,(974) 4232222,http://www.ahlibank.com.qa,QA,QAT,QATAR,ahlibank.com.qa,https://commons.wikimedia.org/wiki/File:Ahlibank_Qatar_logo.svg
523997,MASTERCARD,CREDIT,TITANIUM,DUBAI ISLAMIC BANK PJSC,,,AE,ARE,UNITED ARAB EMIRATES,alislami.ae,https://commons.wikimedia.org/wiki/File:Dubai_Islamic_Bank_logo.svg
523998,MASTERCARD,CREDIT,TITANIUM,THE SAUDI NATIONAL BANK,,,SA,SAU,SAUDI ARABIA,alahli.com,https://commons.wikimedia.org/wiki/File:Saudi_National_Bank_Logo.svg
524025,MASTERCARD,CREDIT,WORLD ELITE,FIRST ABU DHABI BANK PJSC,+971600525500,https://www.bankfab.com,AE,ARE,UNITED ARAB EMIRATES,bankfab.com,https://commons.wikimedia.org/wiki/File:First_Abu_Dhabi_Bank_Logo.svg
524062,MASTERCARD,CREDIT,GOLD,AREEBA S.A.L,,,LB,LBN,LEBANON,areeba.com,https://img.logo.dev/areeba.com?format=png&size=400
524063,MASTERCARD,CREDIT,PLATINUM,ARAB PAYMENT SERVICES,,,IQ,IRQ,IRAQ,aps.iq,https://img.logo.dev/aps.iq?format=png&size=400
524065,MASTERCARD,CREDIT,GOLD,BLOM BANK SAL,,,LB,LBN,LEBANON,blom.com.lb,https://commons.wikimedia.org/wiki/File:BLOM_Bank_logo.svg
524077,MASTERCARD,CREDIT,GOLD,CAPITAL BANK OF JORDAN,,,JO,JOR,JORDAN,bankofjordan.com,https://commons.wikimedia.org/wiki/File:Bank_of_Jordan_logo.svg
524078,MASTERCARD,DEBIT,STANDARD,QATAR NATIONAL BANK,,http://www.qnb.com.qa,LB,LBN,LEBANON,qnb.com,https://commons.wikimedia.org/wiki/File:Qatar_National_Bank_Logo.svg
524080,MASTERCARD,DEBIT,TITANIUM,SOHAR INTERNATIONAL BANK SAOG,,,OM,OMN,OMAN,soharinternational.com,https://commons.wikimedia.org/wiki/File:Sohar_International_logo.svg
524081,MASTERCARD,DEBIT,PLATINUM,QATAR NATIONAL BANK,+97444622724,http://www.qnb.com.qa,QA,QAT,QATAR,qnb.com,https://commons.wikimedia.org/wiki/File:Qatar_National_Bank_Logo.svg
524092,MASTERCARD,CREDIT,TITANIUM,COMMERCIAL BANK OF DUBAI,+97126268400,http://www.cbd.ae,AE,ARE,UNITED ARAB EMIRATES,cbd.ae,https://commons.wikimedia.org/wiki/File:Commercial_Bank_of_Dubai_logo.svg
524104,MASTERCARD,CREDIT,PLATINUM,STANDARD CHARTERED BANK,+971600522288,https://www.sc.com,AE,ARE,UNITED ARAB EMIRATES,sc.com,https://commons.wikimedia.org/wiki/File:Standard_Chartered_(2021).svg
524105,MASTERCARD,CREDIT,TITANIUM,FINANCE HOUSE L.L.C.,,,AE,ARE,UNITED ARAB EMIRATES,financehouse.ae,https://img.logo.dev/financehouse.ae?format=png&size=400
524107,MASTERCARD,CREDIT,TITANIUM,CAPITAL BANK OF JORDAN,,,JO,JOR,JORDAN,bankofjordan.com,https://commons.wikimedia.org/wiki/File:Bank_of_Jordan_logo.svg
524114,MASTERCARD,CREDIT,PLATINUM,AL AHLI BANK OF KUWAIT (KSC),,,KW,KWT,KUWAIT,eahli.com,https://commons.wikimedia.org/wiki/File:Al_Ahli_Bank_of_Kuwait_logo.svg
524116,MASTERCARD,CREDIT,TITANIUM,NATIONAL COMMERCIAL BANK,,,SA,SAU,SAUDI ARABIA,alahli.com,https://commons.wikimedia.org/wiki/File:Saudi_National_Bank_Logo.svg
524124,MASTERCARD,CREDIT,TITANIUM,ITHMAAR BANK B.S.C.,,,BH,BHR,BAHRAIN,ithmaarbank.com,https://commons.wikimedia.org/wiki/File:Ithmaar_Bank_logo.svg
524126,MASTERCARD,CREDIT,TITANIUM,AL-RAJHI BANKING AND INVESTMENT CORPORATION,,,SA,SAU,SAUDI ARABIA,alrajhibank.com.sa,https://commons.wikimedia.org/wiki/File:Al_Rajhi_Bank_Logo.svg
524130,MASTERCARD,DEBIT,WORLD FLEX,THE SAUDI NATIONAL BANK,,,SA,SAU,SAUDI ARABIA,alahli.com,https://commons.wikimedia.org/wiki/File:Saudi_National_Bank_Logo.svg
524136,MASTERCARD,CREDIT,TITANIUM,MASHREQ BANK,+97143632250,http://www.mashreqbank.com,AE,ARE,UNITED ARAB EMIRATES,mashreqbank.com,https://commons.wikimedia.org/wiki/File:Mashreq_bank_logo.svg
524137,MASTERCARD,CREDIT,TITANIUM,MASHREQ BANK,+97143632250,http://www.mashreqbank.com,AE,ARE,UNITED ARAB EMIRATES,mashreqbank.com,https://commons.wikimedia.org/wiki/File:Mashreq_bank_logo.svg
524139,MASTERCARD,CREDIT,TITANIUM,FIRST ABU DHABI BANK PJSC,+971600525500,https://www.bankfab.com,AE,ARE,UNITED ARAB EMIRATES,bankfab.com,https://commons.wikimedia.org/wiki/File:First_Abu_Dhabi_Bank_Logo.svg
524142,MASTERCARD,DEBIT,PREPAID WORLD,MASRAF AL RAYAN,+97444253333,http://www.alrayan.com,QA,QAT,QATAR,alrayan.com,https://commons.wikimedia.org/wiki/File:Masraf_Al_Rayan_logo.svg
524145,MASTERCARD,CREDIT,TITANIUM,AREEBA S.A.L,,,LB,LBN,LEBANON,areeba.com,https://img.logo.dev/areeba.com?format=png&size=400
524148,MASTERCARD,CREDIT,PLATINUM,BANQUE SAUDI FRANSI,966 1 289 9999 OR 966 1 874 4000,http://www.alfransi.com.sa,SA,SAU,SAUDI ARABIA,alfransi.com.sa,https://commons.wikimedia.org/wiki/File:Banque_Saudi_Fransi_Logo.svg
524150,MASTERCARD,CREDIT,PLATINUM,QATAR NATIONAL BANK,+97444622724,http://www.qnb.com.qa,QA,QAT,QATAR,qnb.com,https://commons.wikimedia.org/wiki/File:Qatar_National_Bank_Logo.svg
524153,MASTERCARD,CREDIT,TITANIUM,HSBC BANK OMAN S.A.O.G,,,OM,OMN,OMAN,hsbc.com,https://commons.wikimedia.org/wiki/File:HSBC_logo_(2018).svg
524154,MASTERCARD,DEBIT,BUSINESS,ALIZZ ISLAMIC BANK SAOG,,,OM,OMN,OMAN,alizzislamic.com,https://img.logo.dev/alizzislamic.com?format=png&size=400
524158,MASTERCARD,CREDIT,TITANIUM,MASHREQ BANK,971 4 424 4444,http://www.mashreqbank.com,EG,EGY,EGYPT,mashreqbank.com,https://commons.wikimedia.org/wiki/File:Mashreq_bank_logo.svg
524159,MASTERCARD,CREDIT,TITANIUM,MASHREQ BANK,971 4 424 4444,http://www.mashreqbank.com,EG,EGY,EGYPT,mashreqbank.com,https://commons.wikimedia.org/wiki/File:Mashreq_bank_logo.svg
524160,MASTERCARD,CREDIT,TITANIUM,CSCBANK SAL,,,LB,LBN,LEBANON,cscbank.com,https://img.logo.dev/cscbank.com?format=png&size=400
524163,MASTERCARD,CREDIT,PLATINUM,QATAR NATIONAL BANK,+97444622724,http://www.qnb.com.qa,QA,QAT,QATAR,qnb.com,https://commons.wikimedia.org/wiki/File:Qatar_National_Bank_Logo.svg
524164,MASTERCARD,DEBIT,PREPAID,ALEXBANK,1 9 0 3 3,http://www.alexbank.com,EG,EGY,EGYPT,alexbank.com,https://commons.wikimedia.org/wiki/File:Alexbank_logo.svg
524165,MASTERCARD,CREDIT,TITANIUM,ALAWWAL BANK,,,SA,SAU,SAUDI ARABIA,sab.com,https://commons.wikimedia.org/wiki/File:Saudi_Awwal_Bank_Logo.svg
524174,MASTERCARD,CREDIT,PLATINUM,ARAB BANK PLC,4600900,http://www.arabbank.jo,JO,JOR,JORDAN,arabbank.com,https://commons.wikimedia.org/wiki/File:Arab_Bank_logo.svg
524175,MASTERCARD,CREDIT,PLATINUM,ARAB BANK PLC,+97144450000,http://www.arabbank.jo,AE,ARE,UNITED ARAB EMIRATES,arabbank.com,https://commons.wikimedia.org/wiki/File:Arab_Bank_logo.svg
524176,MASTERCARD,CREDIT,PLATINUM,ARAB BANK PLC,+97444387878,http://www.arabbank.jo,QA,QAT,QATAR,arabbank.com,https://commons.wikimedia.org/wiki/File:Arab_Bank_logo.svg
524177,MASTERCARD,CREDIT,PLATINUM,ARAB BANK PLC,+97317541000,http://www.arabbank.jo,BH,BHR,BAHRAIN,arabbank.com,https://commons.wikimedia.org/wiki/File:Arab_Bank_logo.svg
524179,MASTERCARD,CREDIT,TITANIUM,MASHREQ BANK,+97143632250,http://www.mashreqbank.com,AE,ARE,UNITED ARAB EMIRATES,mashreqbank.com,https://commons.wikimedia.org/wiki/File:Mashreq_bank_logo.svg
524184,MASTERCARD,CREDIT,TITANIUM,FIRST ABU DHABI BANK PJSC,+20225204375,https://www.bankfab.com,EG,EGY,EGYPT,bankfab.com,https://commons.wikimedia.org/wiki/File:First_Abu_Dhabi_Bank_Logo.svg
524185,MASTERCARD,CREDIT,TITANIUM,AHLI UNITED BANK B.S.C.,+97317710559,http://www.ahliunited.com,BH,BHR,BAHRAIN,ahliunited.com,https://commons.wikimedia.org/wiki/File:Ahli_United_Bank_logo.svg
524186,MASTERCARD,CREDIT,BUSINESS,NETWORK INTERNATIONAL LLC,,,AE,ARE,UNITED ARAB EMIRATES,network.ae,https://img.logo.dev/network.ae?format=png&size=400
524194,MASTERCARD,CREDIT,STANDARD,CSCBANK SAL,,,LB,LBN,LEBANON,cscbank.com,https://img.logo.dev/cscbank.com?format=png&size=400
524195,MASTERCARD,CREDIT,TITANIUM,CSCBANK SAL,,,LB,LBN,LEBANON,cscbank.com,https://img.logo.dev/cscbank.com?format=png&size=400
524197,MASTERCARD,CREDIT,PLATINUM,THE SAUDI NATIONAL BANK,,,SA,SAU,SAUDI ARABIA,alahli.com,https://commons.wikimedia.org/wiki/File:Saudi_National_Bank_Logo.svg
524198,MASTERCARD,CREDIT,TITANIUM,SHARJAH ISLAMIC BANK PJSC,+97165999999,http://www.sib.ae,AE,ARE,UNITED ARAB EMIRATES,sib.ae,https://commons.wikimedia.org/wiki/File:Sharjah_Islamic_Bank_logo.svg
524200,MASTERCARD,CREDIT,TITANIUM,FIRST ABU DHABI BANK PJSC,+971600525500,https://www.bankfab.com,AE,ARE,UNITED ARAB EMIRATES,bankfab.com,https://commons.wikimedia.org/wiki/File:First_Abu_Dhabi_Bank_Logo.svg
524201,MASTERCARD,CREDIT,CORPORATE,GULF INTERNATIONAL BANK BSC,,,BH,BHR,BAHRAIN,gib.com,https://commons.wikimedia.org/wiki/File:Gulf_International_Bank_Logo.svg
524204,MASTERCARD,CREDIT,PLATINUM,FIRST ABU DHABI BANK PJSC,+971600525500,https://www.bankfab.com,AE,ARE,UNITED ARAB EMIRATES,bankfab.com,https://commons.wikimedia.org/wiki/File:First_Abu_Dhabi_Bank_Logo.svg
524205,MASTERCARD,CREDIT,PLATINUM,SAUDI INVESTMENT BANK,,,SA,SAU,SAUDI ARABIA,saib.com.sa,https://commons.wikimedia.org/wiki/File:Saudi_Investment_Bank_Logo.svg
524211,MASTERCARD,CREDIT,TITANIUM,"CITIBANK, N.A.",,https://www.citi.com,AE,ARE,UNITED ARAB EMIRATES,citibank.com,https://commons.wikimedia.org/wiki/File:Citibank.svg
524215,MASTERCARD,CREDIT,TITANIUM,CSCBANK SAL,,,LB,LBN,LEBANON,cscbank.com,https://img.logo.dev/cscbank.com?format=png&size=400
524221,MASTERCARD,CREDIT,TITANIUM,QATAR NATIONAL BANK,,http://www.qnb.com.qa,KW,KWT,KUWAIT,qnb.com,https://commons.wikimedia.org/wiki/File:Qatar_National_Bank_Logo.svg
524222,MASTERCARD,CREDIT,TITANIUM,COMMERCIAL BANK INTERNATIONAL,+97142275265,http://www.cbiuae.com,AE,ARE,UNITED ARAB EMIRATES,cbiuae.com,https://img.logo.dev/cbiuae.com?format=png&size=400
524235,MASTERCARD,CREDIT,TITANIUM,CREDIT LIBANAIS S.A.L.,+9611900111,http://www.creditlibanais.com.lb,LB,LBN,LEBANON,creditlibanais.com,https://commons.wikimedia.org/wiki/File:Credit_Libanais_logo.svg
524236,MASTERCARD,CREDIT,PLATINUM,BANK ALJAZIRA,,,SA,SAU,SAUDI ARABIA,baj.com.sa,https://commons.wikimedia.org/wiki/File:Aljazira_Bank_Logo.svg
524237,MASTERCARD,CREDIT,TITANIUM,DEEM FINANCE L.L.C.,,,AE,ARE,UNITED ARAB EMIRATES,deem.io,https://img.logo.dev/deem.io?format=png&size=400
524243,MASTERCARD,CREDIT,WORLD,FIRST ABU DHABI BANK PJSC,+971600525500,https://www.bankfab.com,AE,ARE,UNITED ARAB EMIRATES,bankfab.com,https://commons.wikimedia.org/wiki/File:First_Abu_Dhabi_Bank_Logo.svg
524244,MASTERCARD,CREDIT,TITANIUM,CSCBANK SAL,,,IQ,IRQ,IRAQ,cscbank.com,https://img.logo.dev/cscbank.com?format=png&size=400
524245,MASTERCARD,CREDIT,TITANIUM,QATAR NATIONAL BANK,,http://www.qnb.com.qa,OM,OMN,OMAN,qnb.com,https://commons.wikimedia.org/wiki/File:Qatar_National_Bank_Logo.svg
524246,MASTERCARD,CREDIT,TITANIUM,QATAR NATIONAL BANK,,http://www.qnb.com.qa,LB,LBN,LEBANON,qnb.com,https://commons.wikimedia.org/wiki/File:Qatar_National_Bank_Logo.svg
524249,MASTERCARD,CREDIT,TITANIUM,BANK ALBILAD,,,SA,SAU,SAUDI ARABIA,bankalbilad.com,https://commons.wikimedia.org/wiki/File:Bank_Albilad_Logo.svg
524251,MASTERCARD,CREDIT,PLATINUM,SOHAR INTERNATIONAL BANK SAOG,,,OM,OMN,OMAN,soharinternational.com,https://commons.wikimedia.org/wiki/File:Sohar_International_logo.svg
524257,MASTERCARD,CREDIT,TITANIUM,FIRST ABU DHABI BANK PJSC,+971600525500,https://www.bankfab.com,AE,ARE,UNITED ARAB EMIRATES,bankfab.com,https://commons.wikimedia.org/wiki/File:First_Abu_Dhabi_Bank_Logo.svg
524258,MASTERCARD,CREDIT,TITANIUM,QATAR NATIONAL BANK,+97444622724,http://www.qnb.com.qa,QA,QAT,QATAR,qnb.com,https://commons.wikimedia.org/wiki/File:Qatar_National_Bank_Logo.svg
524259,MASTERCARD,CREDIT,TITANIUM,NATIONAL BANK OF BAHRAIN,,,BH,BHR,BAHRAIN,nbbonline.com,https://commons.wikimedia.org/wiki/File:National_Bank_of_Bahrain_logo.svg
524266,MASTERCARD,CREDIT,WORLD ELITE,AL-RAJHI BANKING AND INVESTMENT CORPORATION,,,SA,SAU,SAUDI ARABIA,alrajhibank.com.sa,https://commons.wikimedia.org/wiki/File:Al_Rajhi_Bank_Logo.svg
524269,MASTERCARD,CREDIT,TITANIUM,CSCBANK SAL,,,LB,LBN,LEBANON,cscbank.com,https://img.logo.dev/cscbank.com?format=png&size=400
524270,MASTERCARD,CREDIT,PLATINUM,QATAR NATIONAL BANK,+97444622724,http://www.qnb.com.qa,QA,QAT,QATAR,qnb.com,https://commons.wikimedia.org/wiki/File:Qatar_National_Bank_Logo.svg
524273,MASTERCARD,DEBIT,STANDARD,"IRAQ ELECTRONIC GATE FOR FINANCIAL SERVICES CO, LTD.",,,IQ,IRQ,IRAQ,qicard.net,https://commons.wikimedia.org/wiki/File:Qi_card_logo.svg
524278,MASTERCARD,DEBIT,STANDARD,NATIONAL BANK OF OMAN (SAOG),,,OM,OMN,OMAN,nbo.om,https://commons.wikimedia.org/wiki/File:National_Bank_of_Oman_logo.svg
524310,MASTERCARD,CREDIT,PLATINUM,BANQUE DU CAIRE,+20222648410,http://www.bdc.com.eg,EG,EGY,EGYPT,bdc.com.eg,https://commons.wikimedia.org/wiki/File:Banque_du_Caire_logo.svg
524333,MASTERCARD,CREDIT,WORLD,DEEM FINANCE L.L.C.,,,AE,ARE,UNITED ARAB EMIRATES,deem.io,https://img.logo.dev/deem.io?format=png&size=400
524334,MASTERCARD,CREDIT,TITANIUM,BLOM BANK SAL,,,LB,LBN,LEBANON,blom.com.lb,https://commons.wikimedia.org/wiki/File:BLOM_Bank_logo.svg
524340,MASTERCARD,DEBIT,BUSINESS,SOHAR INTERNATIONAL BANK SAOG,,,OM,OMN,OMAN,soharinternational.com,https://commons.wikimedia.org/wiki/File:Sohar_International_logo.svg
524350,MASTERCARD,DEBIT,PLATINUM,AREEBA S.A.L,,,LB,LBN,LEBANON,areeba.com,https://img.logo.dev/areeba.com?format=png&size=400
524372,MASTERCARD,CREDIT,PLATINUM,HSBC BANK MIDDLE EAST,+97142241000,http://www.hsbc.ae,AE,ARE,UNITED ARAB EMIRATES,hsbc.com,https://commons.wikimedia.org/wiki/File:HSBC_logo_(2018).svg
524380,MASTERCARD,CREDIT,PLATINUM,QATAR INTERNATIONAL ISLAMIC BANK,,http://www.qiib.com.qa,QA,QAT,QATAR,qiib.com.qa,https://commons.wikimedia.org/wiki/File:QIIB_logo.svg
524388,MASTERCARD,CREDIT,PLATINUM,THE SAUDI NATIONAL BANK,,,SA,SAU,SAUDI ARABIA,alahli.com,https://commons.wikimedia.org/wiki/File:Saudi_National_Bank_Logo.svg
524398,MASTERCARD,CREDIT,PLATINUM,FIRST ABU DHABI BANK PJSC,+971600525500,https://www.bankfab.com,AE,ARE,UNITED ARAB EMIRATES,bankfab.com,https://commons.wikimedia.org/wiki/File:First_Abu_Dhabi_Bank_Logo.svg
524399,MASTERCARD,CREDIT,STANDARD,,,,AE,ARE,UNITED ARAB EMIRATES,,
524417,MASTERCARD,DEBIT,TITANIUM,NETWORK INTERNATIONAL LLC,,,AE,ARE,UNITED ARAB EMIRATES,network.ae,https://img.logo.dev/network.ae?format=png&size=400
524426,MASTERCARD,DEBIT,TITANIUM,JORDAN ISLAMIC BANK CO.,,,JO,JOR,JORDAN,jordanislamicbank.com,https://commons.wikimedia.org/wiki/File:Jordan_Islamic_Bank_logo.svg
524428,MASTERCARD,CREDIT,,,,,EG,EGY,EGYPT,,
524439,MASTERCARD,CREDIT,WORLD ELITE,JORDAN AHLI BANK,+96265007777,http://www.ahli.com,JO,JOR,JORDAN,ahlibank.com.jo,https://commons.wikimedia.org/wiki/File:Jordan_Ahli_Bank_logo.svg
524447,MASTERCARD,CREDIT,TITANIUM,ARAB BANK PLC,+20 2 19100,http://www.arabbank.jo,EG,EGY,EGYPT,arabbank.com,https://commons.wikimedia.org/wiki/File:Arab_Bank_logo.svg
524455,MASTERCARD,DEBIT,PLATINUM,NETWORK INTERNATIONAL LLC,,,AE,ARE,UNITED ARAB EMIRATES,network.ae,https://img.logo.dev/network.ae?format=png&size=400
524475,MASTERCARD,CREDIT,BUSINESS,EMIRATES NBD,+971800456,http://www.emiratesnbd.com,AE,ARE,UNITED ARAB EMIRATES,emiratesnbd.com,https://commons.wikimedia.org/wiki/File:Emirates_NBD_logo.svg
524497,MASTERCARD,CREDIT,PLATINUM,COMMERCIAL BANK OF QATAR Q.S.C,,,QA,QAT,QATAR,cbq.qa,https://commons.wikimedia.org/wiki/File:Commercial_Bank_of_Qatar_Logo.svg
524500,MASTERCARD,CREDIT,TITANIUM,BAHRAIN ISLAMIC BANK B.S.C,,,BH,BHR,BAHRAIN,bisb.com,https://commons.wikimedia.org/wiki/File:BisB_logo.svg
524502,MASTERCARD,CREDIT,TITANIUM,ABU DHABI COMMERCIAL BANK,+97126962222,http://www.adcb.com,AE,ARE,UNITED ARAB EMIRATES,adcb.com,https://commons.wikimedia.org/wiki/File:Abu_Dhabi_Commercial_Bank_Logo.svg
524503,MASTERCARD,CREDIT,TITANIUM,MASRAF AL RAYAN,+97444253333,http://www.alrayan.com,QA,QAT,QATAR,alrayan.com,https://commons.wikimedia.org/wiki/File:Masraf_Al_Rayan_logo.svg
524504,MASTERCARD,CREDIT,TITANIUM,MASHREQ BANK,971 4 424 4444,http://www.mashreqbank.com,EG,EGY,EGYPT,mashreqbank.com,https://commons.wikimedia.org/wiki/File:Mashreq_bank_logo.svg
524510,MASTERCARD,CREDIT,TITANIUM,CREDIT CARD SERVICES JORDAN,,,JO,JOR,JORDAN,,
524513,MASTERCARD,CREDIT,TITANIUM,BANK MUSCAT (SAOG),,,OM,OMN,OMAN,bankmuscat.com,https://commons.wikimedia.org/wiki/File:Bank_Muscat_logo.svg
524514,MASTERCARD,DEBIT,PLATINUM,RIYAD BANK,,http://www.riyadbank.com,SA,SAU,SAUDI ARABIA,riyadbank.com,https://commons.wikimedia.org/wiki/File:Riyad_Bank_logo.svg
524515,MASTERCARD,CREDIT,TITANIUM,ALIZZ ISLAMIC BANK SAOG,,,OM,OMN,OMAN,alizzislamic.com,https://img.logo.dev/alizzislamic.com?format=png&size=400
524520,MASTERCARD,CREDIT,TITANIUM,BLOM BANK SAL,,,LB,LBN,LEBANON,blom.com.lb,https://commons.wikimedia.org/wiki/File:BLOM_Bank_logo.svg
524524,MASTERCARD,CREDIT,TITANIUM,ABU DHABI ISLAMIC BANK,,http://www.adib.ae,EG,EGY,EGYPT,adib.ae,https://commons.wikimedia.org/wiki/File:Abu_Dhabi_Islamic_Bank_Logo.svg
524530,MASTERCARD,CREDIT,TITANIUM,STANDARD CHARTERED BANK,+971600522288,https://www.sc.com,AE,ARE,UNITED ARAB EMIRATES,sc.com,https://commons.wikimedia.org/wiki/File:Standard_Chartered_(2021).svg
524548,MASTERCARD,CREDIT,PLATINUM,BANQUE MISR,+20223912150,http://www.banquemisr.com,EG,EGY,EGYPT,banquemisr.com,https://commons.wikimedia.org/wiki/File:Banque_Misr_logo.svg
524558,MASTERCARD,DEBIT,PREPAID,"IRAQ ELECTRONIC GATE FOR FINANCIAL SERVICES CO, LTD.",,,IQ,IRQ,IRAQ,qicard.net,https://commons.wikimedia.org/wiki/File:Qi_card_logo.svg
524592,MASTERCARD,DEBIT,PREPAID PLATINUM TRAVEL,AL-TABADUL FOR ELECTRONIC AND FINANCIAL TECHNOLOGIES,,,IQ,IRQ,IRAQ,,
524616,MASTERCARD,DEBIT,PREPAID WORLD,LARI EXCHANGE,,,AE,ARE,UNITED ARAB EMIRATES,,
524646,MASTERCARD,CREDIT,PLATINUM,ARAB NATIONAL BANK,,,SA,SAU,SAUDI ARABIA,anb.com.sa,https://commons.wikimedia.org/wiki/File:Anb_new_logo.svg
524668,MASTERCARD,CREDIT,STANDARD,AREEBA S.A.L,,,LB,LBN,LEBANON,areeba.com,https://img.logo.dev/areeba.com?format=png&size=400
524690,MASTERCARD,DEBIT,STANDARD,ARAB FINANCIAL SERVICES COMPANY B.S.C. (C),,,EG,EGY,EGYPT,afs.com.bh,https://img.logo.dev/afs.com.bh?format=png&size=400
524692,MASTERCARD,DEBIT,STANDARD,THE NATIONAL BANK PLC,,,PS,PSE,"PALESTINIAN TERRITORY, OCCUPIED",tnb.ps,https://img.logo.dev/tnb.ps?format=png&size=400
524696,MASTERCARD,CREDIT,EXECUTIVE BUSINESS,EMIRATES NATIONAL BANK OF DUBAI S.A.E,,,EG,EGY,EGYPT,emiratesnbd.com,https://commons.wikimedia.org/wiki/File:Emirates_NBD_logo.svg
524729,MASTERCARD,DEBIT,STANDARD,MIDDLE EAST PAYMENT SERVICES LIMITED CO.,,,IQ,IRQ,IRAQ,meps.com.jo,https://img.logo.dev/meps.com.jo?format=png&size=400
524739,MASTERCARD,CREDIT,PLATINUM,MAWARID FINANCE PJSC,,,AE,ARE,UNITED ARAB EMIRATES,,
524745,MASTERCARD,DEBIT,STANDARD,QATAR NATIONAL BANK,,http://www.qnb.com.qa,KW,KWT,KUWAIT,qnb.com,https://commons.wikimedia.org/wiki/File:Qatar_National_Bank_Logo.svg
524815,MASTERCARD,CREDIT,STANDARD,"SUEZ CANAL BANK, S.A.E.",,,EG,EGY,EGYPT,scbank.com.eg,https://commons.wikimedia.org/wiki/File:Suez_Canal_Bank_logo.svg
524833,MASTERCARD,CREDIT,PLATINUM,QATAR INTERNATIONAL ISLAMIC BANK,,http://www.qiib.com.qa,QA,QAT,QATAR,qiib.com.qa,https://commons.wikimedia.org/wiki/File:QIIB_logo.svg
524842,MASTERCARD,CREDIT,WORLD ELITE,ARAB PAYMENT SERVICES,,,IQ,IRQ,IRAQ,aps.iq,https://img.logo.dev/aps.iq?format=png&size=400
524844,MASTERCARD,CREDIT,CORPORATE PURCHASING,"BURGAN BANK, S.A.K.",+9651804080,http://www.burgan.com,KW,KWT,KUWAIT,burgan.com,https://commons.wikimedia.org/wiki/File:Burgan_Bank_logo.svg
524845,MASTERCARD,DEBIT,PLATINUM,SOCIETE ARABE INTERNATIONALE DE BANQUE,,,EG,EGY,EGYPT,abe.com.eg,https://img.logo.dev/abe.com.eg?format=png&size=400
524883,MASTERCARD,DEBIT,WORLD ELITE,NETWORK INTERNATIONAL LLC,,,AE,ARE,UNITED ARAB EMIRATES,network.ae,https://img.logo.dev/network.ae?format=png&size=400
524940,MASTERCARD,DEBIT,PREPAID RELOADABLE,ARAB NATIONAL BANK,,,SA,SAU,SAUDI ARABIA,anb.com.sa,https://commons.wikimedia.org/wiki/File:Anb_new_logo.svg
524975,MASTERCARD,CREDIT,,NETWORK INTERNATIONAL LLC,,,AE,ARE,UNITED ARAB EMIRATES,network.ae,https://img.logo.dev/network.ae?format=png&size=400
524998,MASTERCARD,DEBIT,PREPAID BUSINESS,"NAYAX ISRAEL, LTD.",,,IL,ISR,ISRAEL,,
525106,MASTERCARD,CREDIT,BUSINESS,BAHRAIN ISLAMIC BANK B.S.C,,,BH,BHR,BAHRAIN,bisb.com,https://commons.wikimedia.org/wiki/File:BisB_logo.svg
525114,MASTERCARD,DEBIT,STANDARD,SOHAR INTERNATIONAL BANK SAOG,,,OM,OMN,OMAN,soharinternational.com,https://commons.wikimedia.org/wiki/File:Sohar_International_logo.svg
525115,MASTERCARD,CREDIT,STANDARD,CAIRO AMMAN BANK PLC,,,PS,PSE,"PALESTINIAN TERRITORY, OCCUPIED",cab.jo,https://commons.wikimedia.org/wiki/File:Cairo_Amman_Bank_logo.svg
525121,MASTERCARD,DEBIT,TITANIUM,SOHAR INTERNATIONAL BANK SAOG,,,OM,OMN,OMAN,soharinternational.com,https://commons.wikimedia.org/wiki/File:Sohar_International_logo.svg
525169,MASTERCARD,DEBIT,PREPAID RELOADABLE,ONE GLOBAL SMART SERVICES COMPANY WLL,,,BH,BHR,BAHRAIN,,
525174,MASTERCARD,DEBIT,STANDARD,SOHAR INTERNATIONAL BANK SAOG,,,OM,OMN,OMAN,soharinternational.com,https://commons.wikimedia.org/wiki/File:Sohar_International_logo.svg
525323,MASTERCARD,CREDIT,CORPORATE,HSBC BANK MIDDLE EAST,+97142241000,http://www.hsbc.ae,AE,ARE,UNITED ARAB EMIRATES,hsbc.com,https://commons.wikimedia.org/wiki/File:HSBC_logo_(2018).svg
525333,MASTERCARD,CREDIT,STANDARD,NETWORK INTERNATIONAL PAYMENT SERVICES,,,EG,EGY,EGYPT,network.ae,https://img.logo.dev/network.ae?format=png&size=400
525336,MASTERCARD,CREDIT,GOLD,BANK HAPOALIM B.M.,,,IL,ISR,ISRAEL,bankhapoalim.co.il,https://commons.wikimedia.org/wiki/File:Bank_Hapoalim_Logo.svg
525349,MASTERCARD,DEBIT,STANDARD,YANA BANKING SERVICES COMPANY,,,IQ,IRQ,IRAQ,,
525350,MASTERCARD,DEBIT,PREPAID,EMIRATES NBD,+971800456,http://www.emiratesnbd.com,AE,ARE,UNITED ARAB EMIRATES,emiratesnbd.com,https://commons.wikimedia.org/wiki/File:Emirates_NBD_logo.svg
525360,MASTERCARD,DEBIT,PREPAID,ARAB FINANCIAL SERVICES COMPANY B.S.C. (C),,,BH,BHR,BAHRAIN,afs.com.bh,https://img.logo.dev/afs.com.bh?format=png&size=400
525369,MASTERCARD,CREDIT,PLATINUM,CREDIT LIBANAIS S.A.L.,+9611900111,http://www.creditlibanais.com.lb,LB,LBN,LEBANON,creditlibanais.com,https://commons.wikimedia.org/wiki/File:Credit_Libanais_logo.svg
525434,MASTERCARD,CREDIT,STANDARD,CAPITAL BANK OF JORDAN,,,JO,JOR,JORDAN,bankofjordan.com,https://commons.wikimedia.org/wiki/File:Bank_of_Jordan_logo.svg
525472,MASTERCARD,CREDIT,WORLD ELITE,CREDIT CARD SERVICES JORDAN,,,JO,JOR,JORDAN,,
525512,MASTERCARD,CREDIT,TITANIUM,ARAB PAYMENT SERVICES,,,IQ,IRQ,IRAQ,aps.iq,https://img.logo.dev/aps.iq?format=png&size=400
525520,MASTERCARD,CREDIT,WORLD,SOHAR INTERNATIONAL BANK SAOG,,,OM,OMN,OMAN,soharinternational.com,https://commons.wikimedia.org/wiki/File:Sohar_International_logo.svg
525528,MASTERCARD,DEBIT,BUSINESS,WARBA BANK K.S.C,,,KW,KWT,KUWAIT,warbabank.com,https://commons.wikimedia.org/wiki/File:Warba_Bank_logo.svg
525531,MASTERCARD,DEBIT,PREPAID PLATINUM TRAVEL,JORDAN KUWAIT BANK,,http://www.jordan-kuwait-bank.com,JO,JOR,JORDAN,jkb.com,https://commons.wikimedia.org/wiki/File:Jordan_Kuwait_Bank_logo.svg
525550,MASTERCARD,CREDIT,WORLD ELITE,BANQUE DU CAIRE,+20222648410,http://www.bdc.com.eg,EG,EGY,EGYPT,bdc.com.eg,https://commons.wikimedia.org/wiki/File:Banque_du_Caire_logo.svg
525555,MASTERCARD,DEBIT,PREPAID PLATINUM TRAVEL,AREEBA S.A.L,,,LB,LBN,LEBANON,areeba.com,https://img.logo.dev/areeba.com?format=png&size=400
525570,MASTERCARD,DEBIT,PLATINUM,SOHAR INTERNATIONAL BANK SAOG,,,OM,OMN,OMAN,soharinternational.com,https://commons.wikimedia.org/wiki/File:Sohar_International_logo.svg
525572,MASTERCARD,DEBIT,PREPAID,SHARJAH ISLAMIC BANK PJSC,+97165999999,http://www.sib.ae,AE,ARE,UNITED ARAB EMIRATES,sib.ae,https://commons.wikimedia.org/wiki/File:Sharjah_Islamic_Bank_logo.svg
525580,MASTERCARD,DEBIT,PREPAID,INTERNATIONAL ISLAMIC BANK,,,IQ,IRQ,IRAQ,,
525601,MASTERCARD,CREDIT,PLATINUM,ABU DHABI COMMERCIAL BANK,+97126962222,http://www.adcb.com,AE,ARE,UNITED ARAB EMIRATES,adcb.com,https://commons.wikimedia.org/wiki/File:Abu_Dhabi_Commercial_Bank_Logo.svg
525614,MASTERCARD,DEBIT,STANDARD,JORDAN COMMERCIAL BANK,+96265203000,http://www.jcbank.com.jo,JO,JOR,JORDAN,jcbank.com.jo,https://img.logo.dev/jcbank.com.jo?format=png&size=400
525645,MASTERCARD,CREDIT,STANDARD,MASHREQ BANK,,http://www.mashreqbank.com,QA,QAT,QATAR,mashreqbank.com,https://commons.wikimedia.org/wiki/File:Mashreq_bank_logo.svg
525660,MASTERCARD,DEBIT,STANDARD,"IRAQ ELECTRONIC GATE FOR FINANCIAL SERVICES CO, LTD.",,,IQ,IRQ,IRAQ,qicard.net,https://commons.wikimedia.org/wiki/File:Qi_card_logo.svg
525677,MASTERCARD,CREDIT,,,,,SY,SYR,SYRIAN ARAB REPUBLIC,,
525688,MASTERCARD,CREDIT,STANDARD,THE SAUDI NATIONAL BANK,,,SA,SAU,SAUDI ARABIA,alahli.com,https://commons.wikimedia.org/wiki/File:Saudi_National_Bank_Logo.svg
525715,MASTERCARD,CREDIT,TITANIUM,"SUEZ CANAL BANK, S.A.E.",,,EG,EGY,EGYPT,scbank.com.eg,https://commons.wikimedia.org/wiki/File:Suez_Canal_Bank_logo.svg
525774,MASTERCARD,CREDIT,WORLD,NATIONAL BANK OF BAHRAIN,,,BH,BHR,BAHRAIN,nbbonline.com,https://commons.wikimedia.org/wiki/File:National_Bank_of_Bahrain_logo.svg
525787,MASTERCARD,DEBIT,STANDARD,"IRAQ ELECTRONIC GATE FOR FINANCIAL SERVICES CO, LTD.",,,IQ,IRQ,IRAQ,qicard.net,https://commons.wikimedia.org/wiki/File:Qi_card_logo.svg
525788,MASTERCARD,CREDIT,GOLD,QATAR INTERNATIONAL ISLAMIC BANK,,http://www.qiib.com.qa,QA,QAT,QATAR,qiib.com.qa,https://commons.wikimedia.org/wiki/File:QIIB_logo.svg
525792,MASTERCARD,CREDIT,WORLD,QATAR ISLAMIC BANK,,,QA,QAT,QATAR,qib.com.qa,https://commons.wikimedia.org/wiki/File:Qatar_Islamic_Bank_Logo.svg
525811,MASTERCARD,DEBIT,,,,,IQ,IRQ,IRAQ,,
525836,MASTERCARD,CREDIT,GOLD,BANQUE MISR,+20223912150,http://www.banquemisr.com,EG,EGY,EGYPT,banquemisr.com,https://commons.wikimedia.org/wiki/File:Banque_Misr_logo.svg
525851,MASTERCARD,CREDIT,TITANIUM,AREEBA S.A.L,,,LB,LBN,LEBANON,areeba.com,https://img.logo.dev/areeba.com?format=png&size=400
525862,MASTERCARD,DEBIT,PREPAID,ARAB PAYMENT SERVICES,,,IQ,IRQ,IRAQ,aps.iq,https://img.logo.dev/aps.iq?format=png&size=400
525878,MASTERCARD,DEBIT,,,,,BH,BHR,BAHRAIN,,
525889,MASTERCARD,CREDIT,STANDARD,ARAB FINANCIAL SERVICES COMPANY B.S.C. (C),,,IQ,IRQ,IRAQ,afs.com.bh,https://img.logo.dev/afs.com.bh?format=png&size=400
525900,MASTERCARD,CREDIT,TITANIUM,BANK OF PALESTINE LTD.,,,PS,PSE,"PALESTINIAN TERRITORY, OCCUPIED",bankofpalestine.com,https://commons.wikimedia.org/wiki/File:Bank_of_Palestine_logo.svg
525924,MASTERCARD,DEBIT,PREPAID,CSCBANK SAL,,,LB,LBN,LEBANON,cscbank.com,https://img.logo.dev/cscbank.com?format=png&size=400
525937,MASTERCARD,DEBIT,STANDARD,UNITED BANK S.E.A.,,,EG,EGY,EGYPT,,
526039,MASTERCARD,CREDIT,TITANIUM,NATIONAL BANK OF RAS AL-KHAIMAH (RAKBANK),,,AE,ARE,UNITED ARAB EMIRATES,rakbank.ae,https://commons.wikimedia.org/wiki/File:Rakbank_logo.svg
526040,MASTERCARD,DEBIT,PLATINUM,QATAR NATIONAL BANK,+97444622724,http://www.qnb.com.qa,QA,QAT,QATAR,qnb.com,https://commons.wikimedia.org/wiki/File:Qatar_National_Bank_Logo.svg
526050,MASTERCARD,DEBIT,PREPAID PLATINUM TRAVEL,THE HOUSING BANK FOR TRADE & FINANCE,,,JO,JOR,JORDAN,hbtf.com,https://commons.wikimedia.org/wiki/File:Housing_Bank_for_Trade_and_Finance_logo.svg
526084,MASTERCARD,CREDIT,PLATINUM,RIYAD BANK,,http://www.riyadbank.com,SA,SAU,SAUDI ARABIA,riyadbank.com,https://commons.wikimedia.org/wiki/File:Riyad_Bank_logo.svg
526113,MASTERCARD,CREDIT,PLATINUM,ABU DHABI COMMERCIAL BANK,+97126962222,http://www.adcb.com,AE,ARE,UNITED ARAB EMIRATES,adcb.com,https://commons.wikimedia.org/wiki/File:Abu_Dhabi_Commercial_Bank_Logo.svg
526129,MASTERCARD,DEBIT,PLATINUM,NATIONAL BANK OF BAHRAIN,,,AE,ARE,UNITED ARAB EMIRATES,nbbonline.com,https://commons.wikimedia.org/wiki/File:National_Bank_of_Bahrain_logo.svg
526136,MASTERCARD,CREDIT,WORLD,CAPITAL BANK OF JORDAN,,,JO,JOR,JORDAN,bankofjordan.com,https://commons.wikimedia.org/wiki/File:Bank_of_Jordan_logo.svg
526137,MASTERCARD,CREDIT,BUSINESS,BANK HAPOALIM B.M.,,,IL,ISR,ISRAEL,bankhapoalim.co.il,https://commons.wikimedia.org/wiki/File:Bank_Hapoalim_Logo.svg
526150,MASTERCARD,DEBIT,PREPAID,NATIONAL BANK OF OMAN (SAOG),,,OM,OMN,OMAN,nbo.om,https://commons.wikimedia.org/wiki/File:National_Bank_of_Oman_logo.svg
526157,MASTERCARD,DEBIT,PREPAID,INTERNATIONAL SMART CARD LLC,,,IQ,IRQ,IRAQ,qicard.net,https://commons.wikimedia.org/wiki/File:Qi_card_logo.svg
526195,MASTERCARD,CREDIT,CORPORATE,HSBC BANK MIDDLE EAST,+97317569999,http://www.hsbc.ae,BH,BHR,BAHRAIN,hsbc.com,https://commons.wikimedia.org/wiki/File:HSBC_logo_(2018).svg
526206,MASTERCARD,DEBIT,BUSINESS,GULF BANK K.S.C.,,http://www.gulfbank.com,KW,KWT,KUWAIT,e-gulfbank.com,https://commons.wikimedia.org/wiki/File:Gulf_Bank_Kuwait_logo.svg
526243,MASTERCARD,CREDIT,PLATINUM,ABU DHABI COMMERCIAL BANK,+97126962222,http://www.adcb.com,AE,ARE,UNITED ARAB EMIRATES,adcb.com,https://commons.wikimedia.org/wiki/File:Abu_Dhabi_Commercial_Bank_Logo.svg
526277,MASTERCARD,DEBIT,PREPAID,FIRST ABU DHABI BANK PJSC,+971600525500,https://www.bankfab.com,AE,ARE,UNITED ARAB EMIRATES,bankfab.com,https://commons.wikimedia.org/wiki/File:First_Abu_Dhabi_Bank_Logo.svg
526298,MASTERCARD,CREDIT,CORPORATE,HSBC BANK MIDDLE EAST,+97142241000,http://www.hsbc.ae,AE,ARE,UNITED ARAB EMIRATES,hsbc.com,https://commons.wikimedia.org/wiki/File:HSBC_logo_(2018).svg
526330,MASTERCARD,DEBIT,STANDARD,SOCIETE GENERALE DE BANQUE AU LIBAN S.A.L.,1274477777,http://www.sgbl.com.lb,LB,LBN,LEBANON,sgbl.com.lb,https://commons.wikimedia.org/wiki/File:SGBL_logo.svg
526371,MASTERCARD,CREDIT,CORPORATE,HSBC BANK MIDDLE EAST,+974 4441 6663 A851+A851,http://www.hsbc.ae,QA,QAT,QATAR,hsbc.com,https://commons.wikimedia.org/wiki/File:HSBC_logo_(2018).svg
526402,MASTERCARD,DEBIT,STANDARD,BANQUE DU CAIRE,+20222648410,http://www.bdc.com.eg,EG,EGY,EGYPT,bdc.com.eg,https://commons.wikimedia.org/wiki/File:Banque_du_Caire_logo.svg
526403,MASTERCARD,DEBIT,STANDARD,NATIONAL BANK OF EGYPT,,http://www.nbe.com.eg,EG,EGY,EGYPT,nbe.com.eg,https://commons.wikimedia.org/wiki/File:National_Bank_of_Egypt_Logo.svg
526405,MASTERCARD,DEBIT,STANDARD,AREEBA S.A.L,,,LB,LBN,LEBANON,areeba.com,https://img.logo.dev/areeba.com?format=png&size=400
526406,MASTERCARD,DEBIT,PREPAID,AREEBA S.A.L,,,LB,LBN,LEBANON,areeba.com,https://img.logo.dev/areeba.com?format=png&size=400
526407,MASTERCARD,DEBIT,PREPAID,AREEBA S.A.L,,,LB,LBN,LEBANON,areeba.com,https://img.logo.dev/areeba.com?format=png&size=400
526408,MASTERCARD,DEBIT,WORLD REWARDS,ABU DHABI COMMERCIAL BANK,+97126962222,http://www.adcb.com,AE,ARE,UNITED ARAB EMIRATES,adcb.com,https://commons.wikimedia.org/wiki/File:Abu_Dhabi_Commercial_Bank_Logo.svg
526409,MASTERCARD,DEBIT,STANDARD,AREEBA S.A.L,,,LB,LBN,LEBANON,areeba.com,https://img.logo.dev/areeba.com?format=png&size=400
526417,MASTERCARD,DEBIT,PREPAID,BANQUE DU CAIRE,+20222648410,http://www.bdc.com.eg,EG,EGY,EGYPT,bdc.com.eg,https://commons.wikimedia.org/wiki/File:Banque_du_Caire_logo.svg
526420,MASTERCARD,DEBIT,PREPAID,COMMERCIAL INTERNATIONAL BANK (EGYPT) S.A.E.,971 - 4 - 3589381,http://www.cibeg.com,EG,EGY,EGYPT,cibeg.com,https://commons.wikimedia.org/wiki/File:CIB_Logo.svg
526432,MASTERCARD,DEBIT,STANDARD,AREEBA S.A.L,,,LB,LBN,LEBANON,areeba.com,https://img.logo.dev/areeba.com?format=png&size=400
526433,MASTERCARD,DEBIT,STANDARD,FRANSABANK S.A.L.,,http://www.fransabank.com,SY,SYR,SYRIAN ARAB REPUBLIC,fransabank.com,https://commons.wikimedia.org/wiki/File:Fransabank_logo.svg
526437,MASTERCARD,DEBIT,PREPAID,AHLI BANK OF KUWAIT,,,EG,EGY,EGYPT,eahli.com,https://commons.wikimedia.org/wiki/File:Al_Ahli_Bank_of_Kuwait_logo.svg
526439,MASTERCARD,DEBIT,STANDARD,COMMERCIAL INTERNATIONAL BANK (EGYPT) S.A.E.,971 - 4 - 3589381,http://www.cibeg.com,EG,EGY,EGYPT,cibeg.com,https://commons.wikimedia.org/wiki/File:CIB_Logo.svg
526450,MASTERCARD,DEBIT,PREMIUM,KUWAIT FINANCE HOUSE K.S.C.,+9651803333,http://www.kfh.com,KW,KWT,KUWAIT,financehouse.ae,https://img.logo.dev/financehouse.ae?format=png&size=400
526463,MASTERCARD,DEBIT,PREPAID,BANQUE DU CAIRE,+20222648410,http://www.bdc.com.eg,EG,EGY,EGYPT,bdc.com.eg,https://commons.wikimedia.org/wiki/File:Banque_du_Caire_logo.svg
526488,MASTERCARD,CREDIT,STANDARD,SAMBA FINANCIAL GROUP,+9718001242000,http://www.samba.com,AE,ARE,UNITED ARAB EMIRATES,alahli.com,https://commons.wikimedia.org/wiki/File:Saudi_National_Bank_Logo.svg
526525,MASTERCARD,CREDIT,PLATINUM,"IRAQ ELECTRONIC GATE FOR FINANCIAL SERVICES CO, LTD.",,,IQ,IRQ,IRAQ,qicard.net,https://commons.wikimedia.org/wiki/File:Qi_card_logo.svg
526556,MASTERCARD,DEBIT,STANDARD,QATAR NATIONAL BANK,+97444622724,http://www.qnb.com.qa,QA,QAT,QATAR,qnb.com,https://commons.wikimedia.org/wiki/File:Qatar_National_Bank_Logo.svg
526597,MASTERCARD,CREDIT,,COMMERCIAL BANK OF KUWAIT S.A.K.,,,KW,KWT,KUWAIT,cbk.com,https://commons.wikimedia.org/wiki/File:Commercial_Bank_of_Kuwait_logo.svg
526707,MASTERCARD,DEBIT,STANDARD,NETWORK INTERNATIONAL LLC,,,AE,ARE,UNITED ARAB EMIRATES,network.ae,https://img.logo.dev/network.ae?format=png&size=400
526710,MASTERCARD,DEBIT,WORLD,,,,OM,OMN,OMAN,,
526716,MASTERCARD,DEBIT,PREPAID,COMMERCIAL INTERNATIONAL BANK (EGYPT) S.A.E.,971 - 4 - 3589381,http://www.cibeg.com,EG,EGY,EGYPT,cibeg.com,https://commons.wikimedia.org/wiki/File:CIB_Logo.svg
526717,MASTERCARD,CREDIT,TITANIUM,COMMERCIAL INTERNATIONAL BANK (EGYPT) S.A.E.,971 - 4 - 3589381,http://www.cibeg.com,EG,EGY,EGYPT,cibeg.com,https://commons.wikimedia.org/wiki/File:CIB_Logo.svg
526729,MASTERCARD,DEBIT,STANDARD,DOHA BANK Q.S.C,,,QA,QAT,QATAR,dohabank.com,https://commons.wikimedia.org/wiki/File:Doha_Bank_logo.svg
526746,MASTERCARD,DEBIT,TITANIUM,JORDAN KUWAIT BANK,,http://www.jordan-kuwait-bank.com,JO,JOR,JORDAN,jkb.com,https://commons.wikimedia.org/wiki/File:Jordan_Kuwait_Bank_logo.svg
526747,MASTERCARD,DEBIT,PREPAID,COMMERCIAL INTERNATIONAL BANK (EGYPT) S.A.E.,971 - 4 - 3589381,http://www.cibeg.com,EG,EGY,EGYPT,cibeg.com,https://commons.wikimedia.org/wiki/File:CIB_Logo.svg
526774,MASTERCARD,CREDIT,STANDARD,BBAC S.A.L.,,,LB,LBN,LEBANON,,
526780,MASTERCARD,CREDIT,STANDARD,COMMERCIAL INTERNATIONAL BANK (EGYPT) S.A.E.,971 - 4 - 3589381,http://www.cibeg.com,EG,EGY,EGYPT,cibeg.com,https://commons.wikimedia.org/wiki/File:CIB_Logo.svg
526813,MASTERCARD,CREDIT,TITANIUM,NATIONAL BANK OF OMAN (SAOG),,,OM,OMN,OMAN,nbo.om,https://commons.wikimedia.org/wiki/File:National_Bank_of_Oman_logo.svg
526816,MASTERCARD,CREDIT,STANDARD,NATIONAL BANK OF OMAN (SAOG),,,OM,OMN,OMAN,nbo.om,https://commons.wikimedia.org/wiki/File:National_Bank_of_Oman_logo.svg
526842,MASTERCARD,CREDIT,WORLD,ARAB BANK FOR INVESTMENT & FOREIGN TRADE,,,AE,ARE,UNITED ARAB EMIRATES,,
526844,MASTERCARD,CREDIT,PLATINUM,FIRST ABU DHABI BANK PJSC,,https://www.bankfab.com,AE,ARE,UNITED ARAB EMIRATES,bankfab.com,https://commons.wikimedia.org/wiki/File:First_Abu_Dhabi_Bank_Logo.svg
526850,MASTERCARD,DEBIT,PREPAID,QATAR NATIONAL BANK,+97444622724,http://www.qnb.com.qa,QA,QAT,QATAR,qnb.com,https://commons.wikimedia.org/wiki/File:Qatar_National_Bank_Logo.svg
526860,MASTERCARD,DEBIT,STANDARD,ITHMAAR BANK B.S.C.,,,BH,BHR,BAHRAIN,ithmaarbank.com,https://commons.wikimedia.org/wiki/File:Ithmaar_Bank_logo.svg
526884,MASTERCARD,CREDIT,TITANIUM,SOCIETE ARABE INTERNATIONALE DE BANQUE,,,EG,EGY,EGYPT,abe.com.eg,https://img.logo.dev/abe.com.eg?format=png&size=400
526890,MASTERCARD,CREDIT,,CANADA TRUST COMPANY,,,IQ,IRQ,IRAQ,,
526896,MASTERCARD,CREDIT,CORPORATE EXECUTIVE,COMMERCIAL BANK OF QATAR Q.S.C,,,QA,QAT,QATAR,cbq.qa,https://commons.wikimedia.org/wiki/File:Commercial_Bank_of_Qatar_Logo.svg
526902,MASTERCARD,DEBIT,PLATINUM,CSCBANK SAL,,,LB,LBN,LEBANON,cscbank.com,https://img.logo.dev/cscbank.com?format=png&size=400
526904,MASTERCARD,DEBIT,PLATINUM,QATAR NATIONAL BANK,+97444622724,http://www.qnb.com.qa,QA,QAT,QATAR,qnb.com,https://commons.wikimedia.org/wiki/File:Qatar_National_Bank_Logo.svg
526909,MASTERCARD,DEBIT,PLATINUM,AREEBA S.A.L,,,LB,LBN,LEBANON,areeba.com,https://img.logo.dev/areeba.com?format=png&size=400
526917,MASTERCARD,DEBIT,PLATINUM,ABU DHABI COMMERCIAL BANK,+97126962222,http://www.adcb.com,AE,ARE,UNITED ARAB EMIRATES,adcb.com,https://commons.wikimedia.org/wiki/File:Abu_Dhabi_Commercial_Bank_Logo.svg
526928,MASTERCARD,DEBIT,PLATINUM,FRANSABANK SAL,,,LB,LBN,LEBANON,fransabank.com,https://commons.wikimedia.org/wiki/File:Fransabank_logo.svg
526932,MASTERCARD,CREDIT,STANDARD,CSCBANK SAL,,,LB,LBN,LEBANON,cscbank.com,https://img.logo.dev/cscbank.com?format=png&size=400
526970,MASTERCARD,CREDIT,GOLD,ARAB FINANCIAL SERVICES COMPANY B.S.C. (C),,,EG,EGY,EGYPT,afs.com.bh,https://img.logo.dev/afs.com.bh?format=png&size=400
526987,MASTERCARD,CREDIT,STANDARD,INTERNATIONAL SMART CARD LLC,,,IQ,IRQ,IRAQ,qicard.net,https://commons.wikimedia.org/wiki/File:Qi_card_logo.svg
527016,MASTERCARD,CREDIT,WORLD FOR BUSINESS,RIYAD BANK,,http://www.riyadbank.com,SA,SAU,SAUDI ARABIA,riyadbank.com,https://commons.wikimedia.org/wiki/File:Riyad_Bank_logo.svg
527017,MASTERCARD,CREDIT,PLATINUM,BAHRAIN COMMERCIAL FACILITIES COMPANY BSC,,,BH,BHR,BAHRAIN,bahrainfacilities.com,https://img.logo.dev/bahrainfacilities.com?format=png&size=400
527023,MASTERCARD,CREDIT,STANDARD,RIYAD BANK,,http://www.riyadbank.com,SA,SAU,SAUDI ARABIA,riyadbank.com,https://commons.wikimedia.org/wiki/File:Riyad_Bank_logo.svg
527026,MASTERCARD,DEBIT,PREPAID PLATINUM TRAVEL,AL-TAIF ISLAMIC BANK FOR INVESTMENT & FINANCE,,,IQ,IRQ,IRAQ,taifib.iq,https://img.logo.dev/taifib.iq?format=png&size=400
527038,MASTERCARD,CREDIT,GOLD,ARAB JORDAN INVESTMENT BANK,,,JO,JOR,JORDAN,ajib.com,https://img.logo.dev/ajib.com?format=png&size=400
527040,MASTERCARD,CREDIT,STANDARD,"IRAQ ELECTRONIC GATE FOR FINANCIAL SERVICES CO, LTD.",,,IQ,IRQ,IRAQ,qicard.net,https://commons.wikimedia.org/wiki/File:Qi_card_logo.svg
527088,MASTERCARD,DEBIT,PLATINUM,"IRAQ ELECTRONIC GATE FOR FINANCIAL SERVICES CO, LTD.",,,IQ,IRQ,IRAQ,qicard.net,https://commons.wikimedia.org/wiki/File:Qi_card_logo.svg
527091,MASTERCARD,DEBIT,TITANIUM,"IRAQ ELECTRONIC GATE FOR FINANCIAL SERVICES CO, LTD.",,,IQ,IRQ,IRAQ,qicard.net,https://commons.wikimedia.org/wiki/File:Qi_card_logo.svg
527109,MASTERCARD,CREDIT,TITANIUM,ARAB AFRICAN INTERNATIONAL BANK,+20224886679,http://www.aaib.com,EG,EGY,EGYPT,aaib.com,https://commons.wikimedia.org/wiki/File:Arab_African_International_Bank_Logo.svg
527124,MASTERCARD,DEBIT,PREPAID,JORDAN COMMERCIAL BANK,+96265203000,http://www.jcbank.com.jo,JO,JOR,JORDAN,jcbank.com.jo,https://img.logo.dev/jcbank.com.jo?format=png&size=400
527134,MASTERCARD,CREDIT,TITANIUM,"IRAQ ELECTRONIC GATE FOR FINANCIAL SERVICES CO, LTD.",,,IQ,IRQ,IRAQ,qicard.net,https://commons.wikimedia.org/wiki/File:Qi_card_logo.svg
527142,MASTERCARD,DEBIT,STANDARD,ARAB JORDAN INVESTMENT BANK,,,JO,JOR,JORDAN,ajib.com,https://img.logo.dev/ajib.com?format=png&size=400
527155,MASTERCARD,CREDIT,WORLD,MIDDLE EAST PAYMENT SERVICES LIMITED CO.,,,PS,PSE,"PALESTINIAN TERRITORY, OCCUPIED",meps.com.jo,https://img.logo.dev/meps.com.jo?format=png&size=400
527158,MASTERCARD,DEBIT,PLATINUM,DUKHAN BANK Q.P.S.C.,,,QA,QAT,QATAR,dukhanbank.com,https://commons.wikimedia.org/wiki/File:Dukhan_Bank_logo.svg
527160,MASTERCARD,DEBIT,STANDARD,"IRAQ ELECTRONIC GATE FOR FINANCIAL SERVICES CO, LTD.",,,IQ,IRQ,IRAQ,qicard.net,https://commons.wikimedia.org/wiki/File:Qi_card_logo.svg
527167,MASTERCARD,CREDIT,GOLD,"IRAQ ELECTRONIC GATE FOR FINANCIAL SERVICES CO, LTD.",,,IQ,IRQ,IRAQ,qicard.net,https://commons.wikimedia.org/wiki/File:Qi_card_logo.svg
527225,MASTERCARD,CREDIT,PLATINUM,ARAB JORDAN INVESTMENT BANK,,,JO,JOR,JORDAN,ajib.com,https://img.logo.dev/ajib.com?format=png&size=400
527235,MASTERCARD,CREDIT,PLATINUM,"IRAQ ELECTRONIC GATE FOR FINANCIAL SERVICES CO, LTD.",,,IQ,IRQ,IRAQ,qicard.net,https://commons.wikimedia.org/wiki/File:Qi_card_logo.svg
527262,MASTERCARD,CREDIT,WORLD ELITE,GULF BANK K.S.C.,,http://www.gulfbank.com,KW,KWT,KUWAIT,e-gulfbank.com,https://commons.wikimedia.org/wiki/File:Gulf_Bank_Kuwait_logo.svg
527271,MASTERCARD,DEBIT,PREPAID PLATINUM TRAVEL,COMMERCIAL INTERNATIONAL BANK (EGYPT) S.A.E.,971 - 4 - 3589381,http://www.cibeg.com,EG,EGY,EGYPT,cibeg.com,https://commons.wikimedia.org/wiki/File:CIB_Logo.svg
527277,MASTERCARD,DEBIT,STANDARD,CAIRO AMMAN BANK PLC,,,JO,JOR,JORDAN,cab.jo,https://commons.wikimedia.org/wiki/File:Cairo_Amman_Bank_logo.svg
527279,MASTERCARD,CREDIT,TITANIUM,NATIONAL BANK OF RAS AL-KHAIMAH (RAKBANK),,,AE,ARE,UNITED ARAB EMIRATES,rakbank.ae,https://commons.wikimedia.org/wiki/File:Rakbank_logo.svg
527280,MASTERCARD,CREDIT,TITANIUM,MIDDLE EAST PAYMENT SERVICES LIMITED CO.,,,PS,PSE,"PALESTINIAN TERRITORY, OCCUPIED",meps.com.jo,https://img.logo.dev/meps.com.jo?format=png&size=400
527281,MASTERCARD,CREDIT,TITANIUM,CAIRO AMMAN BANK PLC,,,JO,JOR,JORDAN,cab.jo,https://commons.wikimedia.org/wiki/File:Cairo_Amman_Bank_logo.svg
527283,MASTERCARD,DEBIT,PREPAID PLATINUM TRAVEL,DUKHAN BANK Q.P.S.C.,,,QA,QAT,QATAR,dukhanbank.com,https://commons.wikimedia.org/wiki/File:Dukhan_Bank_logo.svg
527294,MASTERCARD,DEBIT,STANDARD,HOUSING & DEVELOPMENT BANK,,,EG,EGY,EGYPT,,
527307,MASTERCARD,CREDIT,WORLD,"BURGAN BANK, S.A.K.",+9651804080,http://www.burgan.com,KW,KWT,KUWAIT,burgan.com,https://commons.wikimedia.org/wiki/File:Burgan_Bank_logo.svg
527326,MASTERCARD,DEBIT,PREPAID,DUBAI ISLAMIC BANK PJSC,,,AE,ARE,UNITED ARAB EMIRATES,alislami.ae,https://commons.wikimedia.org/wiki/File:Dubai_Islamic_Bank_logo.svg
527342,MASTERCARD,DEBIT,PREPAID PLATINUM TRAVEL,EMIRATES NBD,+971800456,http://www.emiratesnbd.com,AE,ARE,UNITED ARAB EMIRATES,emiratesnbd.com,https://commons.wikimedia.org/wiki/File:Emirates_NBD_logo.svg
527358,MASTERCARD,DEBIT,PREPAID BUSINESS,NATIONAL BANK OF OMAN (SAOG),,,OM,OMN,OMAN,nbo.om,https://commons.wikimedia.org/wiki/File:National_Bank_of_Oman_logo.svg
527373,MASTERCARD,DEBIT,PREPAID,BANQUE DU CAIRE,+20222648410,http://www.bdc.com.eg,EG,EGY,EGYPT,bdc.com.eg,https://commons.wikimedia.org/wiki/File:Banque_du_Caire_logo.svg
527384,MASTERCARD,DEBIT,PREPAID PLATINUM TRAVEL,QATAR NATIONAL BANK,+97444622724,http://www.qnb.com.qa,QA,QAT,QATAR,qnb.com,https://commons.wikimedia.org/wiki/File:Qatar_National_Bank_Logo.svg
527385,MASTERCARD,DEBIT,PREPAID PLATINUM TRAVEL,SHARJAH ISLAMIC BANK PJSC,+97165999999,http://www.sib.ae,AE,ARE,UNITED ARAB EMIRATES,sib.ae,https://commons.wikimedia.org/wiki/File:Sharjah_Islamic_Bank_logo.svg
527408,MASTERCARD,DEBIT,STANDARD,SOCIETE GENERALE DE BANQUE AU LIBAN S.A.L.,1274477777,http://www.sgbl.com.lb,LB,LBN,LEBANON,sgbl.com.lb,https://commons.wikimedia.org/wiki/File:SGBL_logo.svg
527416,MASTERCARD,CREDIT,STANDARD,NATIONAL BANK OF EGYPT,,http://www.nbe.com.eg,EG,EGY,EGYPT,nbe.com.eg,https://commons.wikimedia.org/wiki/File:National_Bank_of_Egypt_Logo.svg
527422,MASTERCARD,CREDIT,STANDARD,NATIONAL BANK OF EGYPT,,http://www.nbe.com.eg,EG,EGY,EGYPT,nbe.com.eg,https://commons.wikimedia.org/wiki/File:National_Bank_of_Egypt_Logo.svg
527432,MASTERCARD,DEBIT,STANDARD,NATIONAL BANK OF BAHRAIN,,,BH,BHR,BAHRAIN,nbbonline.com,https://commons.wikimedia.org/wiki/File:National_Bank_of_Bahrain_logo.svg
527478,MASTERCARD,DEBIT,TITANIUM,CREDIT LIBANAIS S.A.L.,+9611900111,http://www.creditlibanais.com.lb,LB,LBN,LEBANON,creditlibanais.com,https://commons.wikimedia.org/wiki/File:Credit_Libanais_logo.svg
527525,MASTERCARD,DEBIT,PREPAID BUSINESS,"BURGAN BANK, S.A.K.",+9651804080,http://www.burgan.com,KW,KWT,KUWAIT,burgan.com,https://commons.wikimedia.org/wiki/File:Burgan_Bank_logo.svg
527526,MASTERCARD,CREDIT,STANDARD,"BURGAN BANK, S.A.K.",+9651804080,http://www.burgan.com,KW,KWT,KUWAIT,burgan.com,https://commons.wikimedia.org/wiki/File:Burgan_Bank_logo.svg
527566,MASTERCARD,CREDIT,WORLD ELITE EXCLUSIVE,INTERNATIONAL SMART CARD LLC,,,IQ,IRQ,IRAQ,qicard.net,https://commons.wikimedia.org/wiki/File:Qi_card_logo.svg
527568,MASTERCARD,CREDIT,PLATINUM,FINANCE HOUSE L.L.C.,,,AE,ARE,UNITED ARAB EMIRATES,financehouse.ae,https://img.logo.dev/financehouse.ae?format=png&size=400
527570,MASTERCARD,DEBIT,STANDARD,SOCIETE GENERALE DE BANQUE AU LIBAN S.A.L.,1274477777,http://www.sgbl.com.lb,LB,LBN,LEBANON,sgbl.com.lb,https://commons.wikimedia.org/wiki/File:SGBL_logo.svg
527582,MASTERCARD,CREDIT,PLATINUM,QATAR NATIONAL BANK,+97444622724,http://www.qnb.com.qa,QA,QAT,QATAR,qnb.com,https://commons.wikimedia.org/wiki/File:Qatar_National_Bank_Logo.svg
527633,MASTERCARD,CREDIT,WORLD,JORDAN COMMERCIAL BANK,+96265203000,http://www.jcbank.com.jo,JO,JOR,JORDAN,jcbank.com.jo,https://img.logo.dev/jcbank.com.jo?format=png&size=400
527639,MASTERCARD,DEBIT,PREPAID,SHARJAH ISLAMIC BANK PJSC,+97165999999,http://www.sib.ae,AE,ARE,UNITED ARAB EMIRATES,sib.ae,https://commons.wikimedia.org/wiki/File:Sharjah_Islamic_Bank_logo.svg
527642,MASTERCARD,DEBIT,PREPAID,JORDAN AHLI BANK,+96265007777,http://www.ahli.com,JO,JOR,JORDAN,ahlibank.com.jo,https://commons.wikimedia.org/wiki/File:Jordan_Ahli_Bank_logo.svg
527652,MASTERCARD,CREDIT,GOLD,"IRAQ ELECTRONIC GATE FOR FINANCIAL SERVICES CO, LTD.",,,IQ,IRQ,IRAQ,qicard.net,https://commons.wikimedia.org/wiki/File:Qi_card_logo.svg
527687,MASTERCARD,DEBIT,PREPAID RELOADABLE,MIDDLE EAST PAYMENT SERVICES,,,JO,JOR,JORDAN,meps.com.jo,https://img.logo.dev/meps.com.jo?format=png&size=400
527709,MASTERCARD,CREDIT,PLATINUM,AREEBA S.A.L,,,LB,LBN,LEBANON,areeba.com,https://img.logo.dev/areeba.com?format=png&size=400
527711,MASTERCARD,CREDIT,STANDARD,ARAB PAYMENT SERVICES,,,IQ,IRQ,IRAQ,aps.iq,https://img.logo.dev/aps.iq?format=png&size=400
527727,MASTERCARD,CREDIT,BUSINESS,BANK HAPOALIM B.M.,,,IL,ISR,ISRAEL,bankhapoalim.co.il,https://commons.wikimedia.org/wiki/File:Bank_Hapoalim_Logo.svg
527742,MASTERCARD,DEBIT,STANDARD,AREEBA S.A.L,,,LB,LBN,LEBANON,areeba.com,https://img.logo.dev/areeba.com?format=png&size=400
527747,MASTERCARD,CREDIT,WORLD ELITE,NATIONAL BANK OF RAS AL-KHAIMAH (RAKBANK),,,AE,ARE,UNITED ARAB EMIRATES,rakbank.ae,https://commons.wikimedia.org/wiki/File:Rakbank_logo.svg
527755,MASTERCARD,CREDIT,TITANIUM,DUBAI ISLAMIC BANK PJSC,,,AE,ARE,UNITED ARAB EMIRATES,alislami.ae,https://commons.wikimedia.org/wiki/File:Dubai_Islamic_Bank_logo.svg
527758,MASTERCARD,DEBIT,PREPAID RELOADABLE,MIDDLE EAST PAYMENT SERVICES LIMITED CO.,,,JO,JOR,JORDAN,meps.com.jo,https://img.logo.dev/meps.com.jo?format=png&size=400
527762,MASTERCARD,DEBIT,PREPAID,"EGYPTIAN BANKS CO. FOR TECHNOLOGICAL ADVANCEMENT, S.A.E.",,,EG,EGY,EGYPT,ebc-egypt.com,https://img.logo.dev/ebc-egypt.com?format=png&size=400
527769,MASTERCARD,CREDIT,PLATINUM,SOCIETE ARABE INTERNATIONALE DE BANQUE,,,EG,EGY,EGYPT,abe.com.eg,https://img.logo.dev/abe.com.eg?format=png&size=400
527787,MASTERCARD,CREDIT,STANDARD,"MAX IT FINANCE, LTD.",,,IL,ISR,ISRAEL,max.co.il,https://commons.wikimedia.org/wiki/File:Max_It_Finance_logo.svg
527799,MASTERCARD,DEBIT,PREPAID PLATINUM TRAVEL,KUWAIT FINANCE HOUSE K.S.C.,+9651803333,http://www.kfh.com,KW,KWT,KUWAIT,financehouse.ae,https://img.logo.dev/financehouse.ae?format=png&size=400
527896,MASTERCARD,CREDIT,STANDARD,NATIONAL BANK OF OMAN (SAOG),,,OM,OMN,OMAN,nbo.om,https://commons.wikimedia.org/wiki/File:National_Bank_of_Oman_logo.svg
528010,MASTERCARD,DEBIT,PREPAID,CREDIT CARD SERVICES JORDAN,,,JO,JOR,JORDAN,,
528162,MASTERCARD,CREDIT,CORPORATE WORLD,BANK DHOFAR SAOG,,,OM,OMN,OMAN,bankdhofar.com,https://commons.wikimedia.org/wiki/File:Bank_Dhofar_logo.svg
528203,MASTERCARD,CREDIT,STANDARD,NATIONAL BANK OF RAS AL-KHAIMAH (RAKBANK),,,AE,ARE,UNITED ARAB EMIRATES,rakbank.ae,https://commons.wikimedia.org/wiki/File:Rakbank_logo.svg
528214,MASTERCARD,DEBIT,PREPAID,AHLI BANK OF KUWAIT,,,EG,EGY,EGYPT,eahli.com,https://commons.wikimedia.org/wiki/File:Al_Ahli_Bank_of_Kuwait_logo.svg
528218,MASTERCARD,CREDIT,BUSINESS,ISRACARD LTD.,,,IL,ISR,ISRAEL,isracard.co.il,https://commons.wikimedia.org/wiki/File:Isracard_logo.svg
528243,MASTERCARD,DEBIT,PREPAID,NOOR BANK PJSC,,,AE,ARE,UNITED ARAB EMIRATES,noorbank.com,https://commons.wikimedia.org/wiki/File:Noor_Bank_logo.svg
528262,MASTERCARD,DEBIT,PREPAID,MIDDLE EAST PAYMENT SERVICES LIMITED CO.,,,JO,JOR,JORDAN,meps.com.jo,https://img.logo.dev/meps.com.jo?format=png&size=400
528266,MASTERCARD,DEBIT,PREPAID,JORDAN AHLI BANK,+96265007777,http://www.ahli.com,JO,JOR,JORDAN,ahlibank.com.jo,https://commons.wikimedia.org/wiki/File:Jordan_Ahli_Bank_logo.svg
528276,MASTERCARD,DEBIT,PREPAID,SOCIETE ARABE INTERNATIONALE DE BANQUE,,,EG,EGY,EGYPT,abe.com.eg,https://img.logo.dev/abe.com.eg?format=png&size=400
528428,MASTERCARD,DEBIT,WORLD,NATIONAL BANK OF RAS AL-KHAIMAH (RAKBANK),,,AE,ARE,UNITED ARAB EMIRATES,rakbank.ae,https://commons.wikimedia.org/wiki/File:Rakbank_logo.svg
528455,MASTERCARD,DEBIT,PREPAID BUSINESS,NYMCARD PAYMENT SERVICES LLC,,,AE,ARE,UNITED ARAB EMIRATES,nymcard.com,https://img.logo.dev/nymcard.com?format=png&size=400
528470,MASTERCARD,CREDIT,PLATINUM,THE NATIONAL BANK PLC,,,PS,PSE,"PALESTINIAN TERRITORY, OCCUPIED",tnb.ps,https://img.logo.dev/tnb.ps?format=png&size=400
528479,MASTERCARD,CREDIT,WORLD,SAMBA FINANCIAL GROUP,+9668001242000,http://www.samba.com,SA,SAU,SAUDI ARABIA,alahli.com,https://commons.wikimedia.org/wiki/File:Saudi_National_Bank_Logo.svg
528485,MASTERCARD,DEBIT,STANDARD,THE HOUSING BANK FOR TRADE & FINANCE,,,JO,JOR,JORDAN,hbtf.com,https://commons.wikimedia.org/wiki/File:Housing_Bank_for_Trade_and_Finance_logo.svg
528493,MASTERCARD,DEBIT,STANDARD,CSCBANK SAL,,,LB,LBN,LEBANON,cscbank.com,https://img.logo.dev/cscbank.com?format=png&size=400
528496,MASTERCARD,DEBIT,TITANIUM,BLOM BANK SAL,,,LB,LBN,LEBANON,blom.com.lb,https://commons.wikimedia.org/wiki/File:BLOM_Bank_logo.svg
528499,MASTERCARD,CREDIT,PLATINUM,BANKMED SAL,,,LB,LBN,LEBANON,bankmed.com.lb,https://commons.wikimedia.org/wiki/File:BankMed_logo.svg
528500,MASTERCARD,DEBIT,PREPAID,NETWORK INTERNATIONAL LLC,,,AE,ARE,UNITED ARAB EMIRATES,network.ae,https://img.logo.dev/network.ae?format=png&size=400
528508,MASTERCARD,DEBIT,PREPAID RELOADABLE,MIDDLE EAST PAYMENT SERVICES LIMITED CO.,,,JO,JOR,JORDAN,meps.com.jo,https://img.logo.dev/meps.com.jo?format=png&size=400
528512,MASTERCARD,DEBIT,PREPAID RELOADABLE,MIDDLE EAST PAYMENT SERVICES LIMITED CO.,,,JO,JOR,JORDAN,meps.com.jo,https://img.logo.dev/meps.com.jo?format=png&size=400
528526,MASTERCARD,CREDIT,STANDARD,ARAB FINANCIAL SERVICES COMPANY B.S.C. (C),,,EG,EGY,EGYPT,afs.com.bh,https://img.logo.dev/afs.com.bh?format=png&size=400
528540,MASTERCARD,CREDIT,WORLD,BOUBYAN BANK,,,KW,KWT,KUWAIT,bankboubyan.com,https://commons.wikimedia.org/wiki/File:Boubyan_Bank_logo.svg
528548,MASTERCARD,DEBIT,PREPAID BUSINESS,NETWORK INTERNATIONAL LLC,,,AE,ARE,UNITED ARAB EMIRATES,network.ae,https://img.logo.dev/network.ae?format=png&size=400
528558,MASTERCARD,CREDIT,PLATINUM,MASHREQ BANK,+97143632250,http://www.mashreqbank.com,AE,ARE,UNITED ARAB EMIRATES,mashreqbank.com,https://commons.wikimedia.org/wiki/File:Mashreq_bank_logo.svg
528561,MASTERCARD,CREDIT,WORLD,NETWORK INTERNATIONAL LLC,,,AE,ARE,UNITED ARAB EMIRATES,network.ae,https://img.logo.dev/network.ae?format=png&size=400
528578,MASTERCARD,DEBIT,PREPAID,"IRAQ ELECTRONIC GATE FOR FINANCIAL SERVICES CO, LTD.",,,IQ,IRQ,IRAQ,qicard.net,https://commons.wikimedia.org/wiki/File:Qi_card_logo.svg
528586,MASTERCARD,DEBIT,PREPAID,ARAB FINANCIAL SERVICES COMPANY B.S.C. (C),,,BH,BHR,BAHRAIN,afs.com.bh,https://img.logo.dev/afs.com.bh?format=png&size=400
528597,MASTERCARD,CREDIT,STANDARD,THE SAUDI NATIONAL BANK,,,SA,SAU,SAUDI ARABIA,alahli.com,https://commons.wikimedia.org/wiki/File:Saudi_National_Bank_Logo.svg
528603,MASTERCARD,CREDIT,TITANIUM,COMMERCIAL INTERNATIONAL BANK (EGYPT) S.A.E.,971 - 4 - 3589381,http://www.cibeg.com,EG,EGY,EGYPT,cibeg.com,https://commons.wikimedia.org/wiki/File:CIB_Logo.svg
528617,MASTERCARD,CREDIT,PLATINUM,QATAR NATIONAL BANK,+97444622724,http://www.qnb.com.qa,QA,QAT,QATAR,qnb.com,https://commons.wikimedia.org/wiki/File:Qatar_National_Bank_Logo.svg
528646,MASTERCARD,DEBIT,STANDARD,BANK AUDI S.A.L.,,,LB,LBN,LEBANON,bankaudigroup.com,https://commons.wikimedia.org/wiki/File:Bank_Audi_logo.svg
528647,MASTERCARD,DEBIT,STANDARD,NATIONAL BANK OF OMAN (SAOG),,,OM,OMN,OMAN,nbo.om,https://commons.wikimedia.org/wiki/File:National_Bank_of_Oman_logo.svg
528660,MASTERCARD,DEBIT,PREPAID PLATINUM TRAVEL,FIRST ABU DHABI BANK PJSC,+971600525500,https://www.bankfab.com,AE,ARE,UNITED ARAB EMIRATES,bankfab.com,https://commons.wikimedia.org/wiki/File:First_Abu_Dhabi_Bank_Logo.svg
528662,MASTERCARD,DEBIT,STANDARD,NATIONAL BANK OF EGYPT,,http://www.nbe.com.eg,EG,EGY,EGYPT,nbe.com.eg,https://commons.wikimedia.org/wiki/File:National_Bank_of_Egypt_Logo.svg
528666,MASTERCARD,DEBIT,TITANIUM,EMIRATES NATIONAL BANK OF DUBAI S.A.E,,,EG,EGY,EGYPT,emiratesnbd.com,https://commons.wikimedia.org/wiki/File:Emirates_NBD_logo.svg
528669,MASTERCARD,DEBIT,STANDARD,NATIONAL BANK OF OMAN (SAOG),,,OM,OMN,OMAN,nbo.om,https://commons.wikimedia.org/wiki/File:National_Bank_of_Oman_logo.svg
528671,MASTERCARD,DEBIT,STANDARD,KURDISTAN INTERNATIONAL BANK FOR INVESTMENT AND DEVELOPMENT INC. P.S.C,,,IQ,IRQ,IRAQ,,
528693,MASTERCARD,CREDIT,TITANIUM,BANK NIZWA SAOG,,,OM,OMN,OMAN,banknizwa.om,https://commons.wikimedia.org/wiki/File:Bank_Nizwa_logo.svg
528714,MASTERCARD,DEBIT,PREPAID WORLD,,,,IQ,IRQ,IRAQ,,
528803,MASTERCARD,DEBIT,PREPAID PLATINUM TRAVEL,"BURGAN BANK, S.A.K.",+9651804080,http://www.burgan.com,KW,KWT,KUWAIT,burgan.com,https://commons.wikimedia.org/wiki/File:Burgan_Bank_logo.svg
528807,MASTERCARD,CREDIT,PLATINUM,ARAB FINANCIAL SERVICES COMPANY B.S.C. (C),,,EG,EGY,EGYPT,afs.com.bh,https://img.logo.dev/afs.com.bh?format=png&size=400
528810,MASTERCARD,CREDIT,PLATINUM,CSCBANK SAL,,,LB,LBN,LEBANON,cscbank.com,https://img.logo.dev/cscbank.com?format=png&size=400
528823,MASTERCARD,CREDIT,CORPORATE PURCHASING,NETWORK INTERNATIONAL LLC,,,AE,ARE,UNITED ARAB EMIRATES,network.ae,https://img.logo.dev/network.ae?format=png&size=400
528922,MASTERCARD,CREDIT,TITANIUM,CAIRO AMMAN BANK PLC,,,PS,PSE,"PALESTINIAN TERRITORY, OCCUPIED",cab.jo,https://commons.wikimedia.org/wiki/File:Cairo_Amman_Bank_logo.svg
528954,MASTERCARD,CREDIT,PLATINUM,BAHRAIN ISLAMIC BANK B.S.C,,,BH,BHR,BAHRAIN,bisb.com,https://commons.wikimedia.org/wiki/File:BisB_logo.svg
529011,MASTERCARD,DEBIT,PREPAID,WORLD ISLAMIC BANK FOR INVESTMENT AND FINANCING,,,IQ,IRQ,IRAQ,,
529016,MASTERCARD,CREDIT,WORLD,NETWORK INTERNATIONAL LLC,,,AE,ARE,UNITED ARAB EMIRATES,network.ae,https://img.logo.dev/network.ae?format=png&size=400
529058,MASTERCARD,DEBIT,STANDARD,ARAB PAYMENT SERVICES,,,IQ,IRQ,IRAQ,aps.iq,https://img.logo.dev/aps.iq?format=png&size=400
529061,MASTERCARD,CREDIT,STANDARD,BANK MUSCAT (SAOG),,,OM,OMN,OMAN,bankmuscat.com,https://commons.wikimedia.org/wiki/File:Bank_Muscat_logo.svg
529072,MASTERCARD,DEBIT,PREPAID PLATINUM TRAVEL,AL AHLI BANK OF KUWAIT (KSC),,,KW,KWT,KUWAIT,eahli.com,https://commons.wikimedia.org/wiki/File:Al_Ahli_Bank_of_Kuwait_logo.svg
529074,MASTERCARD,DEBIT,PREPAID PLATINUM TRAVEL,COMMERCIAL BANK OF KUWAIT S.A.K.,,,KW,KWT,KUWAIT,cbk.com,https://commons.wikimedia.org/wiki/File:Commercial_Bank_of_Kuwait_logo.svg
529078,MASTERCARD,DEBIT,PREPAID PLATINUM TRAVEL,FIRST ABU DHABI BANK PJSC,+971600525500,https://www.bankfab.com,AE,ARE,UNITED ARAB EMIRATES,bankfab.com,https://commons.wikimedia.org/wiki/File:First_Abu_Dhabi_Bank_Logo.svg
529090,MASTERCARD,CREDIT,TITANIUM,SHARJAH ISLAMIC BANK PJSC,+97165999999,http://www.sib.ae,AE,ARE,UNITED ARAB EMIRATES,sib.ae,https://commons.wikimedia.org/wiki/File:Sharjah_Islamic_Bank_logo.svg
529094,MASTERCARD,CREDIT,CORPORATE PURCHASING,ABU DHABI COMMERCIAL BANK,+97126962222,http://www.adcb.com,AE,ARE,UNITED ARAB EMIRATES,adcb.com,https://commons.wikimedia.org/wiki/File:Abu_Dhabi_Commercial_Bank_Logo.svg
529095,MASTERCARD,DEBIT,PREPAID RELOADABLE,QATAR NATIONAL BANK,+97444622724,http://www.qnb.com.qa,QA,QAT,QATAR,qnb.com,https://commons.wikimedia.org/wiki/File:Qatar_National_Bank_Logo.svg
529106,MASTERCARD,CREDIT,PLATINUM,AL HILAL BANK PJSC,,,AE,ARE,UNITED ARAB EMIRATES,alhilalbank.ae,https://commons.wikimedia.org/wiki/File:Al_Hilal_Bank_logo.svg
529113,MASTERCARD,CREDIT,PLATINUM,AHLI BANK OF KUWAIT,,,EG,EGY,EGYPT,eahli.com,https://commons.wikimedia.org/wiki/File:Al_Ahli_Bank_of_Kuwait_logo.svg
529116,MASTERCARD,CREDIT,TITANIUM,AHLI BANK OF KUWAIT,,,EG,EGY,EGYPT,eahli.com,https://commons.wikimedia.org/wiki/File:Al_Ahli_Bank_of_Kuwait_logo.svg
529120,MASTERCARD,CREDIT,WORLD ELITE,"CITIBANK, N.A.",,https://www.citi.com,AE,ARE,UNITED ARAB EMIRATES,citibank.com,https://commons.wikimedia.org/wiki/File:Citibank.svg
529128,MASTERCARD,CREDIT,PLATINUM,BANKMED SAL,,,LB,LBN,LEBANON,bankmed.com.lb,https://commons.wikimedia.org/wiki/File:BankMed_logo.svg
529135,MASTERCARD,DEBIT,PREPAID,DIGITAL FINANCIAL SERVICES LLC,,,AE,ARE,UNITED ARAB EMIRATES,,
529141,MASTERCARD,DEBIT,PREPAID PLATINUM TRAVEL,NYMCARD PAYMENT SERVICES LLC,,,AE,ARE,UNITED ARAB EMIRATES,nymcard.com,https://img.logo.dev/nymcard.com?format=png&size=400
529143,MASTERCARD,CREDIT,TITANIUM,BANQUE MISR,+20223912150,http://www.banquemisr.com,EG,EGY,EGYPT,banquemisr.com,https://commons.wikimedia.org/wiki/File:Banque_Misr_logo.svg
529157,MASTERCARD,CREDIT,STANDARD,ALINMA BANK,,,SA,SAU,SAUDI ARABIA,alinma.com,https://commons.wikimedia.org/wiki/File:Alinma_Bank_logo.svg
529178,MASTERCARD,CREDIT,TITANIUM,ALINMA BANK,,,SA,SAU,SAUDI ARABIA,alinma.com,https://commons.wikimedia.org/wiki/File:Alinma_Bank_logo.svg
529180,MASTERCARD,CREDIT,CORPORATE WORLD,ARAB BANK FOR INVESTMENT & FOREIGN TRADE,,,AE,ARE,UNITED ARAB EMIRATES,,
529191,MASTERCARD,CREDIT,WORLD,MIDDLE EAST PAYMENT SERVICES LIMITED CO.,,,JO,JOR,JORDAN,meps.com.jo,https://img.logo.dev/meps.com.jo?format=png&size=400
529192,MASTERCARD,DEBIT,PLATINUM,ABU DHABI COMMERCIAL BANK,+97126962222,http://www.adcb.com,AE,ARE,UNITED ARAB EMIRATES,adcb.com,https://commons.wikimedia.org/wiki/File:Abu_Dhabi_Commercial_Bank_Logo.svg
529202,MASTERCARD,CREDIT,STANDARD,NATIONAL BANK OF EGYPT,,http://www.nbe.com.eg,EG,EGY,EGYPT,nbe.com.eg,https://commons.wikimedia.org/wiki/File:National_Bank_of_Egypt_Logo.svg
529232,MASTERCARD,DEBIT,PREPAID PLATINUM TRAVEL,TULAN BEST MARKETING COMPANY,,,JO,JOR,JORDAN,,
529249,MASTERCARD,CREDIT,TITANIUM,MIDDLE EAST PAYMENT SERVICES LIMITED CO.,,,JO,JOR,JORDAN,meps.com.jo,https://img.logo.dev/meps.com.jo?format=png&size=400
529261,MASTERCARD,CREDIT,STANDARD,"SUEZ CANAL BANK, S.A.E.",,,EG,EGY,EGYPT,scbank.com.eg,https://commons.wikimedia.org/wiki/File:Suez_Canal_Bank_logo.svg
529271,MASTERCARD,DEBIT,PREPAID RELOADABLE,RIYAD BANK,,http://www.riyadbank.com,SA,SAU,SAUDI ARABIA,riyadbank.com,https://commons.wikimedia.org/wiki/File:Riyad_Bank_logo.svg
529283,MASTERCARD,CREDIT,STANDARD,BAHRAIN ISLAMIC BANK B.S.C,,,BH,BHR,BAHRAIN,bisb.com,https://commons.wikimedia.org/wiki/File:BisB_logo.svg
529297,MASTERCARD,CREDIT,PLATINUM,ISRAEL CREDIT CARDS LTD.,,,IL,ISR,ISRAEL,cal-online.co.il,https://commons.wikimedia.org/wiki/File:Cal_Israel_Credit_Cards_logo.svg
529298,MASTERCARD,CREDIT,PLATINUM,SAUDI INVESTMENT BANK,,,SA,SAU,SAUDI ARABIA,saib.com.sa,https://commons.wikimedia.org/wiki/File:Saudi_Investment_Bank_Logo.svg
529341,MASTERCARD,CREDIT,TITANIUM,"SUEZ CANAL BANK, S.A.E.",,,EG,EGY,EGYPT,scbank.com.eg,https://commons.wikimedia.org/wiki/File:Suez_Canal_Bank_logo.svg
529342,MASTERCARD,DEBIT,BUSINESS,ABU DHABI COMMERCIAL BANK,+97126962222,http://www.adcb.com,AE,ARE,UNITED ARAB EMIRATES,adcb.com,https://commons.wikimedia.org/wiki/File:Abu_Dhabi_Commercial_Bank_Logo.svg
529346,MASTERCARD,DEBIT,STANDARD,ARAB FINANCIAL SERVICES COMPANY B.S.C. (C),,,BH,BHR,BAHRAIN,afs.com.bh,https://img.logo.dev/afs.com.bh?format=png&size=400
529349,MASTERCARD,DEBIT,PREPAID RELOADABLE,TULAN BEST MARKETING COMPANY,,,JO,JOR,JORDAN,,
529361,MASTERCARD,CREDIT,STANDARD,CAIRO AMMAN BANK PLC,,,PS,PSE,"PALESTINIAN TERRITORY, OCCUPIED",cab.jo,https://commons.wikimedia.org/wiki/File:Cairo_Amman_Bank_logo.svg
529406,MASTERCARD,DEBIT,PREPAID,MASHREQ BANK,971 4 424 4444,http://www.mashreqbank.com,EG,EGY,EGYPT,mashreqbank.com,https://commons.wikimedia.org/wiki/File:Mashreq_bank_logo.svg
529415,MASTERCARD,DEBIT,STANDARD,THE SAUDI NATIONAL BANK,,,SA,SAU,SAUDI ARABIA,alahli.com,https://commons.wikimedia.org/wiki/File:Saudi_National_Bank_Logo.svg
529499,MASTERCARD,CREDIT,STANDARD,NATIONAL BANK OF BAHRAIN,,,SA,SAU,SAUDI ARABIA,nbbonline.com,https://commons.wikimedia.org/wiki/File:National_Bank_of_Bahrain_logo.svg
529510,MASTERCARD,DEBIT,PREPAID,NETWORK INTERNATIONAL LLC,,,AE,ARE,UNITED ARAB EMIRATES,network.ae,https://img.logo.dev/network.ae?format=png&size=400
529532,MASTERCARD,DEBIT,PREPAID,BANQUE DU CAIRE,+20222648410,http://www.bdc.com.eg,EG,EGY,EGYPT,bdc.com.eg,https://commons.wikimedia.org/wiki/File:Banque_du_Caire_logo.svg
529539,MASTERCARD,DEBIT,GOLD,BANQUE MISR,+20223912150,http://www.banquemisr.com,EG,EGY,EGYPT,banquemisr.com,https://commons.wikimedia.org/wiki/File:Banque_Misr_logo.svg
529546,MASTERCARD,DEBIT,PREPAID,NATIONAL BANK OF RAS AL-KHAIMAH (RAKBANK),,,AE,ARE,UNITED ARAB EMIRATES,rakbank.ae,https://commons.wikimedia.org/wiki/File:Rakbank_logo.svg
529549,MASTERCARD,DEBIT,PREPAID,NATIONAL BANK OF RAS AL-KHAIMAH (RAKBANK),,,AE,ARE,UNITED ARAB EMIRATES,rakbank.ae,https://commons.wikimedia.org/wiki/File:Rakbank_logo.svg
529582,MASTERCARD,CREDIT,PLATINUM,MASHREQ BANK,971 4 424 4444,http://www.mashreqbank.com,EG,EGY,EGYPT,mashreqbank.com,https://commons.wikimedia.org/wiki/File:Mashreq_bank_logo.svg
529606,MASTERCARD,DEBIT,PLATINUM,NATIONAL BANK OF RAS AL-KHAIMAH (RAKBANK),,,AE,ARE,UNITED ARAB EMIRATES,rakbank.ae,https://commons.wikimedia.org/wiki/File:Rakbank_logo.svg
529607,MASTERCARD,DEBIT,TITANIUM,EMIRATES NATIONAL BANK OF DUBAI S.A.E,,,EG,EGY,EGYPT,emiratesnbd.com,https://commons.wikimedia.org/wiki/File:Emirates_NBD_logo.svg
529613,MASTERCARD,DEBIT,TITANIUM,CSCBANK SAL,,,IQ,IRQ,IRAQ,cscbank.com,https://img.logo.dev/cscbank.com?format=png&size=400
529614,MASTERCARD,DEBIT,STANDARD,"IRAQ ELECTRONIC GATE FOR FINANCIAL SERVICES CO, LTD.",,,IQ,IRQ,IRAQ,qicard.net,https://commons.wikimedia.org/wiki/File:Qi_card_logo.svg
529622,MASTERCARD,DEBIT,TITANIUM,CSCBANK SAL,,,LB,LBN,LEBANON,cscbank.com,https://img.logo.dev/cscbank.com?format=png&size=400
529624,MASTERCARD,DEBIT,TITANIUM,CREDIT CARD SERVICES JORDAN,,,JO,JOR,JORDAN,,
529694,MASTERCARD,CREDIT,WORLD ELITE,DUKHAN BANK Q.P.S.C.,,,QA,QAT,QATAR,dukhanbank.com,https://commons.wikimedia.org/wiki/File:Dukhan_Bank_logo.svg
529698,MASTERCARD,DEBIT,PREPAID,JORDAN ISLAMIC BANK CO.,,,JO,JOR,JORDAN,jordanislamicbank.com,https://commons.wikimedia.org/wiki/File:Jordan_Islamic_Bank_logo.svg
529722,MASTERCARD,CREDIT,GOLD,AREEBA S.A.L,,,LB,LBN,LEBANON,areeba.com,https://img.logo.dev/areeba.com?format=png&size=400
529724,MASTERCARD,CREDIT,GOLD,AREEBA S.A.L,,,LB,LBN,LEBANON,areeba.com,https://img.logo.dev/areeba.com?format=png&size=400
529741,MASTERCARD,DEBIT,STANDARD,RIYAD BANK,,http://www.riyadbank.com,SA,SAU,SAUDI ARABIA,riyadbank.com,https://commons.wikimedia.org/wiki/File:Riyad_Bank_logo.svg
529749,MASTERCARD,CREDIT,WORLD ELITE,FRANSABANK SAL,,,LB,LBN,LEBANON,fransabank.com,https://commons.wikimedia.org/wiki/File:Fransabank_logo.svg
529773,MASTERCARD,DEBIT,TITANIUM,SOCIETE ARABE INTERNATIONALE DE BANQUE,,,EG,EGY,EGYPT,abe.com.eg,https://img.logo.dev/abe.com.eg?format=png&size=400
529792,MASTERCARD,DEBIT,PREPAID PLATINUM TRAVEL,ABU DHABI ISLAMIC BANK,,http://www.adib.ae,EG,EGY,EGYPT,adib.ae,https://commons.wikimedia.org/wiki/File:Abu_Dhabi_Islamic_Bank_Logo.svg
529797,MASTERCARD,CREDIT,,,,,SY,SYR,SYRIAN ARAB REPUBLIC,,
529809,MASTERCARD,CREDIT,GOLD,ARAB FINANCIAL SERVICES COMPANY B.S.C. (C),,,IQ,IRQ,IRAQ,afs.com.bh,https://img.logo.dev/afs.com.bh?format=png&size=400
529865,MASTERCARD,CREDIT,GOLD,ELAF ISLAMIC BANK,,,IQ,IRQ,IRAQ,,
529895,MASTERCARD,CREDIT,WORLD,FRANSABANK S.A.L.,+9611340180,http://www.fransabank.com,LB,LBN,LEBANON,fransabank.com,https://commons.wikimedia.org/wiki/File:Fransabank_logo.svg
529908,MASTERCARD,CREDIT,STANDARD,BANK AUDI S.A.L.,,,JO,JOR,JORDAN,bankaudigroup.com,https://commons.wikimedia.org/wiki/File:Bank_Audi_logo.svg
529909,MASTERCARD,DEBIT,PREPAID,EMIRATES NATIONAL BANK OF DUBAI S.A.E,,,EG,EGY,EGYPT,emiratesnbd.com,https://commons.wikimedia.org/wiki/File:Emirates_NBD_logo.svg
529929,MASTERCARD,CREDIT,STANDARD,NATIONAL BANK OF BAHRAIN B. S. C.,,,AE,ARE,UNITED ARAB EMIRATES,nbbonline.com,https://commons.wikimedia.org/wiki/File:National_Bank_of_Bahrain_logo.svg
529954,MASTERCARD,DEBIT,PREPAID,AREEBA S.A.L,,,LB,LBN,LEBANON,areeba.com,https://img.logo.dev/areeba.com?format=png&size=400
529977,MASTERCARD,CREDIT,STANDARD,FRANSABANK SAL,,,LB,LBN,LEBANON,fransabank.com,https://commons.wikimedia.org/wiki/File:Fransabank_logo.svg
529983,MASTERCARD,DEBIT,PREPAID,ARAB AFRICAN INTERNATIONAL BANK,+20224886679,http://www.aaib.com,EG,EGY,EGYPT,aaib.com,https://commons.wikimedia.org/wiki/File:Arab_African_International_Bank_Logo.svg
530008,MASTERCARD,DEBIT,PREPAID,DUBAI ISLAMIC BANK PJSC,,,AE,ARE,UNITED ARAB EMIRATES,alislami.ae,https://commons.wikimedia.org/wiki/File:Dubai_Islamic_Bank_logo.svg
530031,MASTERCARD,DEBIT,PREPAID,CREDIT LIBANAIS S.A.L.,+9611900111,http://www.creditlibanais.com.lb,LB,LBN,LEBANON,creditlibanais.com,https://commons.wikimedia.org/wiki/File:Credit_Libanais_logo.svg
530060,MASTERCARD,DEBIT,WORLD,FIRST ABU DHABI BANK PJSC,,https://www.bankfab.com,SA,SAU,SAUDI ARABIA,bankfab.com,https://commons.wikimedia.org/wiki/File:First_Abu_Dhabi_Bank_Logo.svg
530065,MASTERCARD,CREDIT,CORPORATE WORLD,QATAR ISLAMIC BANK,,,QA,QAT,QATAR,qib.com.qa,https://commons.wikimedia.org/wiki/File:Qatar_Islamic_Bank_Logo.svg
530263,MASTERCARD,DEBIT,PREPAID,"IRAQ ELECTRONIC GATE FOR FINANCIAL SERVICES CO, LTD.",,,IQ,IRQ,IRAQ,qicard.net,https://commons.wikimedia.org/wiki/File:Qi_card_logo.svg
530280,MASTERCARD,CREDIT,WORLD ELITE,NETWORK INTERNATIONAL LLC,,,AE,ARE,UNITED ARAB EMIRATES,network.ae,https://img.logo.dev/network.ae?format=png&size=400
530321,MASTERCARD,DEBIT,STANDARD,"IRAQ ELECTRONIC GATE FOR FINANCIAL SERVICES CO, LTD.",,,IQ,IRQ,IRAQ,qicard.net,https://commons.wikimedia.org/wiki/File:Qi_card_logo.svg
530322,MASTERCARD,DEBIT,PREPAID RELOADABLE,MIDDLE EAST PAYMENT SERVICES LIMITED CO.,,,JO,JOR,JORDAN,meps.com.jo,https://img.logo.dev/meps.com.jo?format=png&size=400
530323,MASTERCARD,CREDIT,TITANIUM,WORLD ISLAMIC BANK FOR INVESTMENT AND FINANCING,,,IQ,IRQ,IRAQ,,
530348,MASTERCARD,CREDIT,PLATINUM,KUWAIT FINANCE HOUSE K.S.C.,+9651803333,http://www.kfh.com,KW,KWT,KUWAIT,financehouse.ae,https://img.logo.dev/financehouse.ae?format=png&size=400
530349,MASTERCARD,DEBIT,PREPAID,CAPITAL BANK OF JORDAN,,,JO,JOR,JORDAN,bankofjordan.com,https://commons.wikimedia.org/wiki/File:Bank_of_Jordan_logo.svg
530351,MASTERCARD,DEBIT,WORLD,BARWA BANK,+97444088888,http://www.barwa.com.qa,QA,QAT,QATAR,dukhanbank.com,https://commons.wikimedia.org/wiki/File:Dukhan_Bank_logo.svg
530361,MASTERCARD,CREDIT,STANDARD,BANQUE MISR,+20223912150,http://www.banquemisr.com,EG,EGY,EGYPT,banquemisr.com,https://commons.wikimedia.org/wiki/File:Banque_Misr_logo.svg
530393,MASTERCARD,CREDIT,BUSINESS,CREDIT LIBANAIS S.A.L.,+9611900111,http://www.creditlibanais.com.lb,LB,LBN,LEBANON,creditlibanais.com,https://commons.wikimedia.org/wiki/File:Credit_Libanais_logo.svg
530398,MASTERCARD,CREDIT,TITANIUM,AREEBA S.A.L,,,LB,LBN,LEBANON,areeba.com,https://img.logo.dev/areeba.com?format=png&size=400
530447,MASTERCARD,CREDIT,PLATINUM,NATIONAL BANK OF KUWAIT (S.A.K.),,,EG,EGY,EGYPT,nbk.com,https://commons.wikimedia.org/wiki/File:National_Bank_of_Kuwait_logo.svg
530449,MASTERCARD,CREDIT,PLATINUM,COMMERCIAL INTERNATIONAL BANK (EGYPT) S.A.E.,971 - 4 - 3589381,http://www.cibeg.com,EG,EGY,EGYPT,cibeg.com,https://commons.wikimedia.org/wiki/File:CIB_Logo.svg
530466,MASTERCARD,CREDIT,PLATINUM,MASHREQ BANK,+97143632250,http://www.mashreqbank.com,AE,ARE,UNITED ARAB EMIRATES,mashreqbank.com,https://commons.wikimedia.org/wiki/File:Mashreq_bank_logo.svg
530481,MASTERCARD,CREDIT,PLATINUM,ALINMA BANK,,,SA,SAU,SAUDI ARABIA,alinma.com,https://commons.wikimedia.org/wiki/File:Alinma_Bank_logo.svg
530502,MASTERCARD,CREDIT,PLATINUM,KUWAIT FINANCE HOUSE K.S.C.,+9651803333,http://www.kfh.com,KW,KWT,KUWAIT,financehouse.ae,https://img.logo.dev/financehouse.ae?format=png&size=400
530507,MASTERCARD,DEBIT,PREPAID,"IRAQ ELECTRONIC GATE FOR FINANCIAL SERVICES CO, LTD.",,,IQ,IRQ,IRAQ,qicard.net,https://commons.wikimedia.org/wiki/File:Qi_card_logo.svg
530509,MASTERCARD,DEBIT,STANDARD,ARAB AFRICAN INTERNATIONAL BANK,+20224886679,http://www.aaib.com,EG,EGY,EGYPT,aaib.com,https://commons.wikimedia.org/wiki/File:Arab_African_International_Bank_Logo.svg
530540,MASTERCARD,DEBIT,,BANQUE LIBANO - FRANCAISE SAL,,,LB,LBN,LEBANON,,
530560,MASTERCARD,DEBIT,PREPAID,FIRST ABU DHABI BANK PJSC,+971600525500,https://www.bankfab.com,AE,ARE,UNITED ARAB EMIRATES,bankfab.com,https://commons.wikimedia.org/wiki/File:First_Abu_Dhabi_Bank_Logo.svg
530563,MASTERCARD,CREDIT,STANDARD,FIRST ABU DHABI BANK PJSC,+971600525500,https://www.bankfab.com,AE,ARE,UNITED ARAB EMIRATES,bankfab.com,https://commons.wikimedia.org/wiki/File:First_Abu_Dhabi_Bank_Logo.svg
530564,MASTERCARD,CREDIT,STANDARD,NETWORK INTERNATIONAL LLC,,,EG,EGY,EGYPT,network.ae,https://img.logo.dev/network.ae?format=png&size=400
530571,MASTERCARD,DEBIT,PREPAID RELOADABLE,NATIONAL BANK OF RAS AL-KHAIMAH (RAKBANK),,,AE,ARE,UNITED ARAB EMIRATES,rakbank.ae,https://commons.wikimedia.org/wiki/File:Rakbank_logo.svg
530583,MASTERCARD,DEBIT,PREPAID BUSINESS,UAE EXCHANGE CENTRE LLC,+97142617575,http://www.uaeexchange.com,AE,ARE,UNITED ARAB EMIRATES,uaeexchange.com,https://img.logo.dev/uaeexchange.com?format=png&size=400
530644,MASTERCARD,CREDIT,PLATINUM,NATIONAL BANK OF RAS AL-KHAIMAH (RAKBANK),,,AE,ARE,UNITED ARAB EMIRATES,rakbank.ae,https://commons.wikimedia.org/wiki/File:Rakbank_logo.svg
530669,MASTERCARD,DEBIT,PREPAID,WARBA BANK K.S.C,,,KW,KWT,KUWAIT,warbabank.com,https://commons.wikimedia.org/wiki/File:Warba_Bank_logo.svg
530689,MASTERCARD,DEBIT,PLATINUM,NATIONAL BANK OF BAHRAIN,,,BH,BHR,BAHRAIN,nbbonline.com,https://commons.wikimedia.org/wiki/File:National_Bank_of_Bahrain_logo.svg
530732,MASTERCARD,DEBIT,PREPAID PLATINUM TRAVEL,QATAR INTERNATIONAL ISLAMIC BANK,,http://www.qiib.com.qa,QA,QAT,QATAR,qiib.com.qa,https://commons.wikimedia.org/wiki/File:QIIB_logo.svg
530761,MASTERCARD,CREDIT,STANDARD,BANQUE LIBANO - FRANCAISE SAL,,,LB,LBN,LEBANON,,
530762,MASTERCARD,CREDIT,GOLD,BANQUE LIBANO - FRANCAISE SAL,,,LB,LBN,LEBANON,,
530763,MASTERCARD,CREDIT,STANDARD,BANQUE LIBANO - FRANCAISE S.A.L.,,,LB,LBN,LEBANON,,
530765,MASTERCARD,DEBIT,,BANQUE LIBANO - FRANCAISE SAL,,,LB,LBN,LEBANON,,
530766,MASTERCARD,DEBIT,TITANIUM,COMMERCIAL BANK OF QATAR Q.S.C,,,QA,QAT,QATAR,cbq.qa,https://commons.wikimedia.org/wiki/File:Commercial_Bank_of_Qatar_Logo.svg
530768,MASTERCARD,CREDIT,GOLD,BANQUE LIBANO-FRANCAISE SAL/COMMERCE & FINANCE S.A.L.,,,LB,LBN,LEBANON,eblf.com,https://img.logo.dev/eblf.com?format=png&size=400
530774,MASTERCARD,CREDIT,WORLD,QATAR NATIONAL BANK,+97444622724,http://www.qnb.com.qa,QA,QAT,QATAR,qnb.com,https://commons.wikimedia.org/wiki/File:Qatar_National_Bank_Logo.svg
530775,MASTERCARD,DEBIT,PREPAID,"MAX IT FINANCE, LTD.",,,IL,ISR,ISRAEL,max.co.il,https://commons.wikimedia.org/wiki/File:Max_It_Finance_logo.svg
530776,MASTERCARD,CREDIT,WORLD,QATAR NATIONAL BANK,+97444622724,http://www.qnb.com.qa,QA,QAT,QATAR,qnb.com,https://commons.wikimedia.org/wiki/File:Qatar_National_Bank_Logo.svg
530792,MASTERCARD,CREDIT,WORLD,ARAB NATIONAL BANK,,,SA,SAU,SAUDI ARABIA,anb.com.sa,https://commons.wikimedia.org/wiki/File:Anb_new_logo.svg
530828,MASTERCARD,DEBIT,PREPAID,FIRST ABU DHABI BANK PJSC,+20225204375,https://www.bankfab.com,EG,EGY,EGYPT,bankfab.com,https://commons.wikimedia.org/wiki/File:First_Abu_Dhabi_Bank_Logo.svg
530840,MASTERCARD,CREDIT,GOLD,QATAR NATIONAL BANK AL-AHLI S.A.E,,,EG,EGY,EGYPT,qnb.com,https://commons.wikimedia.org/wiki/File:Qatar_National_Bank_Logo.svg
530843,MASTERCARD,CREDIT,PLATINUM,ALAWWAL BANK,,,SA,SAU,SAUDI ARABIA,sab.com,https://commons.wikimedia.org/wiki/File:Saudi_Awwal_Bank_Logo.svg
530906,MASTERCARD,DEBIT,WORLD,SAMBA FINANCIAL GROUP,+9668001242000,http://www.samba.com,SA,SAU,SAUDI ARABIA,alahli.com,https://commons.wikimedia.org/wiki/File:Saudi_National_Bank_Logo.svg
530916,MASTERCARD,CREDIT,WORLD ELITE EXCLUSIVE,AREEBA S.A.L,,,LB,LBN,LEBANON,areeba.com,https://img.logo.dev/areeba.com?format=png&size=400
530918,MASTERCARD,CREDIT,PLATINUM,NETWORK INTERNATIONAL LLC,,,AE,ARE,UNITED ARAB EMIRATES,network.ae,https://img.logo.dev/network.ae?format=png&size=400
530923,MASTERCARD,DEBIT,PREPAID BUSINESS,ARAB FINANCIAL SERVICES COMPANY B.S.C. (C),,,EG,EGY,EGYPT,afs.com.bh,https://img.logo.dev/afs.com.bh?format=png&size=400
530926,MASTERCARD,DEBIT,PREPAID,ARAB FINANCIAL SERVICES COMPANY B.S.C. (C),,,EG,EGY,EGYPT,afs.com.bh,https://img.logo.dev/afs.com.bh?format=png&size=400
530930,MASTERCARD,CREDIT,B2B,WEX BANK,,http://www.wexinc.com,AE,ARE,UNITED ARAB EMIRATES,wexinc.com,https://img.logo.dev/wexinc.com?format=png&size=400
530933,MASTERCARD,CREDIT,STANDARD,CSCBANK SAL,,,LB,LBN,LEBANON,cscbank.com,https://img.logo.dev/cscbank.com?format=png&size=400
530937,MASTERCARD,CREDIT,STANDARD,DEEM FINANCE L.L.C.,,,AE,ARE,UNITED ARAB EMIRATES,deem.io,https://img.logo.dev/deem.io?format=png&size=400
531039,MASTERCARD,CREDIT,MIXED BIN,BANK ALBILAD,,,SA,SAU,SAUDI ARABIA,bankalbilad.com,https://commons.wikimedia.org/wiki/File:Bank_Albilad_Logo.svg
531042,MASTERCARD,CREDIT,PLATINUM,AREEBA S.A.L,,,LB,LBN,LEBANON,areeba.com,https://img.logo.dev/areeba.com?format=png&size=400
531074,MASTERCARD,CREDIT,,,,,AE,ARE,UNITED ARAB EMIRATES,,
531084,MASTERCARD,CREDIT,PLATINUM,BANK HAPOALIM B.M.,,,IL,ISR,ISRAEL,bankhapoalim.co.il,https://commons.wikimedia.org/wiki/File:Bank_Hapoalim_Logo.svg
531092,MASTERCARD,DEBIT,PREPAID,CAIRO AMMAN BANK PLC,,,PS,PSE,"PALESTINIAN TERRITORY, OCCUPIED",cab.jo,https://commons.wikimedia.org/wiki/File:Cairo_Amman_Bank_logo.svg
531095,MASTERCARD,DEBIT,TITANIUM,SAMBA FINANCIAL GROUP,+9668001242000,http://www.samba.com,SA,SAU,SAUDI ARABIA,alahli.com,https://commons.wikimedia.org/wiki/File:Saudi_National_Bank_Logo.svg
531114,MASTERCARD,CREDIT,TITANIUM,SOCIETE GENERALE DE BANQUE AU LIBAN S.A.L.,1274477777,http://www.sgbl.com.lb,LB,LBN,LEBANON,sgbl.com.lb,https://commons.wikimedia.org/wiki/File:SGBL_logo.svg
531121,MASTERCARD,DEBIT,GOLD,YANA BANKING SERVICES COMPANY,,,IQ,IRQ,IRAQ,,
531131,MASTERCARD,CREDIT,STANDARD,CSCBANK SAL,,,LB,LBN,LEBANON,cscbank.com,https://img.logo.dev/cscbank.com?format=png&size=400
531132,MASTERCARD,CREDIT,STANDARD,CSCBANK SAL,,,LB,LBN,LEBANON,cscbank.com,https://img.logo.dev/cscbank.com?format=png&size=400
531134,MASTERCARD,CREDIT,STANDARD,CSCBANK SAL,,,LB,LBN,LEBANON,cscbank.com,https://img.logo.dev/cscbank.com?format=png&size=400
531135,MASTERCARD,CREDIT,STANDARD,CSCBANK SAL,,,LB,LBN,LEBANON,cscbank.com,https://img.logo.dev/cscbank.com?format=png&size=400
531136,MASTERCARD,CREDIT,STANDARD,CSCBANK SAL,,,LB,LBN,LEBANON,cscbank.com,https://img.logo.dev/cscbank.com?format=png&size=400
531139,MASTERCARD,DEBIT,PREPAID,CSCBANK SAL,,,LB,LBN,LEBANON,cscbank.com,https://img.logo.dev/cscbank.com?format=png&size=400
531143,MASTERCARD,DEBIT,PREPAID,NETWORK INTERNATIONAL LLC,,,EG,EGY,EGYPT,network.ae,https://img.logo.dev/network.ae?format=png&size=400
531151,MASTERCARD,DEBIT,PREPAID,CSCBANK SAL,,,LB,LBN,LEBANON,cscbank.com,https://img.logo.dev/cscbank.com?format=png&size=400
531153,MASTERCARD,DEBIT,PREPAID GOLD PAYROLL,THE SAUDI NATIONAL BANK,,,SA,SAU,SAUDI ARABIA,alahli.com,https://commons.wikimedia.org/wiki/File:Saudi_National_Bank_Logo.svg
531156,MASTERCARD,DEBIT,PREPAID,BANQUE DU CAIRE,+20222648410,http://www.bdc.com.eg,EG,EGY,EGYPT,bdc.com.eg,https://commons.wikimedia.org/wiki/File:Banque_du_Caire_logo.svg
531163,MASTERCARD,DEBIT,PREPAID,NATIONAL BANK OF EGYPT,,http://www.nbe.com.eg,EG,EGY,EGYPT,nbe.com.eg,https://commons.wikimedia.org/wiki/File:National_Bank_of_Egypt_Logo.svg
531183,MASTERCARD,CREDIT,WORLD ELITE,CREDIT LIBANAIS S.A.L.,+9611900111,http://www.creditlibanais.com.lb,LB,LBN,LEBANON,creditlibanais.com,https://commons.wikimedia.org/wiki/File:Credit_Libanais_logo.svg
531184,MASTERCARD,CREDIT,STANDARD,CSCBANK SAL,,,LB,LBN,LEBANON,cscbank.com,https://img.logo.dev/cscbank.com?format=png&size=400
531186,MASTERCARD,CREDIT,STANDARD,CREDIT CARD SERVICES JORDAN,,,JO,JOR,JORDAN,,
531196,MASTERCARD,DEBIT,PLATINUM,FIRST ABU DHABI BANK PJSC,,https://www.bankfab.com,SA,SAU,SAUDI ARABIA,bankfab.com,https://commons.wikimedia.org/wiki/File:First_Abu_Dhabi_Bank_Logo.svg
531248,MASTERCARD,CREDIT,PLATINUM,AREEBA S.A.L,,,LB,LBN,LEBANON,areeba.com,https://img.logo.dev/areeba.com?format=png&size=400
531275,MASTERCARD,CREDIT,WORLD ELITE,DUBAI ISLAMIC BANK PJSC,,,AE,ARE,UNITED ARAB EMIRATES,alislami.ae,https://commons.wikimedia.org/wiki/File:Dubai_Islamic_Bank_logo.svg
531279,MASTERCARD,DEBIT,PLATINUM,BLOM BANK SAL,,,LB,LBN,LEBANON,blom.com.lb,https://commons.wikimedia.org/wiki/File:BLOM_Bank_logo.svg
531329,MASTERCARD,DEBIT,STANDARD,GULF BANK K.S.C.,,http://www.gulfbank.com,KW,KWT,KUWAIT,e-gulfbank.com,https://commons.wikimedia.org/wiki/File:Gulf_Bank_Kuwait_logo.svg
531347,MASTERCARD,CREDIT,TITANIUM,NETWORK INTERNATIONAL LLC,,,EG,EGY,EGYPT,network.ae,https://img.logo.dev/network.ae?format=png&size=400
531391,MASTERCARD,DEBIT,PREPAID,DEEM FINANCE L.L.C.,,,AE,ARE,UNITED ARAB EMIRATES,deem.io,https://img.logo.dev/deem.io?format=png&size=400
531392,MASTERCARD,CREDIT,WORLD,AREEBA S.A.L,,,LB,LBN,LEBANON,areeba.com,https://img.logo.dev/areeba.com?format=png&size=400
531395,MASTERCARD,DEBIT,PREPAID RELOADABLE,AL-TABADUL FOR ELECTRONIC AND FINANCIAL TECHNOLOGIES,,,IQ,IRQ,IRAQ,,
531398,MASTERCARD,CREDIT,PLATINUM,DEEM FINANCE L.L.C.,,,AE,ARE,UNITED ARAB EMIRATES,deem.io,https://img.logo.dev/deem.io?format=png&size=400
531408,MASTERCARD,DEBIT,PREPAID PLATINUM TRAVEL,INFINIOS FINANCIAL SERVICES B.S.C. CLOSED,,,BH,BHR,BAHRAIN,infinios.com,https://img.logo.dev/infinios.com?format=png&size=400
531415,MASTERCARD,CREDIT,WORLD,AHLI UNITED BANK B.S.C.,+97317710559,http://www.ahliunited.com,BH,BHR,BAHRAIN,ahliunited.com,https://commons.wikimedia.org/wiki/File:Ahli_United_Bank_logo.svg
531424,MASTERCARD,DEBIT,PREPAID,QATAR NATIONAL BANK AL-AHLI S.A.E,,,EG,EGY,EGYPT,qnb.com,https://commons.wikimedia.org/wiki/File:Qatar_National_Bank_Logo.svg
531443,MASTERCARD,DEBIT,PREPAID,BANQUE MISR,+20223912150,http://www.banquemisr.com,EG,EGY,EGYPT,banquemisr.com,https://commons.wikimedia.org/wiki/File:Banque_Misr_logo.svg
531447,MASTERCARD,DEBIT,PREPAID,ALEXBANK,1 9 0 3 3,http://www.alexbank.com,EG,EGY,EGYPT,alexbank.com,https://commons.wikimedia.org/wiki/File:Alexbank_logo.svg
531451,MASTERCARD,CREDIT,GOLD,NETWORK INTERNATIONAL LLC,,,AE,ARE,UNITED ARAB EMIRATES,network.ae,https://img.logo.dev/network.ae?format=png&size=400
531465,MASTERCARD,CREDIT,WORLD ELITE,NATIONAL BANK OF RAS AL-KHAIMAH (RAKBANK),,,AE,ARE,UNITED ARAB EMIRATES,rakbank.ae,https://commons.wikimedia.org/wiki/File:Rakbank_logo.svg
531470,MASTERCARD,DEBIT,STANDARD,GULF BANK K.S.C.,,http://www.gulfbank.com,KW,KWT,KUWAIT,e-gulfbank.com,https://commons.wikimedia.org/wiki/File:Gulf_Bank_Kuwait_logo.svg
531471,MASTERCARD,DEBIT,STANDARD,GULF BANK K.S.C.,,http://www.gulfbank.com,KW,KWT,KUWAIT,e-gulfbank.com,https://commons.wikimedia.org/wiki/File:Gulf_Bank_Kuwait_logo.svg
531483,MASTERCARD,CREDIT,PLATINUM,KUWAIT FINANCE HOUSE K.S.C.,+9651803333,http://www.kfh.com,KW,KWT,KUWAIT,financehouse.ae,https://img.logo.dev/financehouse.ae?format=png&size=400
531505,MASTERCARD,CREDIT,PLATINUM,THE SAUDI NATIONAL BANK,,,SA,SAU,SAUDI ARABIA,alahli.com,https://commons.wikimedia.org/wiki/File:Saudi_National_Bank_Logo.svg
531574,MASTERCARD,DEBIT,TITANIUM,QATAR NATIONAL BANK AL-AHLI S.A.E,,,EG,EGY,EGYPT,qnb.com,https://commons.wikimedia.org/wiki/File:Qatar_National_Bank_Logo.svg
531580,MASTERCARD,CREDIT,CORPORATE,HSBC BANK MIDDLE EAST,+97142241000,http://www.hsbc.ae,AE,ARE,UNITED ARAB EMIRATES,hsbc.com,https://commons.wikimedia.org/wiki/File:HSBC_logo_(2018).svg
531595,MASTERCARD,CREDIT,STANDARD,MIDDLE EAST PAYMENT SERVICES LIMITED CO.,,,JO,JOR,JORDAN,meps.com.jo,https://img.logo.dev/meps.com.jo?format=png&size=400
531611,MASTERCARD,DEBIT,PREPAID PLATINUM TRAVEL,"BURGAN BANK, S.A.K.",+9651804080,http://www.burgan.com,KW,KWT,KUWAIT,burgan.com,https://commons.wikimedia.org/wiki/File:Burgan_Bank_logo.svg
531644,MASTERCARD,DEBIT,PLATINUM,GULF BANK K.S.C.,,http://www.gulfbank.com,KW,KWT,KUWAIT,e-gulfbank.com,https://commons.wikimedia.org/wiki/File:Gulf_Bank_Kuwait_logo.svg
531648,MASTERCARD,DEBIT,TITANIUM,CAIRO AMMAN BANK PLC,,,PS,PSE,"PALESTINIAN TERRITORY, OCCUPIED",cab.jo,https://commons.wikimedia.org/wiki/File:Cairo_Amman_Bank_logo.svg
531652,MASTERCARD,DEBIT,PREPAID,BANQUE MISR,,http://www.banquemisr.com,EG,EGY,EGYPT,banquemisr.com,https://commons.wikimedia.org/wiki/File:Banque_Misr_logo.svg
531653,MASTERCARD,CREDIT,TITANIUM,AREEBA S.A.L,,,LB,LBN,LEBANON,areeba.com,https://img.logo.dev/areeba.com?format=png&size=400
531675,MASTERCARD,CREDIT,WORLD,AHLI BANK Q.S.C.,(974) 4232222,http://www.ahlibank.com.qa,QA,QAT,QATAR,ahlibank.com.qa,https://commons.wikimedia.org/wiki/File:Ahlibank_Qatar_logo.svg
531677,MASTERCARD,CREDIT,PLATINUM,ABU DHABI ISLAMIC BANK,,http://www.adib.ae,EG,EGY,EGYPT,adib.ae,https://commons.wikimedia.org/wiki/File:Abu_Dhabi_Islamic_Bank_Logo.svg
531707,MASTERCARD,DEBIT,PREPAID PLATINUM TRAVEL,ASIAHAWALA FOR NON-BANKING FINANCIAL SERVICES,,,IQ,IRQ,IRAQ,asiahawala.iq,https://img.logo.dev/asiahawala.iq?format=png&size=400
531709,MASTERCARD,DEBIT,PREPAID RELOADABLE,QATAR NATIONAL BANK,+97444622724,http://www.qnb.com.qa,QA,QAT,QATAR,qnb.com,https://commons.wikimedia.org/wiki/File:Qatar_National_Bank_Logo.svg
531716,MASTERCARD,CREDIT,CORPORATE,SOCIETE GENERALE DE BANQUE AU LIBAN S.A.L.,1274477777,http://www.sgbl.com.lb,LB,LBN,LEBANON,sgbl.com.lb,https://commons.wikimedia.org/wiki/File:SGBL_logo.svg
531727,MASTERCARD,CREDIT,CORPORATE EXECUTIVE,BAHRAIN COMMERCIAL FACILITIES COMPANY BSC,,,BH,BHR,BAHRAIN,bahrainfacilities.com,https://img.logo.dev/bahrainfacilities.com?format=png&size=400
531752,MASTERCARD,DEBIT,PLATINUM,NETWORK INTERNATIONAL LLC,,,AE,ARE,UNITED ARAB EMIRATES,network.ae,https://img.logo.dev/network.ae?format=png&size=400
531780,MASTERCARD,CREDIT,WORLD FLEX,WIO BANK P.J.S.C,,,AE,ARE,UNITED ARAB EMIRATES,wio.io,https://img.logo.dev/wio.io?format=png&size=400
531781,MASTERCARD,DEBIT,PRIVATE LABEL,FINITIONE,,,IL,ISR,ISRAEL,,
531795,MASTERCARD,DEBIT,,,,,QA,QAT,QATAR,,
531801,MASTERCARD,DEBIT,STANDARD,QATAR NATIONAL BANK,+97444622724,http://www.qnb.com.qa,QA,QAT,QATAR,qnb.com,https://commons.wikimedia.org/wiki/File:Qatar_National_Bank_Logo.svg
531805,MASTERCARD,DEBIT,STANDARD,COMMERCIAL INTERNATIONAL BANK (EGYPT) S.A.E.,971 - 4 - 3589381,http://www.cibeg.com,EG,EGY,EGYPT,cibeg.com,https://commons.wikimedia.org/wiki/File:CIB_Logo.svg
531812,MASTERCARD,DEBIT,STANDARD,CSCBANK S.A.L.,961) 1 742 555,http://www.ccm.com.lb,JO,JOR,JORDAN,cscbank.com,https://img.logo.dev/cscbank.com?format=png&size=400
531862,MASTERCARD,DEBIT,PREPAID PLATINUM TRAVEL,"BURGAN BANK, S.A.K.",+9651804080,http://www.burgan.com,KW,KWT,KUWAIT,burgan.com,https://commons.wikimedia.org/wiki/File:Burgan_Bank_logo.svg
531947,MASTERCARD,CREDIT,WORLD ELITE,CAPITAL BANK OF JORDAN,,,JO,JOR,JORDAN,bankofjordan.com,https://commons.wikimedia.org/wiki/File:Bank_of_Jordan_logo.svg
532013,MASTERCARD,DEBIT,PLATINUM,SAMBA FINANCIAL GROUP,+9668001242000,http://www.samba.com,SA,SAU,SAUDI ARABIA,alahli.com,https://commons.wikimedia.org/wiki/File:Saudi_National_Bank_Logo.svg
532033,MASTERCARD,DEBIT,WORLD,NETWORK INTERNATIONAL LLC,,,AE,ARE,UNITED ARAB EMIRATES,network.ae,https://img.logo.dev/network.ae?format=png&size=400
532034,MASTERCARD,CREDIT,WORLD,QATAR NATIONAL BANK,,http://www.qnb.com.qa,SA,SAU,SAUDI ARABIA,qnb.com,https://commons.wikimedia.org/wiki/File:Qatar_National_Bank_Logo.svg
532076,MASTERCARD,DEBIT,STANDARD,MIDDLE EAST PAYMENT SERVICES LIMITED CO.,,,IQ,IRQ,IRAQ,meps.com.jo,https://img.logo.dev/meps.com.jo?format=png&size=400
532081,MASTERCARD,DEBIT,PREPAID,YANA BANKING SERVICES COMPANY,,,IQ,IRQ,IRAQ,,
532100,MASTERCARD,DEBIT,STANDARD,ITHMAAR BANK B.S.C.,,,BH,BHR,BAHRAIN,ithmaarbank.com,https://commons.wikimedia.org/wiki/File:Ithmaar_Bank_logo.svg
532116,MASTERCARD,DEBIT,PREPAID WORLD,MIDDLE EAST PAYMENT SERVICES LIMITED CO.,,,JO,JOR,JORDAN,meps.com.jo,https://img.logo.dev/meps.com.jo?format=png&size=400
532120,MASTERCARD,DEBIT,PREPAID,KURDISTAN INTERNATIONAL BANK FOR INVESTMENT AND DEVELOPMENT INC. P.S.C,,,IQ,IRQ,IRAQ,,
532124,MASTERCARD,CREDIT,TITANIUM,NETWORK INTERNATIONAL LLC,,,AE,ARE,UNITED ARAB EMIRATES,network.ae,https://img.logo.dev/network.ae?format=png&size=400
532129,MASTERCARD,DEBIT,PLATINUM,FIRST ABU DHABI BANK PJSC,+971600525500,https://www.bankfab.com,AE,ARE,UNITED ARAB EMIRATES,bankfab.com,https://commons.wikimedia.org/wiki/File:First_Abu_Dhabi_Bank_Logo.svg
532133,MASTERCARD,CREDIT,,,,,OM,OMN,OMAN,,
532144,MASTERCARD,DEBIT,STANDARD,NETWORK INTERNATIONAL PAYMENT SERVICES,,,EG,EGY,EGYPT,network.ae,https://img.logo.dev/network.ae?format=png&size=400
532157,MASTERCARD,CREDIT,PLATINUM,NETWORK INTERNATIONAL PAYMENT SERVICES,,,EG,EGY,EGYPT,network.ae,https://img.logo.dev/network.ae?format=png&size=400
532158,MASTERCARD,DEBIT,PREPAID RELOADABLE,NETWORK INTERNATIONAL LLC,,,AE,ARE,UNITED ARAB EMIRATES,network.ae,https://img.logo.dev/network.ae?format=png&size=400
532163,MASTERCARD,CREDIT,PLATINUM,YANA BANKING SERVICES COMPANY,,,IQ,IRQ,IRAQ,,
532166,MASTERCARD,CREDIT,,NATIONAL COMMERCIAL BANK,96626464060,,SA,SAU,SAUDI ARABIA,alahli.com,https://commons.wikimedia.org/wiki/File:Saudi_National_Bank_Logo.svg
532181,MASTERCARD,CREDIT,PLATINUM,FIRST ABU DHABI BANK PJSC,+971600525500,https://www.bankfab.com,AE,ARE,UNITED ARAB EMIRATES,bankfab.com,https://commons.wikimedia.org/wiki/File:First_Abu_Dhabi_Bank_Logo.svg
532199,MASTERCARD,DEBIT,PREPAID PLATINUM TRAVEL,WARBA BANK K.S.C,,,KW,KWT,KUWAIT,warbabank.com,https://commons.wikimedia.org/wiki/File:Warba_Bank_logo.svg
532202,MASTERCARD,DEBIT,PREPAID,"IRAQ ELECTRONIC GATE FOR FINANCIAL SERVICES CO, LTD.",,,IQ,IRQ,IRAQ,qicard.net,https://commons.wikimedia.org/wiki/File:Qi_card_logo.svg
532235,MASTERCARD,CREDIT,PLATINUM,ARAB NATIONAL BANK,,,SA,SAU,SAUDI ARABIA,anb.com.sa,https://commons.wikimedia.org/wiki/File:Anb_new_logo.svg
532280,MASTERCARD,DEBIT,WORLD ELITE,NATIONAL BANK OF EGYPT,,http://www.nbe.com.eg,EG,EGY,EGYPT,nbe.com.eg,https://commons.wikimedia.org/wiki/File:National_Bank_of_Egypt_Logo.svg
532302,MASTERCARD,DEBIT,PREPAID RELOADABLE,DOHA BANK Q.S.C,,,QA,QAT,QATAR,dohabank.com,https://commons.wikimedia.org/wiki/File:Doha_Bank_logo.svg
532311,MASTERCARD,DEBIT,WORLD ELITE,NATIONAL BANK OF BAHRAIN,,,BH,BHR,BAHRAIN,nbbonline.com,https://commons.wikimedia.org/wiki/File:National_Bank_of_Bahrain_logo.svg
532314,MASTERCARD,CREDIT,,,,,SY,SYR,SYRIAN ARAB REPUBLIC,,
532316,MASTERCARD,CREDIT,,,,,SY,SYR,SYRIAN ARAB REPUBLIC,,
532335,MASTERCARD,DEBIT,PREPAID,"BURGAN BANK, S.A.K.",+9651804080,http://www.burgan.com,KW,KWT,KUWAIT,burgan.com,https://commons.wikimedia.org/wiki/File:Burgan_Bank_logo.svg
532337,MASTERCARD,DEBIT,PREPAID,"BURGAN BANK, S.A.K.",+9651804080,http://www.burgan.com,KW,KWT,KUWAIT,burgan.com,https://commons.wikimedia.org/wiki/File:Burgan_Bank_logo.svg
532339,MASTERCARD,DEBIT,PREPAID,"BURGAN BANK, S.A.K.",+9651804080,http://www.burgan.com,KW,KWT,KUWAIT,burgan.com,https://commons.wikimedia.org/wiki/File:Burgan_Bank_logo.svg
532341,MASTERCARD,DEBIT,PREPAID,"BURGAN BANK, S.A.K.",+9651804080,http://www.burgan.com,KW,KWT,KUWAIT,burgan.com,https://commons.wikimedia.org/wiki/File:Burgan_Bank_logo.svg
532425,MASTERCARD,DEBIT,PREPAID,SHARJAH ISLAMIC BANK PJSC,+97165999999,http://www.sib.ae,AE,ARE,UNITED ARAB EMIRATES,sib.ae,https://commons.wikimedia.org/wiki/File:Sharjah_Islamic_Bank_logo.svg
532437,MASTERCARD,CREDIT,BUSINESS,QATAR NATIONAL BANK AL-AHLI S.A.E,,,EG,EGY,EGYPT,qnb.com,https://commons.wikimedia.org/wiki/File:Qatar_National_Bank_Logo.svg
532439,MASTERCARD,CREDIT,STANDARD,"IRAQ ELECTRONIC GATE FOR FINANCIAL SERVICES CO, LTD.",,,IQ,IRQ,IRAQ,qicard.net,https://commons.wikimedia.org/wiki/File:Qi_card_logo.svg
532446,MASTERCARD,CREDIT,WORLD,THE SAUDI NATIONAL BANK,,,SA,SAU,SAUDI ARABIA,alahli.com,https://commons.wikimedia.org/wiki/File:Saudi_National_Bank_Logo.svg
532448,MASTERCARD,CREDIT,WORLD,THE SAUDI NATIONAL BANK,,,SA,SAU,SAUDI ARABIA,alahli.com,https://commons.wikimedia.org/wiki/File:Saudi_National_Bank_Logo.svg
532449,MASTERCARD,CREDIT,STANDARD,EMIRATES NATIONAL BANK OF DUBAI S.A.E,,,EG,EGY,EGYPT,emiratesnbd.com,https://commons.wikimedia.org/wiki/File:Emirates_NBD_logo.svg
532465,MASTERCARD,DEBIT,PREPAID,ARAB FINANCIAL SERVICES COMPANY B.S.C. (C),,,BH,BHR,BAHRAIN,afs.com.bh,https://img.logo.dev/afs.com.bh?format=png&size=400
532478,MASTERCARD,CREDIT,STANDARD,AHLI BANK OF KUWAIT,,,EG,EGY,EGYPT,eahli.com,https://commons.wikimedia.org/wiki/File:Al_Ahli_Bank_of_Kuwait_logo.svg
532493,MASTERCARD,DEBIT,PREPAID PLATINUM TRAVEL,"BURGAN BANK, S.A.K.",+9651804080,http://www.burgan.com,KW,KWT,KUWAIT,burgan.com,https://commons.wikimedia.org/wiki/File:Burgan_Bank_logo.svg
532536,MASTERCARD,DEBIT,PLATINUM,NYMCARD PAYMENT SERVICES LLC,,,AE,ARE,UNITED ARAB EMIRATES,nymcard.com,https://img.logo.dev/nymcard.com?format=png&size=400
532551,MASTERCARD,DEBIT,STANDARD,AHLI BANK OF KUWAIT,,,EG,EGY,EGYPT,eahli.com,https://commons.wikimedia.org/wiki/File:Al_Ahli_Bank_of_Kuwait_logo.svg
532598,MASTERCARD,CREDIT,WORLD,NETWORK INTERNATIONAL LLC,,,AE,ARE,UNITED ARAB EMIRATES,network.ae,https://img.logo.dev/network.ae?format=png&size=400
532610,MASTERCARD,CREDIT,STANDARD,ISRACARD LTD.,,,IL,ISR,ISRAEL,isracard.co.il,https://commons.wikimedia.org/wiki/File:Isracard_logo.svg
532611,MASTERCARD,CREDIT,BUSINESS,ISRACARD LTD.,,,IL,ISR,ISRAEL,isracard.co.il,https://commons.wikimedia.org/wiki/File:Isracard_logo.svg
532612,MASTERCARD,CREDIT,CORPORATE,ISRACARD LTD.,,,IL,ISR,ISRAEL,isracard.co.il,https://commons.wikimedia.org/wiki/File:Isracard_logo.svg
532613,MASTERCARD,CREDIT,MIXED PRODUCT,ISRACARD LTD.,,,IL,ISR,ISRAEL,isracard.co.il,https://commons.wikimedia.org/wiki/File:Isracard_logo.svg
532614,MASTERCARD,DEBIT,STANDARD,ISRACARD LTD.,,,IL,ISR,ISRAEL,isracard.co.il,https://commons.wikimedia.org/wiki/File:Isracard_logo.svg
532615,MASTERCARD,DEBIT,STANDARD,ISRACARD LTD.,,,IL,ISR,ISRAEL,isracard.co.il,https://commons.wikimedia.org/wiki/File:Isracard_logo.svg
532616,MASTERCARD,CREDIT,MIXED PRODUCT,ISRACARD LTD.,,,IL,ISR,ISRAEL,isracard.co.il,https://commons.wikimedia.org/wiki/File:Isracard_logo.svg
532617,MASTERCARD,CREDIT,MIXED PRODUCT,ISRACARD LTD.,,,IL,ISR,ISRAEL,isracard.co.il,https://commons.wikimedia.org/wiki/File:Isracard_logo.svg
532618,MASTERCARD,CREDIT,WORLD,ISRACARD LTD.,,,IL,ISR,ISRAEL,isracard.co.il,https://commons.wikimedia.org/wiki/File:Isracard_logo.svg
532619,MASTERCARD,CREDIT,STANDARD,ISRACARD LTD.,,,IL,ISR,ISRAEL,isracard.co.il,https://commons.wikimedia.org/wiki/File:Isracard_logo.svg
532660,MASTERCARD,DEBIT,PLATINUM,ABU DHABI COMMERCIAL BANK,+97126962222,http://www.adcb.com,AE,ARE,UNITED ARAB EMIRATES,adcb.com,https://commons.wikimedia.org/wiki/File:Abu_Dhabi_Commercial_Bank_Logo.svg
532664,MASTERCARD,DEBIT,PLATINUM,AREEBA S.A.L,,,EG,EGY,EGYPT,areeba.com,https://img.logo.dev/areeba.com?format=png&size=400
532665,MASTERCARD,DEBIT,PLATINUM,ABU DHABI COMMERCIAL BANK,+97126962222,http://www.adcb.com,AE,ARE,UNITED ARAB EMIRATES,adcb.com,https://commons.wikimedia.org/wiki/File:Abu_Dhabi_Commercial_Bank_Logo.svg
532667,MASTERCARD,DEBIT,PLATINUM,DUBAI ISLAMIC BANK PJSC,,,AE,ARE,UNITED ARAB EMIRATES,alislami.ae,https://commons.wikimedia.org/wiki/File:Dubai_Islamic_Bank_logo.svg
532671,MASTERCARD,DEBIT,PLATINUM,FIRST ABU DHABI BANK PJSC,+971600525500,https://www.bankfab.com,AE,ARE,UNITED ARAB EMIRATES,bankfab.com,https://commons.wikimedia.org/wiki/File:First_Abu_Dhabi_Bank_Logo.svg
532672,MASTERCARD,DEBIT,PLATINUM,COMMERCIAL BANK OF KUWAIT S.A.K.,,,KW,KWT,KUWAIT,cbk.com,https://commons.wikimedia.org/wiki/File:Commercial_Bank_of_Kuwait_logo.svg
532674,MASTERCARD,DEBIT,PLATINUM,KUWAIT FINANCE HOUSE K.S.C.,+9651803333,http://www.kfh.com,KW,KWT,KUWAIT,financehouse.ae,https://img.logo.dev/financehouse.ae?format=png&size=400
532675,MASTERCARD,DEBIT,BUSINESS,GULF BANK K.S.C.,,http://www.gulfbank.com,KW,KWT,KUWAIT,e-gulfbank.com,https://commons.wikimedia.org/wiki/File:Gulf_Bank_Kuwait_logo.svg
532677,MASTERCARD,DEBIT,PLATINUM,AHLI UNITED BANK B.S.C.,+97317710559,http://www.ahliunited.com,BH,BHR,BAHRAIN,ahliunited.com,https://commons.wikimedia.org/wiki/File:Ahli_United_Bank_logo.svg
532686,MASTERCARD,DEBIT,TITANIUM,JORDAN KUWAIT BANK,,http://www.jordan-kuwait-bank.com,JO,JOR,JORDAN,jkb.com,https://commons.wikimedia.org/wiki/File:Jordan_Kuwait_Bank_logo.svg
532688,MASTERCARD,DEBIT,PLATINUM,ABU DHABI COMMERCIAL BANK,+97126962222,http://www.adcb.com,AE,ARE,UNITED ARAB EMIRATES,adcb.com,https://commons.wikimedia.org/wiki/File:Abu_Dhabi_Commercial_Bank_Logo.svg
532689,MASTERCARD,DEBIT,PLATINUM,ABU DHABI COMMERCIAL BANK,+97126962222,http://www.adcb.com,AE,ARE,UNITED ARAB EMIRATES,adcb.com,https://commons.wikimedia.org/wiki/File:Abu_Dhabi_Commercial_Bank_Logo.svg
532703,MASTERCARD,DEBIT,PREPAID PLATINUM TRAVEL,ITHMAAR BANK B.S.C.,,,BH,BHR,BAHRAIN,ithmaarbank.com,https://commons.wikimedia.org/wiki/File:Ithmaar_Bank_logo.svg
532704,MASTERCARD,DEBIT,WORLD,DUKHAN BANK Q.P.S.C.,,,QA,QAT,QATAR,dukhanbank.com,https://commons.wikimedia.org/wiki/File:Dukhan_Bank_logo.svg
532712,MASTERCARD,DEBIT,PLATINUM,NETWORK INTERNATIONAL LLC,,,AE,ARE,UNITED ARAB EMIRATES,network.ae,https://img.logo.dev/network.ae?format=png&size=400
532714,MASTERCARD,DEBIT,PLATINUM,ARAB FINANCIAL SERVICES COMPANY B.S.C. (C),,,BH,BHR,BAHRAIN,afs.com.bh,https://img.logo.dev/afs.com.bh?format=png&size=400
532715,MASTERCARD,DEBIT,WORLD,QATAR NATIONAL BANK,+97444622724,http://www.qnb.com.qa,QA,QAT,QATAR,qnb.com,https://commons.wikimedia.org/wiki/File:Qatar_National_Bank_Logo.svg
532716,MASTERCARD,DEBIT,TITANIUM,QATAR NATIONAL BANK,+97444622724,http://www.qnb.com.qa,QA,QAT,QATAR,qnb.com,https://commons.wikimedia.org/wiki/File:Qatar_National_Bank_Logo.svg
532719,MASTERCARD,DEBIT,STANDARD,COMMERCIAL BANK OF DUBAI,+97126268400,http://www.cbd.ae,AE,ARE,UNITED ARAB EMIRATES,cbd.ae,https://commons.wikimedia.org/wiki/File:Commercial_Bank_of_Dubai_logo.svg
532720,MASTERCARD,DEBIT,PREMIUM,ALINMA BANK,,,SA,SAU,SAUDI ARABIA,alinma.com,https://commons.wikimedia.org/wiki/File:Alinma_Bank_logo.svg
532723,MASTERCARD,DEBIT,PLATINUM,SHARJAH ISLAMIC BANK PJSC,+97165999999,http://www.sib.ae,AE,ARE,UNITED ARAB EMIRATES,sib.ae,https://commons.wikimedia.org/wiki/File:Sharjah_Islamic_Bank_logo.svg
532730,MASTERCARD,DEBIT,PLATINUM,COMMERCIAL BANK INTERNATIONAL,+97142275265,http://www.cbiuae.com,AE,ARE,UNITED ARAB EMIRATES,cbiuae.com,https://img.logo.dev/cbiuae.com?format=png&size=400
532733,MASTERCARD,DEBIT,PREPAID PLATINUM TRAVEL,AREEBA S.A.L,,,LB,LBN,LEBANON,areeba.com,https://img.logo.dev/areeba.com?format=png&size=400
532735,MASTERCARD,DEBIT,PLATINUM,STANDARD CHARTERED BANK,+971600522288,https://www.sc.com,AE,ARE,UNITED ARAB EMIRATES,sc.com,https://commons.wikimedia.org/wiki/File:Standard_Chartered_(2021).svg
532749,MASTERCARD,DEBIT,PLATINUM,WARBA BANK K.S.C,,,KW,KWT,KUWAIT,warbabank.com,https://commons.wikimedia.org/wiki/File:Warba_Bank_logo.svg
532768,MASTERCARD,CREDIT,GOLD,WORLD ISLAMIC BANK FOR INVESTMENT AND FINANCING,,,IQ,IRQ,IRAQ,,
532786,MASTERCARD,CREDIT,PLATINUM,EMIRATES NBD,+971800456,http://www.emiratesnbd.com,AE,ARE,UNITED ARAB EMIRATES,emiratesnbd.com,https://commons.wikimedia.org/wiki/File:Emirates_NBD_logo.svg
532788,MASTERCARD,DEBIT,BUSINESS,SAMBA FINANCIAL GROUP,+9668001242000,http://www.samba.com,SA,SAU,SAUDI ARABIA,alahli.com,https://commons.wikimedia.org/wiki/File:Saudi_National_Bank_Logo.svg
532806,MASTERCARD,DEBIT,PREPAID BUSINESS,FINANCE HOUSE L.L.C.,,,AE,ARE,UNITED ARAB EMIRATES,financehouse.ae,https://img.logo.dev/financehouse.ae?format=png&size=400
532818,MASTERCARD,CREDIT,STANDARD,FIRST ABU DHABI BANK PJSC,+971600525500,https://www.bankfab.com,AE,ARE,UNITED ARAB EMIRATES,bankfab.com,https://commons.wikimedia.org/wiki/File:First_Abu_Dhabi_Bank_Logo.svg
532934,MASTERCARD,CREDIT,PLATINUM,MAWARID FINANCE PJSC,,,AE,ARE,UNITED ARAB EMIRATES,,
532970,MASTERCARD,CREDIT,CORPORATE,"CITIBANK, N.A.",,https://www.citi.com,EG,EGY,EGYPT,citibank.com,https://commons.wikimedia.org/wiki/File:Citibank.svg
532993,MASTERCARD,DEBIT,UNEMBOSSED,WARBA BANK K.S.C,,,KW,KWT,KUWAIT,warbabank.com,https://commons.wikimedia.org/wiki/File:Warba_Bank_logo.svg
533002,MASTERCARD,DEBIT,PREPAID,CSCBANK SAL,,,IQ,IRQ,IRAQ,cscbank.com,https://img.logo.dev/cscbank.com?format=png&size=400
533010,MASTERCARD,DEBIT,STANDARD,QATAR NATIONAL BANK,,http://www.qnb.com.qa,SY,SYR,SYRIAN ARAB REPUBLIC,qnb.com,https://commons.wikimedia.org/wiki/File:Qatar_National_Bank_Logo.svg
533012,MASTERCARD,CREDIT,WORLD ELITE,NATIONAL BANK OF RAS AL-KHAIMAH (RAKBANK),,,AE,ARE,UNITED ARAB EMIRATES,rakbank.ae,https://commons.wikimedia.org/wiki/File:Rakbank_logo.svg
533063,MASTERCARD,DEBIT,PREPAID,AL-TABADUL FOR ELECTRONIC AND FINANCIAL TECHNOLOGIES,,,IQ,IRQ,IRAQ,,
533103,MASTERCARD,DEBIT,WORLD,QATAR ISLAMIC BANK,,,QA,QAT,QATAR,qib.com.qa,https://commons.wikimedia.org/wiki/File:Qatar_Islamic_Bank_Logo.svg
533106,MASTERCARD,DEBIT,WORLD,QATAR NATIONAL BANK,+97444622724,http://www.qnb.com.qa,QA,QAT,QATAR,qnb.com,https://commons.wikimedia.org/wiki/File:Qatar_National_Bank_Logo.svg
533113,MASTERCARD,DEBIT,WORLD,FIRST ABU DHABI BANK PJSC,+971600525500,https://www.bankfab.com,AE,ARE,UNITED ARAB EMIRATES,bankfab.com,https://commons.wikimedia.org/wiki/File:First_Abu_Dhabi_Bank_Logo.svg
533117,MASTERCARD,DEBIT,WORLD,NATIONAL BANK OF OMAN (SAOG),,,OM,OMN,OMAN,nbo.om,https://commons.wikimedia.org/wiki/File:National_Bank_of_Oman_logo.svg
533123,MASTERCARD,DEBIT,WORLD,COMMERCIAL BANK OF QATAR Q.S.C,,,QA,QAT,QATAR,cbq.qa,https://commons.wikimedia.org/wiki/File:Commercial_Bank_of_Qatar_Logo.svg
533168,MASTERCARD,CREDIT,WORLD,"CITIBANK, N.A.",,https://www.citi.com,AE,ARE,UNITED ARAB EMIRATES,citibank.com,https://commons.wikimedia.org/wiki/File:Citibank.svg
533172,MASTERCARD,CREDIT,CORPORATE,ALAWWAL BANK,,,SA,SAU,SAUDI ARABIA,sab.com,https://commons.wikimedia.org/wiki/File:Saudi_Awwal_Bank_Logo.svg
533175,MASTERCARD,CREDIT,CORPORATE,ARAB FINANCIAL SERVICES COMPANY B.S.C. (C),,,JO,JOR,JORDAN,afs.com.bh,https://img.logo.dev/afs.com.bh?format=png&size=400
533176,MASTERCARD,CREDIT,CORPORATE,ARAB FINANCIAL SERVICES COMPANY B.S.C. (C),,,AE,ARE,UNITED ARAB EMIRATES,afs.com.bh,https://img.logo.dev/afs.com.bh?format=png&size=400
533177,MASTERCARD,CREDIT,CORPORATE,ARAB FINANCIAL SERVICES COMPANY B.S.C. (C),,,QA,QAT,QATAR,afs.com.bh,https://img.logo.dev/afs.com.bh?format=png&size=400
533191,MASTERCARD,DEBIT,PREPAID,FIRST ABU DHABI BANK PJSC,+971600525500,https://www.bankfab.com,AE,ARE,UNITED ARAB EMIRATES,bankfab.com,https://commons.wikimedia.org/wiki/File:First_Abu_Dhabi_Bank_Logo.svg
533215,MASTERCARD,CREDIT,PLATINUM,NATIONAL BANK OF KUWAIT (S.A.K.),,,KW,KWT,KUWAIT,nbk.com,https://commons.wikimedia.org/wiki/File:National_Bank_of_Kuwait_logo.svg
533222,MASTERCARD,CREDIT,WORLD BUSINESS,AREEBA S.A.L,,,LB,LBN,LEBANON,areeba.com,https://img.logo.dev/areeba.com?format=png&size=400
533311,MASTERCARD,DEBIT,PREPAID WORLD,JORDANIAN ELAF FOR INTEGRATED SOLUTIONS,,,JO,JOR,JORDAN,,
533316,MASTERCARD,CREDIT,,,,,SY,SYR,SYRIAN ARAB REPUBLIC,,
533320,MASTERCARD,CREDIT,STANDARD,JORDAN COMMERCIAL BANK,+96265203000,http://www.jcbank.com.jo,JO,JOR,JORDAN,jcbank.com.jo,https://img.logo.dev/jcbank.com.jo?format=png&size=400
533408,MASTERCARD,CREDIT,PLATINUM,"BURGAN BANK, S.A.K.",+9651804080,http://www.burgan.com,KW,KWT,KUWAIT,burgan.com,https://commons.wikimedia.org/wiki/File:Burgan_Bank_logo.svg
533410,MASTERCARD,DEBIT,PREPAID,CAPITAL BANK OF JORDAN,,,IQ,IRQ,IRAQ,bankofjordan.com,https://commons.wikimedia.org/wiki/File:Bank_of_Jordan_logo.svg
533421,MASTERCARD,DEBIT,WORLD,AL BARAKA ISLAMIC BANK B.S.C. (CLOSED),,,BH,BHR,BAHRAIN,albaraka.bh,https://commons.wikimedia.org/wiki/File:Al_Baraka_Bank_logo.svg
533425,MASTERCARD,DEBIT,PREPAID,AREEBA S.A.L,,,IQ,IRQ,IRAQ,areeba.com,https://img.logo.dev/areeba.com?format=png&size=400
533513,MASTERCARD,DEBIT,,,,,EG,EGY,EGYPT,,
533518,MASTERCARD,CREDIT,TITANIUM,COMMERCIAL INTERNATIONAL BANK (EGYPT) S.A.E.,971 - 4 - 3589381,http://www.cibeg.com,EG,EGY,EGYPT,cibeg.com,https://commons.wikimedia.org/wiki/File:CIB_Logo.svg
533528,MASTERCARD,DEBIT,,,,,EG,EGY,EGYPT,,
533537,MASTERCARD,DEBIT,PREPAID,ARAB AFRICAN INTERNATIONAL BANK,+20224886679,http://www.aaib.com,EG,EGY,EGYPT,aaib.com,https://commons.wikimedia.org/wiki/File:Arab_African_International_Bank_Logo.svg
533539,MASTERCARD,DEBIT,PREPAID,SHARJAH ISLAMIC BANK PJSC,+97165999999,http://www.sib.ae,AE,ARE,UNITED ARAB EMIRATES,sib.ae,https://commons.wikimedia.org/wiki/File:Sharjah_Islamic_Bank_logo.svg
533574,MASTERCARD,DEBIT,PREPAID,DUBAI ISLAMIC BANK PJSC,,,AE,ARE,UNITED ARAB EMIRATES,alislami.ae,https://commons.wikimedia.org/wiki/File:Dubai_Islamic_Bank_logo.svg
533584,MASTERCARD,DEBIT,PREPAID,COMMERCIAL INTERNATIONAL BANK (EGYPT) S.A.E.,971 - 4 - 3589381,http://www.cibeg.com,EG,EGY,EGYPT,cibeg.com,https://commons.wikimedia.org/wiki/File:CIB_Logo.svg
533605,MASTERCARD,DEBIT,PREPAID,NATIONAL BANK OF RAS AL-KHAIMAH (RAKBANK),,,AE,ARE,UNITED ARAB EMIRATES,rakbank.ae,https://commons.wikimedia.org/wiki/File:Rakbank_logo.svg
533607,MASTERCARD,DEBIT,PREPAID PLATINUM TRAVEL,NATIONAL BANK OF KUWAIT (S.A.K.),,,KW,KWT,KUWAIT,nbk.com,https://commons.wikimedia.org/wiki/File:National_Bank_of_Kuwait_logo.svg
533647,MASTERCARD,DEBIT,PREPAID,MIDDLE EAST PAYMENT SERVICES LIMITED CO.,,,JO,JOR,JORDAN,meps.com.jo,https://img.logo.dev/meps.com.jo?format=png&size=400
533698,MASTERCARD,CREDIT,TITANIUM,DEEM FINANCE L.L.C.,,,AE,ARE,UNITED ARAB EMIRATES,deem.io,https://img.logo.dev/deem.io?format=png&size=400
533741,MASTERCARD,CREDIT,WORLD,CSCBANK SAL,,,IQ,IRQ,IRAQ,cscbank.com,https://img.logo.dev/cscbank.com?format=png&size=400
533745,MASTERCARD,CREDIT,TITANIUM,BANK MUSCAT (SAOG),,,OM,OMN,OMAN,bankmuscat.com,https://commons.wikimedia.org/wiki/File:Bank_Muscat_logo.svg
533746,MASTERCARD,CREDIT,PLATINUM,BOUBYAN BANK,,,KW,KWT,KUWAIT,bankboubyan.com,https://commons.wikimedia.org/wiki/File:Boubyan_Bank_logo.svg
533748,MASTERCARD,CREDIT,TITANIUM,ARAB FINANCIAL SERVICES COMPANY B.S.C. (C),,,EG,EGY,EGYPT,afs.com.bh,https://img.logo.dev/afs.com.bh?format=png&size=400
533750,MASTERCARD,CREDIT,TITANIUM,CSCBANK SAL,,,LB,LBN,LEBANON,cscbank.com,https://img.logo.dev/cscbank.com?format=png&size=400
533753,MASTERCARD,CREDIT,PLATINUM,BANK LEUMI LE-ISRAEL BM,,,IL,ISR,ISRAEL,leumi.co.il,https://commons.wikimedia.org/wiki/File:Bank_Leumi_Logo.svg
533757,MASTERCARD,CREDIT,TITANIUM,COMMERCIAL BANK OF KUWAIT S.A.K.,,,KW,KWT,KUWAIT,cbk.com,https://commons.wikimedia.org/wiki/File:Commercial_Bank_of_Kuwait_logo.svg
533758,MASTERCARD,CREDIT,TITANIUM,CSCBANK SAL,,,LB,LBN,LEBANON,cscbank.com,https://img.logo.dev/cscbank.com?format=png&size=400
533761,MASTERCARD,CREDIT,TITANIUM,CSCBANK SAL,,,LB,LBN,LEBANON,cscbank.com,https://img.logo.dev/cscbank.com?format=png&size=400
533767,MASTERCARD,CREDIT,TITANIUM,NATIONAL BANK OF RAS AL-KHAIMAH (RAKBANK),,,AE,ARE,UNITED ARAB EMIRATES,rakbank.ae,https://commons.wikimedia.org/wiki/File:Rakbank_logo.svg
533769,MASTERCARD,CREDIT,TITANIUM,GULF BANK K.S.C.,,http://www.gulfbank.com,KW,KWT,KUWAIT,e-gulfbank.com,https://commons.wikimedia.org/wiki/File:Gulf_Bank_Kuwait_logo.svg
533770,MASTERCARD,DEBIT,PREPAID BUSINESS,GULF BANK K.S.C.,,http://www.gulfbank.com,KW,KWT,KUWAIT,e-gulfbank.com,https://commons.wikimedia.org/wiki/File:Gulf_Bank_Kuwait_logo.svg
533771,MASTERCARD,CREDIT,TITANIUM,AHLI UNITED BANK B.S.C.,+97317710559,http://www.ahliunited.com,BH,BHR,BAHRAIN,ahliunited.com,https://commons.wikimedia.org/wiki/File:Ahli_United_Bank_logo.svg
533776,MASTERCARD,CREDIT,TITANIUM,BANK DHOFAR SAOG,,,OM,OMN,OMAN,bankdhofar.com,https://commons.wikimedia.org/wiki/File:Bank_Dhofar_logo.svg
533777,MASTERCARD,CREDIT,TITANIUM,ABU DHABI ISLAMIC BANK,,http://www.adib.ae,EG,EGY,EGYPT,adib.ae,https://commons.wikimedia.org/wiki/File:Abu_Dhabi_Islamic_Bank_Logo.svg
533778,MASTERCARD,CREDIT,TITANIUM,KUWAIT INTERNATIONAL BANK,+9651866866,http://www.kib.com.kw,KW,KWT,KUWAIT,kib.com.kw,https://commons.wikimedia.org/wiki/File:Kuwait_International_Bank_logo.svg
533781,MASTERCARD,CREDIT,TITANIUM,"BANK OF BEIRUT, SAL",,,LB,LBN,LEBANON,bankofbeirut.com,https://commons.wikimedia.org/wiki/File:Bank_of_Beirut_logo.svg
533782,MASTERCARD,CREDIT,TITANIUM,"BANK OF BEIRUT, SAL",,,LB,LBN,LEBANON,bankofbeirut.com,https://commons.wikimedia.org/wiki/File:Bank_of_Beirut_logo.svg
533783,MASTERCARD,CREDIT,TITANIUM,"BANK OF BEIRUT, SAL",,,LB,LBN,LEBANON,bankofbeirut.com,https://commons.wikimedia.org/wiki/File:Bank_of_Beirut_logo.svg
533784,MASTERCARD,CREDIT,TITANIUM,NETWORK INTERNATIONAL LLC,,,AE,ARE,UNITED ARAB EMIRATES,network.ae,https://img.logo.dev/network.ae?format=png&size=400
533788,MASTERCARD,CREDIT,TITANIUM,GULF BANK K.S.C.,,http://www.gulfbank.com,KW,KWT,KUWAIT,e-gulfbank.com,https://commons.wikimedia.org/wiki/File:Gulf_Bank_Kuwait_logo.svg
533789,MASTERCARD,DEBIT,TITANIUM,FIRST ABU DHABI BANK PJSC,+20225204375,https://www.bankfab.com,EG,EGY,EGYPT,bankfab.com,https://commons.wikimedia.org/wiki/File:First_Abu_Dhabi_Bank_Logo.svg
533791,MASTERCARD,CREDIT,TITANIUM,NATIONAL BANK OF RAS AL-KHAIMAH (RAKBANK),,,AE,ARE,UNITED ARAB EMIRATES,rakbank.ae,https://commons.wikimedia.org/wiki/File:Rakbank_logo.svg
533795,MASTERCARD,DEBIT,PREPAID GOLD PAYROLL,AL-TABADUL FOR ELECTRONIC AND FINANCIAL TECHNOLOGIES,,,IQ,IRQ,IRAQ,,
533812,MASTERCARD,DEBIT,PREPAID,NETWORK INTERNATIONAL LLC,,,AE,ARE,UNITED ARAB EMIRATES,network.ae,https://img.logo.dev/network.ae?format=png&size=400
533813,MASTERCARD,DEBIT,PREPAID,NATIONAL BANK OF EGYPT,,http://www.nbe.com.eg,EG,EGY,EGYPT,nbe.com.eg,https://commons.wikimedia.org/wiki/File:National_Bank_of_Egypt_Logo.svg
533819,MASTERCARD,DEBIT,PREPAID,COMMERCIAL BANK INTERNATIONAL,+97142275265,http://www.cbiuae.com,AE,ARE,UNITED ARAB EMIRATES,cbiuae.com,https://img.logo.dev/cbiuae.com?format=png&size=400
533833,MASTERCARD,CREDIT,BUSINESS,ISRAEL CREDIT CARDS LTD.,,,IL,ISR,ISRAEL,cal-online.co.il,https://commons.wikimedia.org/wiki/File:Cal_Israel_Credit_Cards_logo.svg
533841,MASTERCARD,DEBIT,PREPAID,"EGYPTIAN BANKS CO. FOR TECHNOLOGICAL ADVANCEMENT, S.A.E.",,,EG,EGY,EGYPT,ebc-egypt.com,https://img.logo.dev/ebc-egypt.com?format=png&size=400
533861,MASTERCARD,DEBIT,PREPAID,UAE EXCHANGE CENTRE LLC,+97142617575,http://www.uaeexchange.com,AE,ARE,UNITED ARAB EMIRATES,uaeexchange.com,https://img.logo.dev/uaeexchange.com?format=png&size=400
533940,MASTERCARD,CREDIT,WORLD,RIYAD BANK,,http://www.riyadbank.com,SA,SAU,SAUDI ARABIA,riyadbank.com,https://commons.wikimedia.org/wiki/File:Riyad_Bank_logo.svg
533960,MASTERCARD,CREDIT,STANDARD,ARAB FINANCIAL SERVICES COMPANY B.S.C. (C),,,BH,BHR,BAHRAIN,afs.com.bh,https://img.logo.dev/afs.com.bh?format=png&size=400
533964,MASTERCARD,CREDIT,WORLD ELITE,THE SAUDI NATIONAL BANK,,,SA,SAU,SAUDI ARABIA,alahli.com,https://commons.wikimedia.org/wiki/File:Saudi_National_Bank_Logo.svg
533988,MASTERCARD,DEBIT,PREPAID,JORDAN AHLI BANK,+96265007777,http://www.ahli.com,JO,JOR,JORDAN,ahlibank.com.jo,https://commons.wikimedia.org/wiki/File:Jordan_Ahli_Bank_logo.svg
534138,MASTERCARD,DEBIT,PREPAID,"EGYPTIAN BANKS CO. FOR TECHNOLOGICAL ADVANCEMENT, S.A.E.",,,EG,EGY,EGYPT,ebc-egypt.com,https://img.logo.dev/ebc-egypt.com?format=png&size=400
534143,MASTERCARD,DEBIT,PREPAID RELOADABLE,ALQASEH FOR FINANCIAL SERVICES AND ELECTRONIC PAYMENT,,,IQ,IRQ,IRAQ,,
534157,MASTERCARD,CREDIT,,,,,SY,SYR,SYRIAN ARAB REPUBLIC,,
534159,MASTERCARD,CREDIT,PLATINUM,ABU DHABI COMMERCIAL BANK,+97126962222,http://www.adcb.com,AE,ARE,UNITED ARAB EMIRATES,adcb.com,https://commons.wikimedia.org/wiki/File:Abu_Dhabi_Commercial_Bank_Logo.svg
534168,MASTERCARD,CREDIT,CORPORATE WORLD,BAHRAIN ISLAMIC BANK B.S.C,,,BH,BHR,BAHRAIN,bisb.com,https://commons.wikimedia.org/wiki/File:BisB_logo.svg
534186,MASTERCARD,CREDIT,GOLD,NATIONAL COMMERCIAL BANK,,,SA,SAU,SAUDI ARABIA,alahli.com,https://commons.wikimedia.org/wiki/File:Saudi_National_Bank_Logo.svg
534192,MASTERCARD,CREDIT,GOLD,"SUEZ CANAL BANK, S.A.E.",,,EG,EGY,EGYPT,scbank.com.eg,https://commons.wikimedia.org/wiki/File:Suez_Canal_Bank_logo.svg
534227,MASTERCARD,DEBIT,STANDARD,BANK NIZWA SAOG,,,OM,OMN,OMAN,banknizwa.om,https://commons.wikimedia.org/wiki/File:Bank_Nizwa_logo.svg
534236,MASTERCARD,DEBIT,PREPAID RELOADABLE,"ISRAEL POSTAL BANK COMPANY, LTD.",,,IL,ISR,ISRAEL,,
534257,MASTERCARD,CREDIT,PLATINUM,FINANCE HOUSE L.L.C.,,,AE,ARE,UNITED ARAB EMIRATES,financehouse.ae,https://img.logo.dev/financehouse.ae?format=png&size=400
534295,MASTERCARD,CREDIT,PLATINUM,SAMBA FINANCIAL GROUP,+9718001242000,http://www.samba.com,AE,ARE,UNITED ARAB EMIRATES,alahli.com,https://commons.wikimedia.org/wiki/File:Saudi_National_Bank_Logo.svg
534298,MASTERCARD,CREDIT,,,,,SY,SYR,SYRIAN ARAB REPUBLIC,,
534318,MASTERCARD,DEBIT,PREPAID,AM BANK S.A.L.,,,LB,LBN,LEBANON,ambank.com.lb,https://img.logo.dev/ambank.com.lb?format=png&size=400
534329,MASTERCARD,CREDIT,PLATINUM,NATIONAL BANK OF RAS AL-KHAIMAH (RAKBANK),,,AE,ARE,UNITED ARAB EMIRATES,rakbank.ae,https://commons.wikimedia.org/wiki/File:Rakbank_logo.svg
534349,MASTERCARD,DEBIT,PREPAID,DUBAI ISLAMIC BANK PJSC,,,AE,ARE,UNITED ARAB EMIRATES,alislami.ae,https://commons.wikimedia.org/wiki/File:Dubai_Islamic_Bank_logo.svg
534398,MASTERCARD,DEBIT,STANDARD,AREEBA S.A.L,,,LB,LBN,LEBANON,areeba.com,https://img.logo.dev/areeba.com?format=png&size=400
534412,MASTERCARD,DEBIT,STANDARD,ELAF ISLAMIC BANK,,,IQ,IRQ,IRAQ,,
534416,MASTERCARD,DEBIT,STANDARD,YANA BANKING SERVICES COMPANY,,,IQ,IRQ,IRAQ,,
534417,MASTERCARD,DEBIT,STANDARD,BANK NIZWA SAOG,,,OM,OMN,OMAN,banknizwa.om,https://commons.wikimedia.org/wiki/File:Bank_Nizwa_logo.svg
534418,MASTERCARD,DEBIT,STANDARD,CAIRO AMMAN BANK PLC,,,JO,JOR,JORDAN,cab.jo,https://commons.wikimedia.org/wiki/File:Cairo_Amman_Bank_logo.svg
534419,MASTERCARD,DEBIT,STANDARD,SOCIETE ARABE INTERNATIONALE DE BANQUE,,,EG,EGY,EGYPT,abe.com.eg,https://img.logo.dev/abe.com.eg?format=png&size=400
534421,MASTERCARD,DEBIT,STANDARD,AREEBA S.A.L,,,LB,LBN,LEBANON,areeba.com,https://img.logo.dev/areeba.com?format=png&size=400
534427,MASTERCARD,DEBIT,PREPAID,NATIONAL BANK OF RAS AL-KHAIMAH (RAKBANK),,,AE,ARE,UNITED ARAB EMIRATES,rakbank.ae,https://commons.wikimedia.org/wiki/File:Rakbank_logo.svg
534428,MASTERCARD,DEBIT,PREPAID,COMMERCIAL INTERNATIONAL BANK (EGYPT) S.A.E.,971 - 4 - 3589381,http://www.cibeg.com,EG,EGY,EGYPT,cibeg.com,https://commons.wikimedia.org/wiki/File:CIB_Logo.svg
534453,MASTERCARD,DEBIT,PLATINUM,"SUEZ CANAL BANK, S.A.E.",,,EG,EGY,EGYPT,scbank.com.eg,https://commons.wikimedia.org/wiki/File:Suez_Canal_Bank_logo.svg
534459,MASTERCARD,DEBIT,STANDARD,"IRAQ ELECTRONIC GATE FOR FINANCIAL SERVICES CO, LTD.",,,IQ,IRQ,IRAQ,qicard.net,https://commons.wikimedia.org/wiki/File:Qi_card_logo.svg
534463,MASTERCARD,CREDIT,STANDARD,ARAB FINANCIAL SERVICES COMPANY B.S.C. (C),,,IQ,IRQ,IRAQ,afs.com.bh,https://img.logo.dev/afs.com.bh?format=png&size=400
534470,MASTERCARD,DEBIT,PREPAID,ARAB FINANCIAL SERVICES COMPANY B.S.C. (C),,,IQ,IRQ,IRAQ,afs.com.bh,https://img.logo.dev/afs.com.bh?format=png&size=400
534480,MASTERCARD,DEBIT,PREPAID WORLD,ARAB NATIONAL BANK,,,SA,SAU,SAUDI ARABIA,anb.com.sa,https://commons.wikimedia.org/wiki/File:Anb_new_logo.svg
534524,MASTERCARD,CREDIT,TITANIUM,UNITED COMPANY FOR FINANCIAL SERVICES,,,SA,SAU,SAUDI ARABIA,tasheel-finance.com,https://img.logo.dev/tasheel-finance.com?format=png&size=400
534556,MASTERCARD,CREDIT,WORLD ELITE,CAPITAL BANK OF JORDAN,,,JO,JOR,JORDAN,bankofjordan.com,https://commons.wikimedia.org/wiki/File:Bank_of_Jordan_logo.svg
534576,MASTERCARD,DEBIT,PREPAID PLATINUM TRAVEL,TULAN BEST MARKETING COMPANY,,,JO,JOR,JORDAN,,
534583,MASTERCARD,CREDIT,PLATINUM,ARAB FINANCIAL SERVICES COMPANY B.S.C. (C),,,IQ,IRQ,IRAQ,afs.com.bh,https://img.logo.dev/afs.com.bh?format=png&size=400
534589,MASTERCARD,DEBIT,PREPAID PLATINUM TRAVEL,TULAN BEST MARKETING COMPANY,,,JO,JOR,JORDAN,,
534590,MASTERCARD,CREDIT,STANDARD,MIDDLE EAST PAYMENT SERVICES LIMITED CO.,,,JO,JOR,JORDAN,meps.com.jo,https://img.logo.dev/meps.com.jo?format=png&size=400
534626,MASTERCARD,CREDIT,PLATINUM,NETWORK INTERNATIONAL LLC,,,AE,ARE,UNITED ARAB EMIRATES,network.ae,https://img.logo.dev/network.ae?format=png&size=400
534630,MASTERCARD,CREDIT,GOLD,YANA BANKING SERVICES COMPANY,,,IQ,IRQ,IRAQ,,
534634,MASTERCARD,CREDIT,WORLD,AL BARAKA ISLAMIC BANK B.S.C. (CLOSED),,,BH,BHR,BAHRAIN,albaraka.bh,https://commons.wikimedia.org/wiki/File:Al_Baraka_Bank_logo.svg
534673,MASTERCARD,CREDIT,STANDARD,CREDIT LIBANAIS S.A.L.,+9611900111,http://www.creditlibanais.com.lb,LB,LBN,LEBANON,creditlibanais.com,https://commons.wikimedia.org/wiki/File:Credit_Libanais_logo.svg
534675,MASTERCARD,CREDIT,TITANIUM,NETWORK INTERNATIONAL LLC,,,AE,ARE,UNITED ARAB EMIRATES,network.ae,https://img.logo.dev/network.ae?format=png&size=400
534686,MASTERCARD,CREDIT,CORPORATE,"SUEZ CANAL BANK, S.A.E.",,,EG,EGY,EGYPT,scbank.com.eg,https://commons.wikimedia.org/wiki/File:Suez_Canal_Bank_logo.svg
534725,MASTERCARD,CREDIT,PLATINUM,BANK LEUMI LE-ISRAEL BM,,,IL,ISR,ISRAEL,leumi.co.il,https://commons.wikimedia.org/wiki/File:Bank_Leumi_Logo.svg
534744,MASTERCARD,DEBIT,PREPAID,SOCIETE ARABE INTERNATIONALE DE BANQUE,,,EG,EGY,EGYPT,abe.com.eg,https://img.logo.dev/abe.com.eg?format=png&size=400
534746,MASTERCARD,CREDIT,TITANIUM,FIRST ABU DHABI BANK PJSC,+20225204375,https://www.bankfab.com,EG,EGY,EGYPT,bankfab.com,https://commons.wikimedia.org/wiki/File:First_Abu_Dhabi_Bank_Logo.svg
534787,MASTERCARD,DEBIT,WORLD,BARWA BANK,+97444088888,http://www.barwa.com.qa,QA,QAT,QATAR,dukhanbank.com,https://commons.wikimedia.org/wiki/File:Dukhan_Bank_logo.svg
534797,MASTERCARD,CREDIT,PLATINUM,THE SAUDI NATIONAL BANK,,,SA,SAU,SAUDI ARABIA,alahli.com,https://commons.wikimedia.org/wiki/File:Saudi_National_Bank_Logo.svg
534837,MASTERCARD,DEBIT,STANDARD,JORDAN AHLI BANK,+96265007777,http://www.ahli.com,JO,JOR,JORDAN,ahlibank.com.jo,https://commons.wikimedia.org/wiki/File:Jordan_Ahli_Bank_logo.svg
534977,MASTERCARD,DEBIT,PREPAID,"IRAQ ELECTRONIC GATE FOR FINANCIAL SERVICES CO, LTD.",,,IQ,IRQ,IRAQ,qicard.net,https://commons.wikimedia.org/wiki/File:Qi_card_logo.svg
535021,MASTERCARD,DEBIT,PLATINUM,NATIONAL BANK OF RAS AL-KHAIMAH (RAKBANK),,,AE,ARE,UNITED ARAB EMIRATES,rakbank.ae,https://commons.wikimedia.org/wiki/File:Rakbank_logo.svg
535039,MASTERCARD,DEBIT,STANDARD,CSCBANK SAL,,,IQ,IRQ,IRAQ,cscbank.com,https://img.logo.dev/cscbank.com?format=png&size=400
535090,MASTERCARD,CREDIT,PLATINUM,CAPITAL BANK OF JORDAN,,,JO,JOR,JORDAN,bankofjordan.com,https://commons.wikimedia.org/wiki/File:Bank_of_Jordan_logo.svg
535107,MASTERCARD,CREDIT,WORLD,FIRST ABU DHABI BANK PJSC,+971600525500,https://www.bankfab.com,AE,ARE,UNITED ARAB EMIRATES,bankfab.com,https://commons.wikimedia.org/wiki/File:First_Abu_Dhabi_Bank_Logo.svg
535110,MASTERCARD,DEBIT,STANDARD,"MAX IT FINANCE, LTD.",,,IL,ISR,ISRAEL,max.co.il,https://commons.wikimedia.org/wiki/File:Max_It_Finance_logo.svg
535311,MASTERCARD,CREDIT,PLATINUM,THE SAUDI NATIONAL BANK,,,SA,SAU,SAUDI ARABIA,alahli.com,https://commons.wikimedia.org/wiki/File:Saudi_National_Bank_Logo.svg
535529,MASTERCARD,DEBIT,STANDARD,ISRAEL CREDIT CARDS LTD.,,,IL,ISR,ISRAEL,cal-online.co.il,https://commons.wikimedia.org/wiki/File:Cal_Israel_Credit_Cards_logo.svg
535530,MASTERCARD,DEBIT,STANDARD,ISRAEL DISCOUNT BANK LTD.,,,IL,ISR,ISRAEL,discountbank.co.il,https://commons.wikimedia.org/wiki/File:Israel_Discount_Bank_Logo.svg
535738,MASTERCARD,DEBIT,STANDARD,BANK HAPOALIM B.M.,,,IL,ISR,ISRAEL,bankhapoalim.co.il,https://commons.wikimedia.org/wiki/File:Bank_Hapoalim_Logo.svg
535757,MASTERCARD,DEBIT,STANDARD,ISRACARD LTD.,,,IL,ISR,ISRAEL,isracard.co.il,https://commons.wikimedia.org/wiki/File:Isracard_logo.svg
535821,MASTERCARD,CREDIT,GOLD,CREDIT LIBANAIS S.A.L.,+9611900111,http://www.creditlibanais.com.lb,LB,LBN,LEBANON,creditlibanais.com,https://commons.wikimedia.org/wiki/File:Credit_Libanais_logo.svg
535825,MASTERCARD,DEBIT,TITANIUM,THE SAUDI NATIONAL BANK,,,SA,SAU,SAUDI ARABIA,alahli.com,https://commons.wikimedia.org/wiki/File:Saudi_National_Bank_Logo.svg
535849,MASTERCARD,DEBIT,STANDARD,COMMERCIAL BANK OF QATAR Q.S.C,,,QA,QAT,QATAR,cbq.qa,https://commons.wikimedia.org/wiki/File:Commercial_Bank_of_Qatar_Logo.svg
535868,MASTERCARD,DEBIT,PREMIUM,COMMERCIAL BANK OF QATAR Q.S.C,,,QA,QAT,QATAR,cbq.qa,https://commons.wikimedia.org/wiki/File:Commercial_Bank_of_Qatar_Logo.svg
535922,MASTERCARD,DEBIT,PREPAID,"IRAQ ELECTRONIC GATE FOR FINANCIAL SERVICES CO, LTD.",,,IQ,IRQ,IRAQ,qicard.net,https://commons.wikimedia.org/wiki/File:Qi_card_logo.svg
535945,MASTERCARD,DEBIT,PLATINUM,COMMERCIAL INTERNATIONAL BANK (EGYPT) S.A.E.,971 - 4 - 3589381,http://www.cibeg.com,EG,EGY,EGYPT,cibeg.com,https://commons.wikimedia.org/wiki/File:CIB_Logo.svg
535951,MASTERCARD,CREDIT,,,,,SY,SYR,SYRIAN ARAB REPUBLIC,,
535952,MASTERCARD,DEBIT,STANDARD,CSCBANK SAL,,,LB,LBN,LEBANON,cscbank.com,https://img.logo.dev/cscbank.com?format=png&size=400
535954,MASTERCARD,DEBIT,STANDARD,ABU DHABI ISLAMIC BANK,,http://www.adib.ae,EG,EGY,EGYPT,adib.ae,https://commons.wikimedia.org/wiki/File:Abu_Dhabi_Islamic_Bank_Logo.svg
535966,MASTERCARD,DEBIT,STANDARD,GULF BANK K.S.C.,,http://www.gulfbank.com,KW,KWT,KUWAIT,e-gulfbank.com,https://commons.wikimedia.org/wiki/File:Gulf_Bank_Kuwait_logo.svg
535967,MASTERCARD,DEBIT,STANDARD,BANQUE LIBANO - FRANCAISE S.A.L.,,,LB,LBN,LEBANON,,
535979,MASTERCARD,CREDIT,CORPORATE,HSBC BANK MIDDLE EAST,+97142241000,http://www.hsbc.ae,AE,ARE,UNITED ARAB EMIRATES,hsbc.com,https://commons.wikimedia.org/wiki/File:HSBC_logo_(2018).svg
535981,MASTERCARD,DEBIT,PLATINUM,NATIONAL BANK OF OMAN (SAOG),,,OM,OMN,OMAN,nbo.om,https://commons.wikimedia.org/wiki/File:National_Bank_of_Oman_logo.svg
535987,MASTERCARD,DEBIT,WORLD ELITE,FIRST ABU DHABI BANK PJSC,+971600525500,https://www.bankfab.com,AE,ARE,UNITED ARAB EMIRATES,bankfab.com,https://commons.wikimedia.org/wiki/File:First_Abu_Dhabi_Bank_Logo.svg
535989,MASTERCARD,DEBIT,WORLD,RIYAD BANK,,http://www.riyadbank.com,SA,SAU,SAUDI ARABIA,riyadbank.com,https://commons.wikimedia.org/wiki/File:Riyad_Bank_logo.svg
535996,MASTERCARD,DEBIT,WORLD,FIRST ABU DHABI BANK PJSC,+971600525500,https://www.bankfab.com,AE,ARE,UNITED ARAB EMIRATES,bankfab.com,https://commons.wikimedia.org/wiki/File:First_Abu_Dhabi_Bank_Logo.svg
536023,MASTERCARD,DEBIT,WORLD,RIYAD BANK,,http://www.riyadbank.com,SA,SAU,SAUDI ARABIA,riyadbank.com,https://commons.wikimedia.org/wiki/File:Riyad_Bank_logo.svg
536026,MASTERCARD,DEBIT,,BANK NIZWA SAOG,,,OM,OMN,OMAN,banknizwa.om,https://commons.wikimedia.org/wiki/File:Bank_Nizwa_logo.svg
536028,MASTERCARD,DEBIT,TITANIUM,ALIZZ ISLAMIC BANK SAOG,,,OM,OMN,OMAN,alizzislamic.com,https://img.logo.dev/alizzislamic.com?format=png&size=400
536033,MASTERCARD,DEBIT,PLATINUM,NATIONAL BANK OF OMAN (SAOG),,,OM,OMN,OMAN,nbo.om,https://commons.wikimedia.org/wiki/File:National_Bank_of_Oman_logo.svg
536044,MASTERCARD,DEBIT,PREPAID RELOADABLE,QATAR ISLAMIC BANK,,,QA,QAT,QATAR,qib.com.qa,https://commons.wikimedia.org/wiki/File:Qatar_Islamic_Bank_Logo.svg
536047,MASTERCARD,CREDIT,WORLD,"BURGAN BANK, S.A.K.",+9651804080,http://www.burgan.com,KW,KWT,KUWAIT,burgan.com,https://commons.wikimedia.org/wiki/File:Burgan_Bank_logo.svg
536084,MASTERCARD,DEBIT,PREPAID PLATINUM TRAVEL,INFINIOS FINANCIAL SERVICES B.S.C. CLOSED,,,BH,BHR,BAHRAIN,infinios.com,https://img.logo.dev/infinios.com?format=png&size=400
536103,MASTERCARD,DEBIT,PREPAID,MASTERCARD - PROCESSING MEA,,,AE,ARE,UNITED ARAB EMIRATES,mastercard.com,https://commons.wikimedia.org/wiki/File:Mastercard-logo.svg
536122,MASTERCARD,DEBIT,PREPAID PLATINUM TRAVEL,JORDAN KUWAIT BANK,,http://www.jordan-kuwait-bank.com,JO,JOR,JORDAN,jkb.com,https://commons.wikimedia.org/wiki/File:Jordan_Kuwait_Bank_logo.svg
536152,MASTERCARD,CREDIT,BUSINESS,BANK LEUMI LE-ISRAEL BM,,,IL,ISR,ISRAEL,leumi.co.il,https://commons.wikimedia.org/wiki/File:Bank_Leumi_Logo.svg
536162,MASTERCARD,DEBIT,STANDARD,CAIRO AMMAN BANK PLC,,,PS,PSE,"PALESTINIAN TERRITORY, OCCUPIED",cab.jo,https://commons.wikimedia.org/wiki/File:Cairo_Amman_Bank_logo.svg
536195,MASTERCARD,DEBIT,WORLD,ABU DHABI ISLAMIC BANK,,http://www.adib.ae,EG,EGY,EGYPT,adib.ae,https://commons.wikimedia.org/wiki/File:Abu_Dhabi_Islamic_Bank_Logo.svg
536214,MASTERCARD,CREDIT,BUSINESS,NYMCARD PAYMENT SERVICES LLC,,,AE,ARE,UNITED ARAB EMIRATES,nymcard.com,https://img.logo.dev/nymcard.com?format=png&size=400
536237,MASTERCARD,DEBIT,PREPAID,JORDANIAN ELAF FOR INTEGRATED SOLUTIONS,,,JO,JOR,JORDAN,,
536253,MASTERCARD,CREDIT,WORLD BUSINESS,JORDAN AHLI BANK,+96265007777,http://www.ahli.com,JO,JOR,JORDAN,ahlibank.com.jo,https://commons.wikimedia.org/wiki/File:Jordan_Ahli_Bank_logo.svg
536259,MASTERCARD,DEBIT,PREPAID BUSINESS,FINANCE HOUSE L.L.C.,,,AE,ARE,UNITED ARAB EMIRATES,financehouse.ae,https://img.logo.dev/financehouse.ae?format=png&size=400
536272,MASTERCARD,CREDIT,BUSINESS,NATIONAL BANK OF RAS AL-KHAIMAH (RAKBANK),,,AE,ARE,UNITED ARAB EMIRATES,rakbank.ae,https://commons.wikimedia.org/wiki/File:Rakbank_logo.svg
536282,MASTERCARD,CREDIT,WORLD ELITE,ARAB BANK PLC,+97022953333,http://www.arabbank.jo,PS,PSE,"PALESTINIAN TERRITORY, OCCUPIED",arabbank.com,https://commons.wikimedia.org/wiki/File:Arab_Bank_logo.svg
536290,MASTERCARD,CREDIT,WORLD,CAIRO AMMAN BANK PLC,,,JO,JOR,JORDAN,cab.jo,https://commons.wikimedia.org/wiki/File:Cairo_Amman_Bank_logo.svg
536292,MASTERCARD,CREDIT,WORLD,INVESTBANK PLC,,,JO,JOR,JORDAN,investbank.jo,https://img.logo.dev/investbank.jo?format=png&size=400
536295,MASTERCARD,CREDIT,WORLD ELITE,ABU DHABI COMMERCIAL BANK,+97126962222,http://www.adcb.com,AE,ARE,UNITED ARAB EMIRATES,adcb.com,https://commons.wikimedia.org/wiki/File:Abu_Dhabi_Commercial_Bank_Logo.svg
536299,MASTERCARD,CREDIT,WORLD,CAIRO AMMAN BANK PLC,,,PS,PSE,"PALESTINIAN TERRITORY, OCCUPIED",cab.jo,https://commons.wikimedia.org/wiki/File:Cairo_Amman_Bank_logo.svg
536317,MASTERCARD,CREDIT,WORLD,NATIONAL BANK OF RAS AL-KHAIMAH (RAKBANK),,,AE,ARE,UNITED ARAB EMIRATES,rakbank.ae,https://commons.wikimedia.org/wiki/File:Rakbank_logo.svg
536321,MASTERCARD,CREDIT,WORLD,NETWORK INTERNATIONAL LLC,,,EG,EGY,EGYPT,network.ae,https://img.logo.dev/network.ae?format=png&size=400
536322,MASTERCARD,CREDIT,WORLD,KUWAIT FINANCE HOUSE K.S.C.,+9651803333,http://www.kfh.com,KW,KWT,KUWAIT,financehouse.ae,https://img.logo.dev/financehouse.ae?format=png&size=400
536325,MASTERCARD,CREDIT,WORLD,WARBA BANK K.S.C,,,KW,KWT,KUWAIT,warbabank.com,https://commons.wikimedia.org/wiki/File:Warba_Bank_logo.svg
536329,MASTERCARD,CREDIT,WORLD,ALIZZ ISLAMIC BANK SAOG,,,OM,OMN,OMAN,alizzislamic.com,https://img.logo.dev/alizzislamic.com?format=png&size=400
536331,MASTERCARD,DEBIT,STANDARD,MIDDLE EAST PAYMENT SERVICES LIMITED CO.,,,PS,PSE,"PALESTINIAN TERRITORY, OCCUPIED",meps.com.jo,https://img.logo.dev/meps.com.jo?format=png&size=400
536332,MASTERCARD,DEBIT,STANDARD,"EGYPTIAN BANKS CO. FOR TECHNOLOGICAL ADVANCEMENT, S.A.E.",,,EG,EGY,EGYPT,ebc-egypt.com,https://img.logo.dev/ebc-egypt.com?format=png&size=400
536335,MASTERCARD,DEBIT,STANDARD,DUKHAN BANK Q.P.S.C.,,,QA,QAT,QATAR,dukhanbank.com,https://commons.wikimedia.org/wiki/File:Dukhan_Bank_logo.svg
536336,MASTERCARD,DEBIT,STANDARD,NATIONAL BANK OF KUWAIT (S.A.K.),,,EG,EGY,EGYPT,nbk.com,https://commons.wikimedia.org/wiki/File:National_Bank_of_Kuwait_logo.svg
536339,MASTERCARD,DEBIT,STANDARD,CAIRO AMMAN BANK PLC,,,PS,PSE,"PALESTINIAN TERRITORY, OCCUPIED",cab.jo,https://commons.wikimedia.org/wiki/File:Cairo_Amman_Bank_logo.svg
536341,MASTERCARD,DEBIT,STANDARD,"EGYPTIAN BANKS CO. FOR TECHNOLOGICAL ADVANCEMENT, S.A.E.",,,EG,EGY,EGYPT,ebc-egypt.com,https://img.logo.dev/ebc-egypt.com?format=png&size=400
536346,MASTERCARD,DEBIT,STANDARD,CAIRO AMMAN BANK PLC,,,JO,JOR,JORDAN,cab.jo,https://commons.wikimedia.org/wiki/File:Cairo_Amman_Bank_logo.svg
536369,MASTERCARD,CREDIT,GOLD,THE SAUDI NATIONAL BANK,,,SA,SAU,SAUDI ARABIA,alahli.com,https://commons.wikimedia.org/wiki/File:Saudi_National_Bank_Logo.svg
536403,MASTERCARD,DEBIT,PREPAID RELOADABLE,YANA BANKING SERVICES COMPANY,,,IQ,IRQ,IRAQ,,
536406,MASTERCARD,CREDIT,STANDARD,ISRAEL CREDIT CARDS LTD.,,,IL,ISR,ISRAEL,cal-online.co.il,https://commons.wikimedia.org/wiki/File:Cal_Israel_Credit_Cards_logo.svg
536407,MASTERCARD,DEBIT,STANDARD,ISRAEL CREDIT CARDS LTD.,,,IL,ISR,ISRAEL,cal-online.co.il,https://commons.wikimedia.org/wiki/File:Cal_Israel_Credit_Cards_logo.svg
536434,MASTERCARD,DEBIT,PREPAID GOLD PAYROLL,PAYBY TECHNOLOGY PROJECTS LLC,,,AE,ARE,UNITED ARAB EMIRATES,,
536495,MASTERCARD,DEBIT,PREPAID PLATINUM TRAVEL,"IRAQ ELECTRONIC GATE FOR FINANCIAL SERVICES CO, LTD.",,,IQ,IRQ,IRAQ,qicard.net,https://commons.wikimedia.org/wiki/File:Qi_card_logo.svg
536509,MASTERCARD,CREDIT,STANDARD,DEEM FINANCE L.L.C.,,,AE,ARE,UNITED ARAB EMIRATES,deem.io,https://img.logo.dev/deem.io?format=png&size=400
536524,MASTERCARD,DEBIT,STANDARD,GULF BANK K.S.C.,,http://www.gulfbank.com,KW,KWT,KUWAIT,e-gulfbank.com,https://commons.wikimedia.org/wiki/File:Gulf_Bank_Kuwait_logo.svg
536547,MASTERCARD,DEBIT,BUSINESS,QATAR NATIONAL BANK,+97444622724,http://www.qnb.com.qa,QA,QAT,QATAR,qnb.com,https://commons.wikimedia.org/wiki/File:Qatar_National_Bank_Logo.svg
536567,MASTERCARD,CREDIT,WORLD ELITE FLEX,THE SAUDI NATIONAL BANK,,,SA,SAU,SAUDI ARABIA,alahli.com,https://commons.wikimedia.org/wiki/File:Saudi_National_Bank_Logo.svg
536572,MASTERCARD,DEBIT,PREPAID RELOADABLE,THE BANK OF JORDAN,,,JO,JOR,JORDAN,bankofjordan.com,https://commons.wikimedia.org/wiki/File:Bank_of_Jordan_logo.svg
536573,MASTERCARD,DEBIT,PREPAID,DUBAI ISLAMIC BANK PJSC,,,AE,ARE,UNITED ARAB EMIRATES,alislami.ae,https://commons.wikimedia.org/wiki/File:Dubai_Islamic_Bank_logo.svg
536578,MASTERCARD,DEBIT,PREPAID BUSINESS,MIDDLE EAST PAYMENT SERVICES LIMITED CO.,,,JO,JOR,JORDAN,meps.com.jo,https://img.logo.dev/meps.com.jo?format=png&size=400
536581,MASTERCARD,DEBIT,PREPAID BUSINESS,SAUDI BRITISH BANK,,http://www.sabb.com,SA,SAU,SAUDI ARABIA,sab.com,https://commons.wikimedia.org/wiki/File:Saudi_Awwal_Bank_Logo.svg
536625,MASTERCARD,DEBIT,PLATINUM,CSCBANK SAL,,,LB,LBN,LEBANON,cscbank.com,https://img.logo.dev/cscbank.com?format=png&size=400
536626,MASTERCARD,CREDIT,PLATINUM,CSCBANK SAL,,,LB,LBN,LEBANON,cscbank.com,https://img.logo.dev/cscbank.com?format=png&size=400
536627,MASTERCARD,DEBIT,WORLD ELITE,FIRST ABU DHABI BANK PJSC,+971600525500,https://www.bankfab.com,AE,ARE,UNITED ARAB EMIRATES,bankfab.com,https://commons.wikimedia.org/wiki/File:First_Abu_Dhabi_Bank_Logo.svg
536647,MASTERCARD,CREDIT,TITANIUM,SOCIETE ARABE INTERNATIONALE DE BANQUE,,,EG,EGY,EGYPT,abe.com.eg,https://img.logo.dev/abe.com.eg?format=png&size=400
536653,MASTERCARD,CREDIT,TITANIUM,AAFAQ ISLAMIC FINANCE PSC,,,AE,ARE,UNITED ARAB EMIRATES,aafaq.ae,https://img.logo.dev/aafaq.ae?format=png&size=400
536674,MASTERCARD,CREDIT,STANDARD,"IRAQ ELECTRONIC GATE FOR FINANCIAL SERVICES CO, LTD.",,,IQ,IRQ,IRAQ,qicard.net,https://commons.wikimedia.org/wiki/File:Qi_card_logo.svg
536675,MASTERCARD,DEBIT,PREPAID,ELAF ISLAMIC BANK,,,IQ,IRQ,IRAQ,,
536680,MASTERCARD,CREDIT,PLATINUM,"CITIBANK, N.A.",,https://www.citi.com,AE,ARE,UNITED ARAB EMIRATES,citibank.com,https://commons.wikimedia.org/wiki/File:Citibank.svg
536686,MASTERCARD,CREDIT,PLATINUM,"SUEZ CANAL BANK, S.A.E.",,,EG,EGY,EGYPT,scbank.com.eg,https://commons.wikimedia.org/wiki/File:Suez_Canal_Bank_logo.svg
536753,MASTERCARD,DEBIT,PREPAID,PAYMENT INTERNATIONAL ENTERPRISE BSC,,,BH,BHR,BAHRAIN,,
536773,MASTERCARD,DEBIT,STANDARD,"EGYPTIAN BANKS CO. FOR TECHNOLOGICAL ADVANCEMENT, S.A.E.",,,EG,EGY,EGYPT,ebc-egypt.com,https://img.logo.dev/ebc-egypt.com?format=png&size=400
536779,MASTERCARD,DEBIT,PREPAID,JORDAN KUWAIT BANK,,http://www.jordan-kuwait-bank.com,JO,JOR,JORDAN,jkb.com,https://commons.wikimedia.org/wiki/File:Jordan_Kuwait_Bank_logo.svg
536792,MASTERCARD,DEBIT,STANDARD,FIRST ABU DHABI BANK PJSC,+20225204375,https://www.bankfab.com,EG,EGY,EGYPT,bankfab.com,https://commons.wikimedia.org/wiki/File:First_Abu_Dhabi_Bank_Logo.svg
536813,MASTERCARD,CREDIT,PLATINUM,ARAB NATIONAL BANK,,,SA,SAU,SAUDI ARABIA,anb.com.sa,https://commons.wikimedia.org/wiki/File:Anb_new_logo.svg
536857,MASTERCARD,CREDIT,WORLD,ABU DHABI ISLAMIC BANK,,http://www.adib.ae,EG,EGY,EGYPT,adib.ae,https://commons.wikimedia.org/wiki/File:Abu_Dhabi_Islamic_Bank_Logo.svg
536868,MASTERCARD,DEBIT,STANDARD,NETWORK INTERNATIONAL LLC,,,AE,ARE,UNITED ARAB EMIRATES,network.ae,https://img.logo.dev/network.ae?format=png&size=400
536905,MASTERCARD,DEBIT,TITANIUM,"EGYPTIAN BANKS CO. FOR TECHNOLOGICAL ADVANCEMENT, S.A.E.",,,EG,EGY,EGYPT,ebc-egypt.com,https://img.logo.dev/ebc-egypt.com?format=png&size=400
536906,MASTERCARD,DEBIT,TITANIUM,CAIRO AMMAN BANK PLC,,,PS,PSE,"PALESTINIAN TERRITORY, OCCUPIED",cab.jo,https://commons.wikimedia.org/wiki/File:Cairo_Amman_Bank_logo.svg
536911,MASTERCARD,DEBIT,STANDARD,KURDISTAN INTERNATIONAL BANK FOR INVESTMENT AND DEVELOPMENT INC. P.S.C,,,IQ,IRQ,IRAQ,,
536923,MASTERCARD,CREDIT,PLATINUM,"BANK OF BEIRUT, SAL",,,LB,LBN,LEBANON,bankofbeirut.com,https://commons.wikimedia.org/wiki/File:Bank_of_Beirut_logo.svg
536926,MASTERCARD,CREDIT,PLATINUM,"BANK OF BEIRUT, SAL",,,LB,LBN,LEBANON,bankofbeirut.com,https://commons.wikimedia.org/wiki/File:Bank_of_Beirut_logo.svg
536968,MASTERCARD,CREDIT,STANDARD,KUWAIT INTERNATIONAL BANK,+9651866866,http://www.kib.com.kw,KW,KWT,KUWAIT,kib.com.kw,https://commons.wikimedia.org/wiki/File:Kuwait_International_Bank_logo.svg
537013,MASTERCARD,DEBIT,STANDARD,ARAB FINANCIAL SERVICES COMPANY B.S.C. (C),,,IQ,IRQ,IRAQ,afs.com.bh,https://img.logo.dev/afs.com.bh?format=png&size=400
537015,MASTERCARD,DEBIT,STANDARD,COMMERCIAL BANK OF KUWAIT S.A.K.,,,KW,KWT,KUWAIT,cbk.com,https://commons.wikimedia.org/wiki/File:Commercial_Bank_of_Kuwait_logo.svg
537016,MASTERCARD,DEBIT,STANDARD,KUWAIT FINANCE HOUSE K.S.C.,+9651803333,http://www.kfh.com,KW,KWT,KUWAIT,financehouse.ae,https://img.logo.dev/financehouse.ae?format=png&size=400
537017,MASTERCARD,DEBIT,TITANIUM,ARAB AFRICAN INTERNATIONAL BANK,+20224886679,http://www.aaib.com,EG,EGY,EGYPT,aaib.com,https://commons.wikimedia.org/wiki/File:Arab_African_International_Bank_Logo.svg
537020,MASTERCARD,DEBIT,STANDARD,CREDIT CARD SERVICES JORDAN,,,JO,JOR,JORDAN,,
537023,MASTERCARD,DEBIT,STANDARD,BANQUE MISR,+20223912150,http://www.banquemisr.com,EG,EGY,EGYPT,banquemisr.com,https://commons.wikimedia.org/wiki/File:Banque_Misr_logo.svg
537026,MASTERCARD,CREDIT,,,,,SY,SYR,SYRIAN ARAB REPUBLIC,,
537036,MASTERCARD,CREDIT,PLATINUM,FIRST ABU DHABI BANK PJSC,,https://www.bankfab.com,SA,SAU,SAUDI ARABIA,bankfab.com,https://commons.wikimedia.org/wiki/File:First_Abu_Dhabi_Bank_Logo.svg
537038,MASTERCARD,DEBIT,PREPAID,NATIONAL BANK OF RAS AL-KHAIMAH (RAKBANK),,,AE,ARE,UNITED ARAB EMIRATES,rakbank.ae,https://commons.wikimedia.org/wiki/File:Rakbank_logo.svg
537048,MASTERCARD,CREDIT,WORLD ELITE,AM BANK S.A.L.,,,LB,LBN,LEBANON,ambank.com.lb,https://img.logo.dev/ambank.com.lb?format=png&size=400
537052,MASTERCARD,DEBIT,STANDARD,AM BANK S.A.L.,,,LB,LBN,LEBANON,ambank.com.lb,https://img.logo.dev/ambank.com.lb?format=png&size=400
537055,MASTERCARD,CREDIT,PLATINUM,"SUEZ CANAL BANK, S.A.E.",,,EG,EGY,EGYPT,scbank.com.eg,https://commons.wikimedia.org/wiki/File:Suez_Canal_Bank_logo.svg
537070,MASTERCARD,CREDIT,TITANIUM,NETWORK INTERNATIONAL LLC,,,AE,ARE,UNITED ARAB EMIRATES,network.ae,https://img.logo.dev/network.ae?format=png&size=400
537077,MASTERCARD,DEBIT,TITANIUM,"SUEZ CANAL BANK, S.A.E.",,,EG,EGY,EGYPT,scbank.com.eg,https://commons.wikimedia.org/wiki/File:Suez_Canal_Bank_logo.svg
537079,MASTERCARD,DEBIT,BUSINESS,NATIONAL BANK OF RAS AL-KHAIMAH (RAKBANK),,,AE,ARE,UNITED ARAB EMIRATES,rakbank.ae,https://commons.wikimedia.org/wiki/File:Rakbank_logo.svg
537114,MASTERCARD,DEBIT,PREPAID BUSINESS,NATIONAL BANK OF RAS AL-KHAIMAH (RAKBANK),,,AE,ARE,UNITED ARAB EMIRATES,rakbank.ae,https://commons.wikimedia.org/wiki/File:Rakbank_logo.svg
537141,MASTERCARD,DEBIT,PREPAID PLATINUM TRAVEL,TULAN BEST MARKETING COMPANY,,,JO,JOR,JORDAN,,
537147,MASTERCARD,DEBIT,STANDARD,BANK LEUMI LE-ISRAEL BM,,,IL,ISR,ISRAEL,leumi.co.il,https://commons.wikimedia.org/wiki/File:Bank_Leumi_Logo.svg
537163,MASTERCARD,DEBIT,GOLD,BLOM BANK SAL,,,LB,LBN,LEBANON,blom.com.lb,https://commons.wikimedia.org/wiki/File:BLOM_Bank_logo.svg
537178,MASTERCARD,CREDIT,WORLD,STANDARD CHARTERED BANK,+97317531532,https://www.sc.com,BH,BHR,BAHRAIN,sc.com,https://commons.wikimedia.org/wiki/File:Standard_Chartered_(2021).svg
537194,MASTERCARD,CREDIT,WORLD,PALESTINE ISLAMIC BANK,,,PS,PSE,"PALESTINIAN TERRITORY, OCCUPIED",islamicbank.ps,https://commons.wikimedia.org/wiki/File:Palestine_Islamic_Bank_logo.svg
537207,MASTERCARD,DEBIT,PREPAID,UAE EXCHANGE CENTRE LLC,+97142617575,http://www.uaeexchange.com,AE,ARE,UNITED ARAB EMIRATES,uaeexchange.com,https://img.logo.dev/uaeexchange.com?format=png&size=400
537209,MASTERCARD,DEBIT,PREPAID PLATINUM TRAVEL,AL AHLI BANK OF KUWAIT (KSC),,,KW,KWT,KUWAIT,eahli.com,https://commons.wikimedia.org/wiki/File:Al_Ahli_Bank_of_Kuwait_logo.svg
537272,MASTERCARD,DEBIT,PREPAID RELOADABLE,NATIONAL BANK OF KUWAIT (S.A.K.),,,KW,KWT,KUWAIT,nbk.com,https://commons.wikimedia.org/wiki/File:National_Bank_of_Kuwait_logo.svg
537279,MASTERCARD,DEBIT,PREPAID RELOADABLE,INFINIOS FINANCIAL SERVICES B.S.C. CLOSED,,,BH,BHR,BAHRAIN,infinios.com,https://img.logo.dev/infinios.com?format=png&size=400
537432,MASTERCARD,DEBIT,STANDARD,ISRAEL CREDIT CARDS LTD.,,,IL,ISR,ISRAEL,cal-online.co.il,https://commons.wikimedia.org/wiki/File:Cal_Israel_Credit_Cards_logo.svg
537616,MASTERCARD,DEBIT,WORLD,NATIONAL BANK OF EGYPT,,http://www.nbe.com.eg,EG,EGY,EGYPT,nbe.com.eg,https://commons.wikimedia.org/wiki/File:National_Bank_of_Egypt_Logo.svg
537626,MASTERCARD,CREDIT,PLATINUM,BANK HAPOALIM B.M.,,,IL,ISR,ISRAEL,bankhapoalim.co.il,https://commons.wikimedia.org/wiki/File:Bank_Hapoalim_Logo.svg
537641,MASTERCARD,CREDIT,WORLD ELITE,"CITIBANK, N.A.",,https://www.citi.com,AE,ARE,UNITED ARAB EMIRATES,citibank.com,https://commons.wikimedia.org/wiki/File:Citibank.svg
537655,MASTERCARD,DEBIT,PREPAID,NYMCARD PAYMENT SERVICES LLC,,,AE,ARE,UNITED ARAB EMIRATES,nymcard.com,https://img.logo.dev/nymcard.com?format=png&size=400
537658,MASTERCARD,DEBIT,STANDARD,THE BANK OF JORDAN,,,JO,JOR,JORDAN,bankofjordan.com,https://commons.wikimedia.org/wiki/File:Bank_of_Jordan_logo.svg
537678,MASTERCARD,CREDIT,WORLD FOR BUSINESS,RIYAD BANK,,http://www.riyadbank.com,SA,SAU,SAUDI ARABIA,riyadbank.com,https://commons.wikimedia.org/wiki/File:Riyad_Bank_logo.svg
537680,MASTERCARD,DEBIT,UNEMBOSSED,BANK LEUMI LE-ISRAEL BM,,,IL,ISR,ISRAEL,leumi.co.il,https://commons.wikimedia.org/wiki/File:Bank_Leumi_Logo.svg
537700,MASTERCARD,CREDIT,WORLD ELITE,"CITIBANK, N.A.",,https://www.citi.com,AE,ARE,UNITED ARAB EMIRATES,citibank.com,https://commons.wikimedia.org/wiki/File:Citibank.svg
537707,MASTERCARD,CREDIT,WORLD,ABU DHABI ISLAMIC BANK P.J.S.C.,,,AE,ARE,UNITED ARAB EMIRATES,adib.ae,https://commons.wikimedia.org/wiki/File:Abu_Dhabi_Islamic_Bank_Logo.svg
537728,MASTERCARD,CREDIT,WORLD,ARAB FINANCIAL SERVICES COMPANY B.S.C. (C),,,BH,BHR,BAHRAIN,afs.com.bh,https://img.logo.dev/afs.com.bh?format=png&size=400
537767,MASTERCARD,DEBIT,TITANIUM,RIYAD BANK,,http://www.riyadbank.com,SA,SAU,SAUDI ARABIA,riyadbank.com,https://commons.wikimedia.org/wiki/File:Riyad_Bank_logo.svg
537790,MASTERCARD,CREDIT,WORLD ELITE,NATIONAL BANK OF KUWAIT (S.A.K.),,,KW,KWT,KUWAIT,nbk.com,https://commons.wikimedia.org/wiki/File:National_Bank_of_Kuwait_logo.svg
537791,MASTERCARD,CREDIT,WORLD ELITE,CSCBANK SAL,,,LB,LBN,LEBANON,cscbank.com,https://img.logo.dev/cscbank.com?format=png&size=400
537794,MASTERCARD,CREDIT,WORLD,JORDAN COMMERCIAL BANK,+96265203000,http://www.jcbank.com.jo,JO,JOR,JORDAN,jcbank.com.jo,https://img.logo.dev/jcbank.com.jo?format=png&size=400
537797,MASTERCARD,CREDIT,WORLD ELITE,ALIZZ ISLAMIC BANK SAOG,,,OM,OMN,OMAN,alizzislamic.com,https://img.logo.dev/alizzislamic.com?format=png&size=400
537799,MASTERCARD,CREDIT,WORLD ELITE,SAMBA FINANCIAL GROUP,+9668001242000,http://www.samba.com,SA,SAU,SAUDI ARABIA,alahli.com,https://commons.wikimedia.org/wiki/File:Saudi_National_Bank_Logo.svg
537806,MASTERCARD,CREDIT,WORLD ELITE,ARAB BANK FOR INVESTMENT & FOREIGN TRADE,,,AE,ARE,UNITED ARAB EMIRATES,,
537807,MASTERCARD,CREDIT,WORLD ELITE,ARAB BANK FOR INVESTMENT & FOREIGN TRADE,,,AE,ARE,UNITED ARAB EMIRATES,,
537808,MASTERCARD,CREDIT,WORLD ELITE,FIRST ABU DHABI BANK PJSC,+971600525500,https://www.bankfab.com,AE,ARE,UNITED ARAB EMIRATES,bankfab.com,https://commons.wikimedia.org/wiki/File:First_Abu_Dhabi_Bank_Logo.svg
537809,MASTERCARD,CREDIT,WORLD ELITE,FRANSABANK SAL,,,LB,LBN,LEBANON,fransabank.com,https://commons.wikimedia.org/wiki/File:Fransabank_logo.svg
537813,MASTERCARD,CREDIT,WORLD ELITE,CREDIMAX BSC (CLOSED),,,BH,BHR,BAHRAIN,max.co.il,https://commons.wikimedia.org/wiki/File:Max_It_Finance_logo.svg
537814,MASTERCARD,CREDIT,WORLD ELITE,ABU DHABI COMMERCIAL BANK,+97126962222,http://www.adcb.com,AE,ARE,UNITED ARAB EMIRATES,adcb.com,https://commons.wikimedia.org/wiki/File:Abu_Dhabi_Commercial_Bank_Logo.svg
537827,MASTERCARD,DEBIT,PREPAID PLATINUM TRAVEL,INFINIOS FINANCIAL SERVICES B.S.C. CLOSED,,,BH,BHR,BAHRAIN,infinios.com,https://img.logo.dev/infinios.com?format=png&size=400
537837,MASTERCARD,CREDIT,BUSINESS,ITHMAAR BANK B.S.C.,,,BH,BHR,BAHRAIN,ithmaarbank.com,https://commons.wikimedia.org/wiki/File:Ithmaar_Bank_logo.svg
537856,MASTERCARD,DEBIT,BUSINESS,AREEBA S.A.L,,,LB,LBN,LEBANON,areeba.com,https://img.logo.dev/areeba.com?format=png&size=400
537878,MASTERCARD,CREDIT,PLATINUM,THE SAUDI NATIONAL BANK,,,SA,SAU,SAUDI ARABIA,alahli.com,https://commons.wikimedia.org/wiki/File:Saudi_National_Bank_Logo.svg
537882,MASTERCARD,CREDIT,WORLD ELITE FLEX,AHLI UNITED BANK B.S.C.,+97317710559,http://www.ahliunited.com,BH,BHR,BAHRAIN,ahliunited.com,https://commons.wikimedia.org/wiki/File:Ahli_United_Bank_logo.svg
537896,MASTERCARD,DEBIT,PREPAID,ASIAHAWALA FOR NON-BANKING FINANCIAL SERVICES,,,IQ,IRQ,IRAQ,asiahawala.iq,https://img.logo.dev/asiahawala.iq?format=png&size=400
537951,MASTERCARD,CREDIT,WORLD,FIRST ABU DHABI BANK PJSC,+20225204375,https://www.bankfab.com,EG,EGY,EGYPT,bankfab.com,https://commons.wikimedia.org/wiki/File:First_Abu_Dhabi_Bank_Logo.svg
537979,MASTERCARD,DEBIT,PREPAID,DUBAI ISLAMIC BANK PJSC,,,AE,ARE,UNITED ARAB EMIRATES,alislami.ae,https://commons.wikimedia.org/wiki/File:Dubai_Islamic_Bank_logo.svg
537983,MASTERCARD,CREDIT,PLATINUM,NATIONAL BANK OF RAS AL-KHAIMAH (RAKBANK),,,AE,ARE,UNITED ARAB EMIRATES,rakbank.ae,https://commons.wikimedia.org/wiki/File:Rakbank_logo.svg
537995,MASTERCARD,CREDIT,PLATINUM,AL BARAKA ISLAMIC BANK B.S.C. (CLOSED),,,BH,BHR,BAHRAIN,albaraka.bh,https://commons.wikimedia.org/wiki/File:Al_Baraka_Bank_logo.svg
537996,MASTERCARD,DEBIT,PREPAID PLATINUM TRAVEL,NATIONAL BANK OF OMAN (SAOG),,,OM,OMN,OMAN,nbo.om,https://commons.wikimedia.org/wiki/File:National_Bank_of_Oman_logo.svg
537999,MASTERCARD,CREDIT,PLATINUM,FIRST ABU DHABI BANK PJSC,+971600525500,https://www.bankfab.com,AE,ARE,UNITED ARAB EMIRATES,bankfab.com,https://commons.wikimedia.org/wiki/File:First_Abu_Dhabi_Bank_Logo.svg
538000,MASTERCARD,DEBIT,PREPAID PLATINUM TRAVEL,INFINIOS FINANCIAL SERVICES B.S.C. CLOSED,,,BH,BHR,BAHRAIN,infinios.com,https://img.logo.dev/infinios.com?format=png&size=400
538006,MASTERCARD,CREDIT,PLATINUM,CAIRO AMMAN BANK PLC,,,JO,JOR,JORDAN,cab.jo,https://commons.wikimedia.org/wiki/File:Cairo_Amman_Bank_logo.svg
538094,MASTERCARD,DEBIT,PREPAID,NATIONAL BANK OF RAS AL-KHAIMAH (RAKBANK),,,AE,ARE,UNITED ARAB EMIRATES,rakbank.ae,https://commons.wikimedia.org/wiki/File:Rakbank_logo.svg
538105,MASTERCARD,DEBIT,STANDARD,COMMERCIAL INTERNATIONAL BANK (EGYPT) S.A.E.,971 - 4 - 3589381,http://www.cibeg.com,EG,EGY,EGYPT,cibeg.com,https://commons.wikimedia.org/wiki/File:CIB_Logo.svg
538123,MASTERCARD,DEBIT,STANDARD,NATIONAL BANK OF RAS AL-KHAIMAH (RAKBANK),,,AE,ARE,UNITED ARAB EMIRATES,rakbank.ae,https://commons.wikimedia.org/wiki/File:Rakbank_logo.svg
538135,MASTERCARD,CREDIT,PLATINUM,BANQUE SAUDI FRANSI,966 1 289 9999 OR 966 1 874 4000,http://www.alfransi.com.sa,SA,SAU,SAUDI ARABIA,alfransi.com.sa,https://commons.wikimedia.org/wiki/File:Banque_Saudi_Fransi_Logo.svg
538155,MASTERCARD,DEBIT,,MASTERCARD - PROCESSING MEA,,,AE,ARE,UNITED ARAB EMIRATES,mastercard.com,https://commons.wikimedia.org/wiki/File:Mastercard-logo.svg
538166,MASTERCARD,CREDIT,WORLD ELITE,ARAB BANK PLC,+97144450000,http://www.arabbank.jo,AE,ARE,UNITED ARAB EMIRATES,arabbank.com,https://commons.wikimedia.org/wiki/File:Arab_Bank_logo.svg
538167,MASTERCARD,CREDIT,PLATINUM,EMIRATES NBD,+971800456,http://www.emiratesnbd.com,AE,ARE,UNITED ARAB EMIRATES,emiratesnbd.com,https://commons.wikimedia.org/wiki/File:Emirates_NBD_logo.svg
538169,MASTERCARD,CREDIT,WORLD ELITE,AAFAQ ISLAMIC FINANCE PSC,,,AE,ARE,UNITED ARAB EMIRATES,aafaq.ae,https://img.logo.dev/aafaq.ae?format=png&size=400
538180,MASTERCARD,CREDIT,PLATINUM,MASHREQ BANK,,http://www.mashreqbank.com,QA,QAT,QATAR,mashreqbank.com,https://commons.wikimedia.org/wiki/File:Mashreq_bank_logo.svg
538189,MASTERCARD,CREDIT,EXECUTIVE BUSINESS,JORDANIAN ELAF FOR INTEGRATED SOLUTIONS,,,JO,JOR,JORDAN,,
538194,MASTERCARD,CREDIT,WORLD,EMIRATES NBD,+971800456,http://www.emiratesnbd.com,AE,ARE,UNITED ARAB EMIRATES,emiratesnbd.com,https://commons.wikimedia.org/wiki/File:Emirates_NBD_logo.svg
538331,MASTERCARD,DEBIT,,,,,IL,ISR,ISRAEL,,
538404,MASTERCARD,DEBIT,PREPAID,"ISRAEL POSTAL BANK COMPANY, LTD.",,,IL,ISR,ISRAEL,,
538415,MASTERCARD,DEBIT,PREPAID PLATINUM TRAVEL,EMIRATES NBD,+971800456,http://www.emiratesnbd.com,AE,ARE,UNITED ARAB EMIRATES,emiratesnbd.com,https://commons.wikimedia.org/wiki/File:Emirates_NBD_logo.svg
538425,MASTERCARD,DEBIT,PREPAID,COMMERCIAL BANK OF DUBAI,+97126268400,http://www.cbd.ae,AE,ARE,UNITED ARAB EMIRATES,cbd.ae,https://commons.wikimedia.org/wiki/File:Commercial_Bank_of_Dubai_logo.svg
538434,MASTERCARD,DEBIT,PREPAID,DUBAI ISLAMIC BANK PJSC,,,AE,ARE,UNITED ARAB EMIRATES,alislami.ae,https://commons.wikimedia.org/wiki/File:Dubai_Islamic_Bank_logo.svg
538448,MASTERCARD,DEBIT,PREPAID,EMIRATES NBD,+971800456,http://www.emiratesnbd.com,AE,ARE,UNITED ARAB EMIRATES,emiratesnbd.com,https://commons.wikimedia.org/wiki/File:Emirates_NBD_logo.svg
538461,MASTERCARD,DEBIT,PREPAID,EMIRATES NBD,+971800456,http://www.emiratesnbd.com,AE,ARE,UNITED ARAB EMIRATES,emiratesnbd.com,https://commons.wikimedia.org/wiki/File:Emirates_NBD_logo.svg
538462,MASTERCARD,DEBIT,PREPAID,EMIRATES NBD,+971800456,http://www.emiratesnbd.com,AE,ARE,UNITED ARAB EMIRATES,emiratesnbd.com,https://commons.wikimedia.org/wiki/File:Emirates_NBD_logo.svg
538463,MASTERCARD,DEBIT,PREPAID RELOADABLE,"ISRAEL POSTAL BANK COMPANY, LTD.",,,IL,ISR,ISRAEL,,
538464,MASTERCARD,DEBIT,PREPAID,"ISRAEL POSTAL BANK COMPANY, LTD.",,,IL,ISR,ISRAEL,,
538494,MASTERCARD,DEBIT,,,,,JO,JOR,JORDAN,,
538609,MASTERCARD,DEBIT,PREPAID,DUBAI ISLAMIC BANK PJSC,,,AE,ARE,UNITED ARAB EMIRATES,alislami.ae,https://commons.wikimedia.org/wiki/File:Dubai_Islamic_Bank_logo.svg
538610,MASTERCARD,DEBIT,PREPAID PLATINUM TRAVEL,COMMERCIAL BANK OF QATAR Q.S.C,,,QA,QAT,QATAR,cbq.qa,https://commons.wikimedia.org/wiki/File:Commercial_Bank_of_Qatar_Logo.svg
538611,MASTERCARD,DEBIT,PREPAID PLATINUM TRAVEL,DUKHAN BANK Q.P.S.C.,,,QA,QAT,QATAR,dukhanbank.com,https://commons.wikimedia.org/wiki/File:Dukhan_Bank_logo.svg
538711,MASTERCARD,CREDIT,CORPORATE WORLD,ARAB BANK FOR INVESTMENT & FOREIGN TRADE,,,AE,ARE,UNITED ARAB EMIRATES,,
538721,MASTERCARD,DEBIT,PREPAID PLATINUM TRAVEL,CREDIMAX BSC (CLOSED),,,BH,BHR,BAHRAIN,max.co.il,https://commons.wikimedia.org/wiki/File:Max_It_Finance_logo.svg
538776,MASTERCARD,CREDIT,BUSINESS,ARAB NATIONAL BANK,,,SA,SAU,SAUDI ARABIA,anb.com.sa,https://commons.wikimedia.org/wiki/File:Anb_new_logo.svg
538792,MASTERCARD,DEBIT,PREPAID BUSINESS,ALQASEH FOR FINANCIAL SERVICES AND ELECTRONIC PAYMENT,,,IQ,IRQ,IRAQ,,
538793,MASTERCARD,DEBIT,PLATINUM,CREDIT LIBANAIS S.A.L.,+9611900111,http://www.creditlibanais.com.lb,LB,LBN,LEBANON,creditlibanais.com,https://commons.wikimedia.org/wiki/File:Credit_Libanais_logo.svg
538845,MASTERCARD,DEBIT,STANDARD,THE BANK OF JORDAN,,,PS,PSE,"PALESTINIAN TERRITORY, OCCUPIED",bankofjordan.com,https://commons.wikimedia.org/wiki/File:Bank_of_Jordan_logo.svg
538854,MASTERCARD,CREDIT,,,,,SA,SAU,SAUDI ARABIA,,
538864,MASTERCARD,CREDIT,WORLD ELITE,NATIONAL BANK OF EGYPT,,http://www.nbe.com.eg,EG,EGY,EGYPT,nbe.com.eg,https://commons.wikimedia.org/wiki/File:National_Bank_of_Egypt_Logo.svg
538871,MASTERCARD,DEBIT,TITANIUM,CAIRO AMMAN BANK PLC,,,JO,JOR,JORDAN,cab.jo,https://commons.wikimedia.org/wiki/File:Cairo_Amman_Bank_logo.svg
538881,MASTERCARD,CREDIT,WORLD BUSINESS,JORDANIAN ELAF FOR INTEGRATED SOLUTIONS,,,JO,JOR,JORDAN,,
538987,MASTERCARD,CREDIT,PLATINUM,ARAB JORDAN INVESTMENT BANK,,,JO,JOR,JORDAN,ajib.com,https://img.logo.dev/ajib.com?format=png&size=400
539034,MASTERCARD,CREDIT,GOLD,THE SAUDI NATIONAL BANK,,,SA,SAU,SAUDI ARABIA,alahli.com,https://commons.wikimedia.org/wiki/File:Saudi_National_Bank_Logo.svg
539035,MASTERCARD,CREDIT,STANDARD,THE SAUDI NATIONAL BANK,,,SA,SAU,SAUDI ARABIA,alahli.com,https://commons.wikimedia.org/wiki/File:Saudi_National_Bank_Logo.svg
539065,MASTERCARD,CREDIT,WORLD FOR BUSINESS,BANK AL ETIHAD,,,JO,JOR,JORDAN,bankaletihad.com,https://commons.wikimedia.org/wiki/File:Bank_al_Etihad_logo.svg
539096,MASTERCARD,DEBIT,PREPAID,BANQUE LIBANO - FRANCAISE SAL,,,LB,LBN,LEBANON,,
539104,MASTERCARD,DEBIT,PREPAID,NATIONAL BANK OF EGYPT,,http://www.nbe.com.eg,EG,EGY,EGYPT,nbe.com.eg,https://commons.wikimedia.org/wiki/File:National_Bank_of_Egypt_Logo.svg
539150,MASTERCARD,DEBIT,TITANIUM,BANK NIZWA SAOG,,,OM,OMN,OMAN,banknizwa.om,https://commons.wikimedia.org/wiki/File:Bank_Nizwa_logo.svg
539167,MASTERCARD,DEBIT,PREPAID,ALEXBANK,1 9 0 3 3,http://www.alexbank.com,EG,EGY,EGYPT,alexbank.com,https://commons.wikimedia.org/wiki/File:Alexbank_logo.svg
539179,MASTERCARD,DEBIT,PREPAID,BANK DHOFAR SAOG,,,OM,OMN,OMAN,bankdhofar.com,https://commons.wikimedia.org/wiki/File:Bank_Dhofar_logo.svg
539182,MASTERCARD,DEBIT,PREPAID,FINANCE HOUSE L.L.C.,,,AE,ARE,UNITED ARAB EMIRATES,financehouse.ae,https://img.logo.dev/financehouse.ae?format=png&size=400
539187,MASTERCARD,DEBIT,PREPAID,AL JANOOB ISLAMIC BANK FOR INVESTMENT AND FINANCE,,,IQ,IRQ,IRAQ,jib.iq,https://img.logo.dev/jib.iq?format=png&size=400
539188,MASTERCARD,DEBIT,TITANIUM,BANK NIZWA SAOG,,,OM,OMN,OMAN,banknizwa.om,https://commons.wikimedia.org/wiki/File:Bank_Nizwa_logo.svg
539193,MASTERCARD,DEBIT,PLATINUM,ARAB BANK FOR INVESTMENT & FOREIGN TRADE,,,AE,ARE,UNITED ARAB EMIRATES,,
539200,MASTERCARD,DEBIT,STANDARD,FRANSABANK S.A.L.,,http://www.fransabank.com,IQ,IRQ,IRAQ,fransabank.com,https://commons.wikimedia.org/wiki/File:Fransabank_logo.svg
539207,MASTERCARD,DEBIT,TITANIUM,ABU DHABI ISLAMIC BANK,,http://www.adib.ae,EG,EGY,EGYPT,adib.ae,https://commons.wikimedia.org/wiki/File:Abu_Dhabi_Islamic_Bank_Logo.svg
539213,MASTERCARD,CREDIT,PLATINUM,BANK LEUMI LE-ISRAEL BM,,,IL,ISR,ISRAEL,leumi.co.il,https://commons.wikimedia.org/wiki/File:Bank_Leumi_Logo.svg
539255,MASTERCARD,DEBIT,PREPAID,CSCBANK SAL,,,IQ,IRQ,IRAQ,cscbank.com,https://img.logo.dev/cscbank.com?format=png&size=400
539256,MASTERCARD,CREDIT,WORLD ELITE,BANK OF PALESTINE LTD.,,,PS,PSE,"PALESTINIAN TERRITORY, OCCUPIED",bankofpalestine.com,https://commons.wikimedia.org/wiki/File:Bank_of_Palestine_logo.svg
539259,MASTERCARD,DEBIT,PREPAID,"IDT FINANCIAL SERVICES, LTD.",,http://www.idtfinance.com,IL,ISR,ISRAEL,idtfinance.com,https://img.logo.dev/idtfinance.com?format=png&size=400
539264,MASTERCARD,CREDIT,WORLD FOR BUSINESS,DOHA BANK Q.S.C,,,QA,QAT,QATAR,dohabank.com,https://commons.wikimedia.org/wiki/File:Doha_Bank_logo.svg
539269,MASTERCARD,CREDIT,WORLD FOR BUSINESS,SOCIETE GENERALE DE BANQUE AU LIBAN S.A.L.,1274477777,http://www.sgbl.com.lb,LB,LBN,LEBANON,sgbl.com.lb,https://commons.wikimedia.org/wiki/File:SGBL_logo.svg
539281,MASTERCARD,DEBIT,TITANIUM,KUWAIT INTERNATIONAL BANK,+9651866866,http://www.kib.com.kw,KW,KWT,KUWAIT,kib.com.kw,https://commons.wikimedia.org/wiki/File:Kuwait_International_Bank_logo.svg
539386,MASTERCARD,DEBIT,PREPAID,COMMERCIAL BANK OF QATAR Q.S.C,,,QA,QAT,QATAR,cbq.qa,https://commons.wikimedia.org/wiki/File:Commercial_Bank_of_Qatar_Logo.svg
539399,MASTERCARD,CREDIT,TITANIUM,NATIONAL BANK OF EGYPT,,http://www.nbe.com.eg,EG,EGY,EGYPT,nbe.com.eg,https://commons.wikimedia.org/wiki/File:National_Bank_of_Egypt_Logo.svg
539402,MASTERCARD,CREDIT,WORLD ELITE FOR BUSINESS,ALEXBANK,1 9 0 3 3,http://www.alexbank.com,EG,EGY,EGYPT,alexbank.com,https://commons.wikimedia.org/wiki/File:Alexbank_logo.svg
539433,MASTERCARD,CREDIT,BUSINESS,ALEXBANK,1 9 0 3 3,http://www.alexbank.com,EG,EGY,EGYPT,alexbank.com,https://commons.wikimedia.org/wiki/File:Alexbank_logo.svg
539436,MASTERCARD,DEBIT,STANDARD,AL HILAL BANK PJSC,,,AE,ARE,UNITED ARAB EMIRATES,alhilalbank.ae,https://commons.wikimedia.org/wiki/File:Al_Hilal_Bank_logo.svg
539438,MASTERCARD,DEBIT,PREPAID,COMMERCIAL INTERNATIONAL BANK (EGYPT) S.A.E.,971 - 4 - 3589381,http://www.cibeg.com,EG,EGY,EGYPT,cibeg.com,https://commons.wikimedia.org/wiki/File:CIB_Logo.svg
539450,MASTERCARD,CREDIT,STANDARD,"IRAQ ELECTRONIC GATE FOR FINANCIAL SERVICES CO, LTD.",,,IQ,IRQ,IRAQ,qicard.net,https://commons.wikimedia.org/wiki/File:Qi_card_logo.svg
539462,MASTERCARD,DEBIT,WORLD,AL HILAL BANK PJSC,,,AE,ARE,UNITED ARAB EMIRATES,alhilalbank.ae,https://commons.wikimedia.org/wiki/File:Al_Hilal_Bank_logo.svg
539491,MASTERCARD,DEBIT,PREPAID,BANQUE MISR,+20223912150,http://www.banquemisr.com,EG,EGY,EGYPT,banquemisr.com,https://commons.wikimedia.org/wiki/File:Banque_Misr_logo.svg
539493,MASTERCARD,DEBIT,PLATINUM,COMMERCIAL INTERNATIONAL BANK (EGYPT) S.A.E.,971 - 4 - 3589381,http://www.cibeg.com,EG,EGY,EGYPT,cibeg.com,https://commons.wikimedia.org/wiki/File:CIB_Logo.svg
539519,MASTERCARD,DEBIT,PREPAID PLATINUM TRAVEL,COMMERCIAL INTERNATIONAL BANK (EGYPT) S.A.E.,971 - 4 - 3589381,http://www.cibeg.com,EG,EGY,EGYPT,cibeg.com,https://commons.wikimedia.org/wiki/File:CIB_Logo.svg
539540,MASTERCARD,DEBIT,BUSINESS,BANK NIZWA SAOG,,,OM,OMN,OMAN,banknizwa.om,https://commons.wikimedia.org/wiki/File:Bank_Nizwa_logo.svg
539548,MASTERCARD,DEBIT,PREPAID,,,,AE,ARE,UNITED ARAB EMIRATES,,
539552,MASTERCARD,CREDIT,TITANIUM,AGRICULTURAL BANK EGYPT,,,EG,EGY,EGYPT,abe.com.eg,https://img.logo.dev/abe.com.eg?format=png&size=400
539560,MASTERCARD,DEBIT,PREPAID PLATINUM TRAVEL,MPOWER (INTERNAL ONLY),,,AE,ARE,UNITED ARAB EMIRATES,,
539566,MASTERCARD,CREDIT,PLATINUM,NETWORK INTERNATIONAL LLC,,,AE,ARE,UNITED ARAB EMIRATES,network.ae,https://img.logo.dev/network.ae?format=png&size=400
539573,MASTERCARD,DEBIT,PREPAID BUSINESS,MPOWER (INTERNAL ONLY),,,AE,ARE,UNITED ARAB EMIRATES,,
539575,MASTERCARD,DEBIT,PREPAID BUSINESS,MPOWER (INTERNAL ONLY),,,SA,SAU,SAUDI ARABIA,,
539584,MASTERCARD,DEBIT,PREPAID PLATINUM TRAVEL,MPOWER (INTERNAL ONLY),,,SA,SAU,SAUDI ARABIA,,
539606,MASTERCARD,CREDIT,PLATINUM,"INTERNATIONAL CARD CO., LTD.",,http://www.kartee.com.jo,JO,JOR,JORDAN,kartee.com.jo,https://img.logo.dev/kartee.com.jo?format=png&size=400
539624,MASTERCARD,DEBIT,PREPAID,NOOR ISLAMIC BANK,+97144268888,,AE,ARE,UNITED ARAB EMIRATES,,
539628,MASTERCARD,DEBIT,PREPAID,NOOR BANK PJSC,,,AE,ARE,UNITED ARAB EMIRATES,noorbank.com,https://commons.wikimedia.org/wiki/File:Noor_Bank_logo.svg
539648,MASTERCARD,CREDIT,PLATINUM,ARAB FINANCIAL SERVICES COMPANY B.S.C. (C),,,BH,BHR,BAHRAIN,afs.com.bh,https://img.logo.dev/afs.com.bh?format=png&size=400
539711,MASTERCARD,DEBIT,WORLD,AHLI UNITED BANK B.S.C.,+97317710559,http://www.ahliunited.com,BH,BHR,BAHRAIN,ahliunited.com,https://commons.wikimedia.org/wiki/File:Ahli_United_Bank_logo.svg
539737,MASTERCARD,CREDIT,CORPORATE,GULF INTERNATIONAL BANK BSC,,,SA,SAU,SAUDI ARABIA,gib.com,https://commons.wikimedia.org/wiki/File:Gulf_International_Bank_Logo.svg
539819,MASTERCARD,DEBIT,PREPAID PLATINUM TRAVEL,NATIONAL BANK OF KUWAIT (S.A.K.),,,KW,KWT,KUWAIT,nbk.com,https://commons.wikimedia.org/wiki/File:National_Bank_of_Kuwait_logo.svg
539826,MASTERCARD,DEBIT,PREPAID RELOADABLE,MIDDLE EAST PAYMENT SERVICES LIMITED CO.,,,JO,JOR,JORDAN,meps.com.jo,https://img.logo.dev/meps.com.jo?format=png&size=400
539829,MASTERCARD,CREDIT,STANDARD,SOCIETE ARABE INTERNATIONALE DE BANQUE,,,EG,EGY,EGYPT,abe.com.eg,https://img.logo.dev/abe.com.eg?format=png&size=400
539830,MASTERCARD,CREDIT,WORLD ELITE,HSBC BANK MIDDLE EAST,+97142241000,http://www.hsbc.ae,AE,ARE,UNITED ARAB EMIRATES,hsbc.com,https://commons.wikimedia.org/wiki/File:HSBC_logo_(2018).svg
539854,MASTERCARD,DEBIT,PREPAID,INTERNATIONAL SMART CARD LLC,,,IQ,IRQ,IRAQ,qicard.net,https://commons.wikimedia.org/wiki/File:Qi_card_logo.svg
539859,MASTERCARD,CREDIT,PLATINUM,RIYAD BANK,,http://www.riyadbank.com,SA,SAU,SAUDI ARABIA,riyadbank.com,https://commons.wikimedia.org/wiki/File:Riyad_Bank_logo.svg
539864,MASTERCARD,DEBIT,WORLD,COMMERCIAL INTERNATIONAL BANK (EGYPT) S.A.E.,971 - 4 - 3589381,http://www.cibeg.com,EG,EGY,EGYPT,cibeg.com,https://commons.wikimedia.org/wiki/File:CIB_Logo.svg
539872,MASTERCARD,DEBIT,PREPAID,EMIRATES NATIONAL BANK OF DUBAI S.A.E,,,EG,EGY,EGYPT,emiratesnbd.com,https://commons.wikimedia.org/wiki/File:Emirates_NBD_logo.svg
539878,MASTERCARD,CREDIT,STANDARD,INTERNATIONAL SMART CARD LLC,,,IQ,IRQ,IRAQ,qicard.net,https://commons.wikimedia.org/wiki/File:Qi_card_logo.svg
539885,MASTERCARD,CREDIT,WORLD FLEX,NATIONAL BANK OF BAHRAIN,,,BH,BHR,BAHRAIN,nbbonline.com,https://commons.wikimedia.org/wiki/File:National_Bank_of_Bahrain_logo.svg
539887,MASTERCARD,CREDIT,WORLD,COMMERCIAL BANK OF KUWAIT S.A.K.,,,KW,KWT,KUWAIT,cbk.com,https://commons.wikimedia.org/wiki/File:Commercial_Bank_of_Kuwait_logo.svg
539890,MASTERCARD,CREDIT,STANDARD,FIRST ABU DHABI BANK PJSC,+20225204375,https://www.bankfab.com,EG,EGY,EGYPT,bankfab.com,https://commons.wikimedia.org/wiki/File:First_Abu_Dhabi_Bank_Logo.svg
539895,MASTERCARD,CREDIT,TITANIUM,ARAB AFRICAN INTERNATIONAL BANK,+20224886679,http://www.aaib.com,EG,EGY,EGYPT,aaib.com,https://commons.wikimedia.org/wiki/File:Arab_African_International_Bank_Logo.svg
539920,MASTERCARD,DEBIT,STANDARD,SOCIETE GENERALE DE BANQUE AU LIBAN S.A.L.,1274477777,http://www.sgbl.com.lb,LB,LBN,LEBANON,sgbl.com.lb,https://commons.wikimedia.org/wiki/File:SGBL_logo.svg
539926,MASTERCARD,DEBIT,STANDARD,JORDAN COMMERCIAL BANK,+96265203000,http://www.jcbank.com.jo,JO,JOR,JORDAN,jcbank.com.jo,https://img.logo.dev/jcbank.com.jo?format=png&size=400
539931,MASTERCARD,DEBIT,STANDARD,ALAWWAL BANK,,,SA,SAU,SAUDI ARABIA,sab.com,https://commons.wikimedia.org/wiki/File:Saudi_Awwal_Bank_Logo.svg
539935,MASTERCARD,DEBIT,STANDARD,BANQUE MISR,+20223912150,http://www.banquemisr.com,EG,EGY,EGYPT,banquemisr.com,https://commons.wikimedia.org/wiki/File:Banque_Misr_logo.svg
539937,MASTERCARD,DEBIT,STANDARD,BANQUE MISR,+20223912150,http://www.banquemisr.com,EG,EGY,EGYPT,banquemisr.com,https://commons.wikimedia.org/wiki/File:Banque_Misr_logo.svg
539939,MASTERCARD,DEBIT,STANDARD,COMMERCIAL BANK OF DUBAI,+97126268400,http://www.cbd.ae,AE,ARE,UNITED ARAB EMIRATES,cbd.ae,https://commons.wikimedia.org/wiki/File:Commercial_Bank_of_Dubai_logo.svg
539951,MASTERCARD,CREDIT,PLATINUM,FIRST ABU DHABI BANK PJSC,,https://www.bankfab.com,SA,SAU,SAUDI ARABIA,bankfab.com,https://commons.wikimedia.org/wiki/File:First_Abu_Dhabi_Bank_Logo.svg
539961,MASTERCARD,CREDIT,STANDARD,THE HOUSING BANK FOR TRADE & FINANCE,,,JO,JOR,JORDAN,hbtf.com,https://commons.wikimedia.org/wiki/File:Housing_Bank_for_Trade_and_Finance_logo.svg
539963,MASTERCARD,CREDIT,STANDARD,CSCBANK SAL,,,LB,LBN,LEBANON,cscbank.com,https://img.logo.dev/cscbank.com?format=png&size=400
539969,MASTERCARD,DEBIT,WORLD,AL BARAKA ISLAMIC BANK B.S.C. (CLOSED),,,BH,BHR,BAHRAIN,albaraka.bh,https://commons.wikimedia.org/wiki/File:Al_Baraka_Bank_logo.svg
539980,MASTERCARD,DEBIT,TITANIUM,COMMERCIAL BANK INTERNATIONAL,+97142275265,http://www.cbiuae.com,AE,ARE,UNITED ARAB EMIRATES,cbiuae.com,https://img.logo.dev/cbiuae.com?format=png&size=400
539985,MASTERCARD,DEBIT,,CREDIT AGRICOLE EGYPT,,,EG,EGY,EGYPT,ca-egypt.com,https://commons.wikimedia.org/wiki/File:Cr%C3%A9dit_Agricole.svg
539987,MASTERCARD,DEBIT,STANDARD,FIRST ABU DHABI BANK PJSC,+971600525500,https://www.bankfab.com,AE,ARE,UNITED ARAB EMIRATES,bankfab.com,https://commons.wikimedia.org/wiki/File:First_Abu_Dhabi_Bank_Logo.svg
539999,MASTERCARD,DEBIT,TITANIUM,DUBAI ISLAMIC BANK PJSC,,,AE,ARE,UNITED ARAB EMIRATES,alislami.ae,https://commons.wikimedia.org/wiki/File:Dubai_Islamic_Bank_logo.svg
540000,MASTERCARD,CREDIT,GOLD,SAMBA FINANCIAL GROUP,+9668001242000,http://www.samba.com,SA,SAU,SAUDI ARABIA,alahli.com,https://commons.wikimedia.org/wiki/File:Saudi_National_Bank_Logo.svg
540013,MASTERCARD,DEBIT,STANDARD,BANK HAPOALIM B.M.,,,IL,ISR,ISRAEL,bankhapoalim.co.il,https://commons.wikimedia.org/wiki/File:Bank_Hapoalim_Logo.svg
540030,MASTERCARD,CREDIT,STANDARD,SOCIETE GENERALE DE BANQUE AU LIBAN S.A.L.,1274477777,http://www.sgbl.com.lb,LB,LBN,LEBANON,sgbl.com.lb,https://commons.wikimedia.org/wiki/File:SGBL_logo.svg
540044,MASTERCARD,CREDIT,CORPORATE,HSBC BANK MIDDLE EAST,+96880074722,http://www.hsbc.ae,OM,OMN,OMAN,hsbc.com,https://commons.wikimedia.org/wiki/File:HSBC_logo_(2018).svg
540048,MASTERCARD,CREDIT,CORPORATE PURCHASING,HSBC BANK MIDDLE EAST,+96880074722,http://www.hsbc.ae,OM,OMN,OMAN,hsbc.com,https://commons.wikimedia.org/wiki/File:HSBC_logo_(2018).svg
540090,MASTERCARD,CREDIT,WORLD ELITE,ABU DHABI ISLAMIC BANK P.J.S.C.,,,AE,ARE,UNITED ARAB EMIRATES,adib.ae,https://commons.wikimedia.org/wiki/File:Abu_Dhabi_Islamic_Bank_Logo.svg
540099,MASTERCARD,DEBIT,PREPAID,"NAYAX ISRAEL, LTD.",,,IL,ISR,ISRAEL,,
540102,MASTERCARD,CREDIT,,,,,SY,SYR,SYRIAN ARAB REPUBLIC,,
540121,MASTERCARD,CREDIT,EXECUTIVE BUSINESS,ABU DHABI ISLAMIC BANK P.J.S.C.,,,AE,ARE,UNITED ARAB EMIRATES,adib.ae,https://commons.wikimedia.org/wiki/File:Abu_Dhabi_Islamic_Bank_Logo.svg
540124,MASTERCARD,CREDIT,STANDARD,ISRACARD LTD.,,,IL,ISR,ISRAEL,isracard.co.il,https://commons.wikimedia.org/wiki/File:Isracard_logo.svg
540134,MASTERCARD,DEBIT,PREPAID,CSC OVERSEAS DEVELOPMENT LIMITED IRAQ BRANCH,,,IQ,IRQ,IRAQ,,
540156,MASTERCARD,DEBIT,PREPAID,HOUSING & DEVELOPMENT BANK,,,EG,EGY,EGYPT,,
540226,MASTERCARD,DEBIT,PREPAID,"BANK OF JERUSALEM, LTD.",,,IL,ISR,ISRAEL,,
540227,MASTERCARD,DEBIT,PREPAID,"BANK OF JERUSALEM, LTD.",,,IL,ISR,ISRAEL,,
540236,MASTERCARD,CREDIT,PLATINUM,SAUDI AWWAL BANK,,,SA,SAU,SAUDI ARABIA,sab.com,https://commons.wikimedia.org/wiki/File:Saudi_Awwal_Bank_Logo.svg
540254,MASTERCARD,DEBIT,PREPAID PLATINUM TRAVEL,BLOM BANK SAL,,,LB,LBN,LEBANON,blom.com.lb,https://commons.wikimedia.org/wiki/File:BLOM_Bank_logo.svg
540261,MASTERCARD,CREDIT,STANDARD,GULF BANK K.S.C.,1.800.223.2060,http://www.gulfbank.com,KW,KWT,KUWAIT,e-gulfbank.com,https://commons.wikimedia.org/wiki/File:Gulf_Bank_Kuwait_logo.svg
540273,MASTERCARD,CREDIT,PLATINUM,CREDIMAX BSC (CLOSED),,,BH,BHR,BAHRAIN,max.co.il,https://commons.wikimedia.org/wiki/File:Max_It_Finance_logo.svg
540281,MASTERCARD,CREDIT,PLATINUM,KUWAIT FINANCE HOUSE K.S.C.,+9651803333,http://www.kfh.com,KW,KWT,KUWAIT,financehouse.ae,https://img.logo.dev/financehouse.ae?format=png&size=400
540307,MASTERCARD,CREDIT,STANDARD,UNITED BANK S.E.A.,,,EG,EGY,EGYPT,,
540333,MASTERCARD,DEBIT,WORLD ELITE,SOCIETE ARABE INTERNATIONALE DE BANQUE,,,EG,EGY,EGYPT,abe.com.eg,https://img.logo.dev/abe.com.eg?format=png&size=400
540381,MASTERCARD,DEBIT,PREPAID BUSINESS,INFINIOS FINANCIAL SERVICES B.S.C. CLOSED,,,BH,BHR,BAHRAIN,infinios.com,https://img.logo.dev/infinios.com?format=png&size=400
540496,MASTERCARD,DEBIT,PREPAID,TULAN BEST MARKETING COMPANY,,,JO,JOR,JORDAN,,
540498,MASTERCARD,CREDIT,STANDARD,CAIRO AMMAN BANK PLC,,,JO,JOR,JORDAN,cab.jo,https://commons.wikimedia.org/wiki/File:Cairo_Amman_Bank_logo.svg
540549,MASTERCARD,CREDIT,CORPORATE PURCHASING,BANK MUSCAT (SAOG),,,OM,OMN,OMAN,bankmuscat.com,https://commons.wikimedia.org/wiki/File:Bank_Muscat_logo.svg
540607,MASTERCARD,CREDIT,,BANQUE MISR,+20223912150,http://www.banquemisr.com,EG,EGY,EGYPT,banquemisr.com,https://commons.wikimedia.org/wiki/File:Banque_Misr_logo.svg
540611,MASTERCARD,CREDIT,GOLD,JORDAN AHLI BANK,+96265007777,http://www.ahli.com,JO,JOR,JORDAN,ahlibank.com.jo,https://commons.wikimedia.org/wiki/File:Jordan_Ahli_Bank_logo.svg
540612,MASTERCARD,CREDIT,STANDARD,JORDAN AHLI BANK,+96265007777,http://www.ahli.com,JO,JOR,JORDAN,ahlibank.com.jo,https://commons.wikimedia.org/wiki/File:Jordan_Ahli_Bank_logo.svg
540613,MASTERCARD,CREDIT,GOLD,THE SAUDI NATIONAL BANK,,,SA,SAU,SAUDI ARABIA,alahli.com,https://commons.wikimedia.org/wiki/File:Saudi_National_Bank_Logo.svg
540632,MASTERCARD,CREDIT,STANDARD,BANQUE MISR,+20223912150,http://www.banquemisr.com,EG,EGY,EGYPT,banquemisr.com,https://commons.wikimedia.org/wiki/File:Banque_Misr_logo.svg
540645,MASTERCARD,DEBIT,BUSINESS,PAYBY TECHNOLOGY PROJECTS LLC,,,AE,ARE,UNITED ARAB EMIRATES,,
540649,MASTERCARD,CREDIT,PLATINUM,WARBA BANK K.S.C,,,KW,KWT,KUWAIT,warbabank.com,https://commons.wikimedia.org/wiki/File:Warba_Bank_logo.svg
540651,MASTERCARD,CREDIT,STANDARD,COMMERCIAL BANK OF QATAR Q.S.C,,,QA,QAT,QATAR,cbq.qa,https://commons.wikimedia.org/wiki/File:Commercial_Bank_of_Qatar_Logo.svg
540678,MASTERCARD,CREDIT,WORLD,EMIRATES NBD,+971800456,http://www.emiratesnbd.com,AE,ARE,UNITED ARAB EMIRATES,emiratesnbd.com,https://commons.wikimedia.org/wiki/File:Emirates_NBD_logo.svg
540683,MASTERCARD,CREDIT,PLATINUM,ARAB FINANCIAL SERVICES COMPANY B.S.C. (C),,,BH,BHR,BAHRAIN,afs.com.bh,https://img.logo.dev/afs.com.bh?format=png&size=400
540710,MASTERCARD,CREDIT,,LEBANON AND GULF BANK SAL,+9611965000,http://www.lgbbank.com,LB,LBN,LEBANON,e-gulfbank.com,https://commons.wikimedia.org/wiki/File:Gulf_Bank_Kuwait_logo.svg
540729,MASTERCARD,CREDIT,MIXED PRODUCT,NATIONAL BANK OF BAHRAIN,,,BH,BHR,BAHRAIN,nbbonline.com,https://commons.wikimedia.org/wiki/File:National_Bank_of_Bahrain_logo.svg
540759,MASTERCARD,DEBIT,PREPAID,"BURGAN BANK, S.A.K.",+9651804080,http://www.burgan.com,KW,KWT,KUWAIT,burgan.com,https://commons.wikimedia.org/wiki/File:Burgan_Bank_logo.svg
540762,MASTERCARD,CREDIT,GOLD,JORDAN KUWAIT BANK,,http://www.jordan-kuwait-bank.com,JO,JOR,JORDAN,jkb.com,https://commons.wikimedia.org/wiki/File:Jordan_Kuwait_Bank_logo.svg
540787,MASTERCARD,CREDIT,GOLD,BANQUE MISR,+20223912150,http://www.banquemisr.com,EG,EGY,EGYPT,banquemisr.com,https://commons.wikimedia.org/wiki/File:Banque_Misr_logo.svg
540808,MASTERCARD,DEBIT,PREPAID,EMIRATES NATIONAL BANK OF DUBAI S.A.E,,,EG,EGY,EGYPT,emiratesnbd.com,https://commons.wikimedia.org/wiki/File:Emirates_NBD_logo.svg
540896,MASTERCARD,DEBIT,PREPAID RELOADABLE,THE VAULTS INTERNATIONAL PAYMENT LLC,,,AE,ARE,UNITED ARAB EMIRATES,,
540898,MASTERCARD,CREDIT,WORLD,EMIRATES NBD,+971800456,http://www.emiratesnbd.com,AE,ARE,UNITED ARAB EMIRATES,emiratesnbd.com,https://commons.wikimedia.org/wiki/File:Emirates_NBD_logo.svg
540901,MASTERCARD,CREDIT,GOLD,ABU DHABI COMMERCIAL BANK,+97126962222,http://www.adcb.com,AE,ARE,UNITED ARAB EMIRATES,adcb.com,https://commons.wikimedia.org/wiki/File:Abu_Dhabi_Commercial_Bank_Logo.svg
540902,MASTERCARD,CREDIT,PLATINUM,SAMBA FINANCIAL GROUP,+9668001242000,http://www.samba.com,SA,SAU,SAUDI ARABIA,alahli.com,https://commons.wikimedia.org/wiki/File:Saudi_National_Bank_Logo.svg
540909,MASTERCARD,CREDIT,GOLD,HSBC BANK MIDDLE EAST,+97142241000,http://www.hsbc.ae,AE,ARE,UNITED ARAB EMIRATES,hsbc.com,https://commons.wikimedia.org/wiki/File:HSBC_logo_(2018).svg
540910,MASTERCARD,CREDIT,CORPORATE PURCHASING,HSBC BANK MIDDLE EAST,+96880074722,http://www.hsbc.ae,OM,OMN,OMAN,hsbc.com,https://commons.wikimedia.org/wiki/File:HSBC_logo_(2018).svg
540911,MASTERCARD,CREDIT,CORPORATE,HSBC BANK MIDDLE EAST,+96880074722,http://www.hsbc.ae,OM,OMN,OMAN,hsbc.com,https://commons.wikimedia.org/wiki/File:HSBC_logo_(2018).svg
540978,MASTERCARD,CREDIT,TITANIUM,EMIRATES NBD,+971800456,http://www.emiratesnbd.com,AE,ARE,UNITED ARAB EMIRATES,emiratesnbd.com,https://commons.wikimedia.org/wiki/File:Emirates_NBD_logo.svg
540987,MASTERCARD,DEBIT,PREPAID,UNITED BANK LIMITED (UBL),,http://www.ubl.com.pk,QA,QAT,QATAR,ubl.com.pk,https://img.logo.dev/ubl.com.pk?format=png&size=400
540995,MASTERCARD,DEBIT,PREPAID,ARAB PAYMENT SERVICES,,,IQ,IRQ,IRAQ,aps.iq,https://img.logo.dev/aps.iq?format=png&size=400
541007,MASTERCARD,DEBIT,PREPAID WORLD,GULF INTERNATIONAL BANK BSC,,,SA,SAU,SAUDI ARABIA,gib.com,https://commons.wikimedia.org/wiki/File:Gulf_International_Bank_Logo.svg
541043,MASTERCARD,CREDIT,BUSINESS,TWEEQ INTERNATIONAL COMPANY,,,SA,SAU,SAUDI ARABIA,tweeq.com,https://img.logo.dev/tweeq.com?format=png&size=400
541059,MASTERCARD,CREDIT,STANDARD,CSCBANK S.A.L.,+9611871245,http://www.ccm.com.lb,LB,LBN,LEBANON,cscbank.com,https://img.logo.dev/cscbank.com?format=png&size=400
541061,MASTERCARD,DEBIT,PREPAID,ARAB FINANCIAL SERVICES COMPANY B.S.C. (C),,,AE,ARE,UNITED ARAB EMIRATES,afs.com.bh,https://img.logo.dev/afs.com.bh?format=png&size=400
541107,MASTERCARD,CREDIT,,GULF BANK K.S.C.,1.800.223.2060,http://www.gulfbank.com,KW,KWT,KUWAIT,e-gulfbank.com,https://commons.wikimedia.org/wiki/File:Gulf_Bank_Kuwait_logo.svg
541136,MASTERCARD,DEBIT,PREPAID BUSINESS,NOOR BANK PJSC,,,AE,ARE,UNITED ARAB EMIRATES,noorbank.com,https://commons.wikimedia.org/wiki/File:Noor_Bank_logo.svg
541148,MASTERCARD,CREDIT,WORLD,BANK DHOFAR SAOG,,,OM,OMN,OMAN,bankdhofar.com,https://commons.wikimedia.org/wiki/File:Bank_Dhofar_logo.svg
541189,MASTERCARD,DEBIT,PREPAID BUSINESS,JORDANIAN ELAF FOR INTEGRATED SOLUTIONS,,,JO,JOR,JORDAN,,
541200,MASTERCARD,DEBIT,STANDARD,INTERNATIONAL SMART CARD LLC,,,IQ,IRQ,IRAQ,qicard.net,https://commons.wikimedia.org/wiki/File:Qi_card_logo.svg
541218,MASTERCARD,CREDIT,WORLD ELITE,BAHRAIN COMMERCIAL FACILITIES COMPANY BSC,,,BH,BHR,BAHRAIN,bahrainfacilities.com,https://img.logo.dev/bahrainfacilities.com?format=png&size=400
541261,MASTERCARD,CREDIT,STANDARD,BANKMED SAL,,,LB,LBN,LEBANON,bankmed.com.lb,https://commons.wikimedia.org/wiki/File:BankMed_logo.svg
541312,MASTERCARD,CREDIT,STANDARD,NATIONAL BANK OF KUWAIT (S.A.K.),,,KW,KWT,KUWAIT,nbk.com,https://commons.wikimedia.org/wiki/File:National_Bank_of_Kuwait_logo.svg
541313,MASTERCARD,CREDIT,TITANIUM,NATIONAL BANK OF KUWAIT (S.A.K.),,,KW,KWT,KUWAIT,nbk.com,https://commons.wikimedia.org/wiki/File:National_Bank_of_Kuwait_logo.svg
541318,MASTERCARD,CREDIT,TITANIUM,NATIONAL BANK OF KUWAIT (S.A.K.),,,KW,KWT,KUWAIT,nbk.com,https://commons.wikimedia.org/wiki/File:National_Bank_of_Kuwait_logo.svg
541350,MASTERCARD,DEBIT,WORLD ELITE,WARBA BANK K.S.C,,,KW,KWT,KUWAIT,warbabank.com,https://commons.wikimedia.org/wiki/File:Warba_Bank_logo.svg
541424,MASTERCARD,DEBIT,WORLD,"SUEZ CANAL BANK, S.A.E.",,,EG,EGY,EGYPT,scbank.com.eg,https://commons.wikimedia.org/wiki/File:Suez_Canal_Bank_logo.svg
541478,MASTERCARD,CREDIT,WORLD ELITE,AAFAQ ISLAMIC FINANCE PSC,,,AE,ARE,UNITED ARAB EMIRATES,aafaq.ae,https://img.logo.dev/aafaq.ae?format=png&size=400
541494,MASTERCARD,CREDIT,STANDARD,ARAB BANK FOR INVESTMENT & FOREIGN TRADE,,,AE,ARE,UNITED ARAB EMIRATES,,
541521,MASTERCARD,DEBIT,PREPAID,AAFAQ ISLAMIC FINANCE PSC,,,AE,ARE,UNITED ARAB EMIRATES,aafaq.ae,https://img.logo.dev/aafaq.ae?format=png&size=400
541529,MASTERCARD,CREDIT,WORLD ELITE,MIDDLE EAST PAYMENT SERVICES LIMITED CO.,,,PS,PSE,"PALESTINIAN TERRITORY, OCCUPIED",meps.com.jo,https://img.logo.dev/meps.com.jo?format=png&size=400
541544,MASTERCARD,CREDIT,STANDARD,ARAB BANK FOR INVESTMENT & FOREIGN TRADE,,,AE,ARE,UNITED ARAB EMIRATES,,
541554,MASTERCARD,CREDIT,GOLD,NATIONAL BANK OF BAHRAIN,,,SA,SAU,SAUDI ARABIA,nbbonline.com,https://commons.wikimedia.org/wiki/File:National_Bank_of_Bahrain_logo.svg
541566,MASTERCARD,CREDIT,PLATINUM,CREDIMAX BSC (CLOSED),,,BH,BHR,BAHRAIN,max.co.il,https://commons.wikimedia.org/wiki/File:Max_It_Finance_logo.svg
541570,MASTERCARD,DEBIT,STANDARD,"IRAQ ELECTRONIC GATE FOR FINANCIAL SERVICES CO, LTD.",,,IQ,IRQ,IRAQ,qicard.net,https://commons.wikimedia.org/wiki/File:Qi_card_logo.svg
541645,MASTERCARD,CREDIT,,DOHA BANK Q.S.C.,+97444456000,http://www.dohabank.com.qa,QA,QAT,QATAR,dohabank.com,https://commons.wikimedia.org/wiki/File:Doha_Bank_logo.svg
541653,MASTERCARD,CREDIT,EXECUTIVE BUSINESS,SAUDI AWWAL BANK,,,SA,SAU,SAUDI ARABIA,sab.com,https://commons.wikimedia.org/wiki/File:Saudi_Awwal_Bank_Logo.svg
541679,MASTERCARD,CREDIT,STANDARD,RIYAD BANK,,http://www.riyadbank.com,SA,SAU,SAUDI ARABIA,riyadbank.com,https://commons.wikimedia.org/wiki/File:Riyad_Bank_logo.svg
541684,MASTERCARD,CREDIT,PLATINUM,COMMERCIAL BANK OF QATAR Q.S.C,,,QA,QAT,QATAR,cbq.qa,https://commons.wikimedia.org/wiki/File:Commercial_Bank_of_Qatar_Logo.svg
541743,MASTERCARD,DEBIT,STANDARD,"IRAQ ELECTRONIC GATE FOR FINANCIAL SERVICES CO, LTD.",,,IQ,IRQ,IRAQ,qicard.net,https://commons.wikimedia.org/wiki/File:Qi_card_logo.svg
541771,MASTERCARD,CREDIT,STANDARD,BANK OF PALESTINE LTD.,,,PS,PSE,"PALESTINIAN TERRITORY, OCCUPIED",bankofpalestine.com,https://commons.wikimedia.org/wiki/File:Bank_of_Palestine_logo.svg
541802,MASTERCARD,CREDIT,WORLD,RIYAD BANK,,http://www.riyadbank.com,SA,SAU,SAUDI ARABIA,riyadbank.com,https://commons.wikimedia.org/wiki/File:Riyad_Bank_logo.svg
541824,MASTERCARD,DEBIT,PLATINUM,NETWORK INTERNATIONAL LLC,,,AE,ARE,UNITED ARAB EMIRATES,network.ae,https://img.logo.dev/network.ae?format=png&size=400
541846,MASTERCARD,CREDIT,WORLD,MASHREQ BANK,971 4 424 4444,http://www.mashreqbank.com,EG,EGY,EGYPT,mashreqbank.com,https://commons.wikimedia.org/wiki/File:Mashreq_bank_logo.svg
541847,MASTERCARD,CREDIT,STANDARD,ARAB FINANCIAL SERVICES COMPANY B.S.C. (C),,,QA,QAT,QATAR,afs.com.bh,https://img.logo.dev/afs.com.bh?format=png&size=400
541849,MASTERCARD,CREDIT,GOLD,ARAB FINANCIAL SERVICES COMPANY B.S.C. (C),,,QA,QAT,QATAR,afs.com.bh,https://img.logo.dev/afs.com.bh?format=png&size=400
541855,MASTERCARD,CREDIT,TITANIUM,COMMERCIAL BANK OF KUWAIT S.A.K.,,,KW,KWT,KUWAIT,cbk.com,https://commons.wikimedia.org/wiki/File:Commercial_Bank_of_Kuwait_logo.svg
541874,MASTERCARD,DEBIT,PREPAID RELOADABLE,LARI EXCHANGE,,,AE,ARE,UNITED ARAB EMIRATES,,
541881,MASTERCARD,CREDIT,GOLD,BANK OF PALESTINE LTD.,,,PS,PSE,"PALESTINIAN TERRITORY, OCCUPIED",bankofpalestine.com,https://commons.wikimedia.org/wiki/File:Bank_of_Palestine_logo.svg
541891,MASTERCARD,CREDIT,STANDARD,NATIONAL COMMERCIAL BANK,96626464060,,SA,SAU,SAUDI ARABIA,alahli.com,https://commons.wikimedia.org/wiki/File:Saudi_National_Bank_Logo.svg
541942,MASTERCARD,CREDIT,WORLD ELITE,QATAR NATIONAL BANK AL-AHLI S.A.E,,,EG,EGY,EGYPT,qnb.com,https://commons.wikimedia.org/wiki/File:Qatar_National_Bank_Logo.svg
541946,MASTERCARD,CREDIT,STANDARD,BANQUE MISR,+20223912150,http://www.banquemisr.com,EG,EGY,EGYPT,banquemisr.com,https://commons.wikimedia.org/wiki/File:Banque_Misr_logo.svg
541955,MASTERCARD,CREDIT,STANDARD,COMMERCIAL INTERNATIONAL BANK (EGYPT) S.A.E.,971 - 4 - 3589381,http://www.cibeg.com,EG,EGY,EGYPT,cibeg.com,https://commons.wikimedia.org/wiki/File:CIB_Logo.svg
541961,MASTERCARD,CREDIT,TITANIUM,COMMERCIAL INTERNATIONAL BANK (EGYPT) S.A.E.,971 - 4 - 3589381,http://www.cibeg.com,EG,EGY,EGYPT,cibeg.com,https://commons.wikimedia.org/wiki/File:CIB_Logo.svg
541988,MASTERCARD,CREDIT,GOLD,RIYAD BANK,,http://www.riyadbank.com,SA,SAU,SAUDI ARABIA,riyadbank.com,https://commons.wikimedia.org/wiki/File:Riyad_Bank_logo.svg
542008,MASTERCARD,CREDIT,TITANIUM,ALAWWAL BANK,,,SA,SAU,SAUDI ARABIA,sab.com,https://commons.wikimedia.org/wiki/File:Saudi_Awwal_Bank_Logo.svg
542018,MASTERCARD,DEBIT,PLATINUM,ABU DHABI COMMERCIAL BANK,+97126962222,http://www.adcb.com,AE,ARE,UNITED ARAB EMIRATES,adcb.com,https://commons.wikimedia.org/wiki/File:Abu_Dhabi_Commercial_Bank_Logo.svg
542057,MASTERCARD,CREDIT,TITANIUM,BAHRAIN COMMERCIAL FACILITIES COMPANY BSC,,,BH,BHR,BAHRAIN,bahrainfacilities.com,https://img.logo.dev/bahrainfacilities.com?format=png&size=400
542160,MASTERCARD,DEBIT,PREPAID,NATIONAL BANK OF OMAN (SAOG),,,OM,OMN,OMAN,nbo.om,https://commons.wikimedia.org/wiki/File:National_Bank_of_Oman_logo.svg
542164,MASTERCARD,CREDIT,GOLD,CSCBANK SAL,,,LB,LBN,LEBANON,cscbank.com,https://img.logo.dev/cscbank.com?format=png&size=400
542168,MASTERCARD,CREDIT,,NETWORK INTERNATIONAL LLC,,,AE,ARE,UNITED ARAB EMIRATES,network.ae,https://img.logo.dev/network.ae?format=png&size=400
542205,MASTERCARD,CREDIT,MIXED PRODUCT,AM BANK S.A.L.,,,LB,LBN,LEBANON,ambank.com.lb,https://img.logo.dev/ambank.com.lb?format=png&size=400
542212,MASTERCARD,CREDIT,STANDARD,AM BANK S.A.L.,,,LB,LBN,LEBANON,ambank.com.lb,https://img.logo.dev/ambank.com.lb?format=png&size=400
542215,MASTERCARD,DEBIT,PREPAID,,,,LB,LBN,LEBANON,,
542373,MASTERCARD,CREDIT,PLATINUM,SAUDI INVESTMENT BANK,,,SA,SAU,SAUDI ARABIA,saib.com.sa,https://commons.wikimedia.org/wiki/File:Saudi_Investment_Bank_Logo.svg
542386,MASTERCARD,CREDIT,WORLD,ISRACARD LTD.,,,IL,ISR,ISRAEL,isracard.co.il,https://commons.wikimedia.org/wiki/File:Isracard_logo.svg
542443,MASTERCARD,CREDIT,TITANIUM,COMMERCIAL INTERNATIONAL BANK (EGYPT) S.A.E.,971 - 4 - 3589381,http://www.cibeg.com,EG,EGY,EGYPT,cibeg.com,https://commons.wikimedia.org/wiki/File:CIB_Logo.svg
542456,MASTERCARD,DEBIT,PREPAID,WORLD ISLAMIC BANK FOR INVESTMENT AND FINANCING,,,IQ,IRQ,IRAQ,,
542459,MASTERCARD,CREDIT,WORLD,NETWORK INTERNATIONAL LLC,,,AE,ARE,UNITED ARAB EMIRATES,network.ae,https://img.logo.dev/network.ae?format=png&size=400
542508,MASTERCARD,CREDIT,GOLD,COMMERCIAL INTERNATIONAL BANK (EGYPT) S.A.E.,971 - 4 - 3589381,http://www.cibeg.com,EG,EGY,EGYPT,cibeg.com,https://commons.wikimedia.org/wiki/File:CIB_Logo.svg
542519,MASTERCARD,DEBIT,PREPAID,FINITIONE,,,IL,ISR,ISRAEL,,
542536,MASTERCARD,CREDIT,PLATINUM,FIRST ABU DHABI BANK PJSC,+971600525500,https://www.bankfab.com,AE,ARE,UNITED ARAB EMIRATES,bankfab.com,https://commons.wikimedia.org/wiki/File:First_Abu_Dhabi_Bank_Logo.svg
542606,MASTERCARD,CREDIT,PLATINUM,THE NATIONAL BANK PLC,,,PS,PSE,"PALESTINIAN TERRITORY, OCCUPIED",tnb.ps,https://img.logo.dev/tnb.ps?format=png&size=400
542616,MASTERCARD,DEBIT,PREPAID GOLD PAYROLL,AL HULOOL FOR MOBILE PAYMENTS,,,JO,JOR,JORDAN,,
542618,MASTERCARD,CREDIT,,,,,AE,ARE,UNITED ARAB EMIRATES,,
542629,MASTERCARD,CREDIT,STANDARD,ARAB FINANCIAL SERVICES COMPANY B.S.C. (C),,,BH,BHR,BAHRAIN,afs.com.bh,https://img.logo.dev/afs.com.bh?format=png&size=400
542630,MASTERCARD,CREDIT,STANDARD,EMERGING MARKETS PAYMENTS AFRICA,,,EG,EGY,EGYPT,,
542675,MASTERCARD,CREDIT,WORLD BUSINESS,AREEBA S.A.L,,,LB,LBN,LEBANON,areeba.com,https://img.logo.dev/areeba.com?format=png&size=400
542681,MASTERCARD,CREDIT,GOLD,ISRACARD LTD.,,,IL,ISR,ISRAEL,isracard.co.il,https://commons.wikimedia.org/wiki/File:Isracard_logo.svg
542687,MASTERCARD,DEBIT,PREPAID WORLD,STC PAY BAHRAIN BSC CLOSED,,,BH,BHR,BAHRAIN,stcbank.com.sa,https://commons.wikimedia.org/wiki/File:Stc_pay_logo.svg
542712,MASTERCARD,CREDIT,B2B,WEX BANK,,http://www.wexinc.com,AE,ARE,UNITED ARAB EMIRATES,wexinc.com,https://img.logo.dev/wexinc.com?format=png&size=400
542716,MASTERCARD,DEBIT,PREPAID,MIDDLE EAST PAYMENT SERVICES LIMITED CO.,,,PS,PSE,"PALESTINIAN TERRITORY, OCCUPIED",meps.com.jo,https://img.logo.dev/meps.com.jo?format=png&size=400
542733,MASTERCARD,DEBIT,PREPAID BUSINESS,STC PAY BAHRAIN BSC CLOSED,,,BH,BHR,BAHRAIN,stcbank.com.sa,https://commons.wikimedia.org/wiki/File:Stc_pay_logo.svg
542747,MASTERCARD,CREDIT,PLATINUM,BANQUE SAUDI FRANSI,966 1 289 9999 OR 966 1 874 4000,http://www.alfransi.com.sa,SA,SAU,SAUDI ARABIA,alfransi.com.sa,https://commons.wikimedia.org/wiki/File:Banque_Saudi_Fransi_Logo.svg
542783,MASTERCARD,CREDIT,PLATINUM,QATAR NATIONAL BANK,+97444622724,http://www.qnb.com.qa,QA,QAT,QATAR,qnb.com,https://commons.wikimedia.org/wiki/File:Qatar_National_Bank_Logo.svg
542789,MASTERCARD,CREDIT,STANDARD,BANK AUDI- AUDI SARADAR GROUP,+9611332130,http://www.banqueaudi.com,LB,LBN,LEBANON,bankaudigroup.com,https://commons.wikimedia.org/wiki/File:Bank_Audi_logo.svg
542805,MASTERCARD,CREDIT,,SAMBA FINANCIAL GROUP,+9668001242000,http://www.samba.com,SA,SAU,SAUDI ARABIA,alahli.com,https://commons.wikimedia.org/wiki/File:Saudi_National_Bank_Logo.svg
542806,MASTERCARD,CREDIT,WORLD,ARAB NATIONAL BANK,,,SA,SAU,SAUDI ARABIA,anb.com.sa,https://commons.wikimedia.org/wiki/File:Anb_new_logo.svg
542824,MASTERCARD,CREDIT,BUSINESS,EMIRATES NBD,+971800456,http://www.emiratesnbd.com,AE,ARE,UNITED ARAB EMIRATES,emiratesnbd.com,https://commons.wikimedia.org/wiki/File:Emirates_NBD_logo.svg
542845,MASTERCARD,CREDIT,PLATINUM,BLOM BANK SAL,,,LB,LBN,LEBANON,blom.com.lb,https://commons.wikimedia.org/wiki/File:BLOM_Bank_logo.svg
542857,MASTERCARD,DEBIT,BUSINESS,HOUSING & DEVELOPMENT BANK,,,EG,EGY,EGYPT,,
542864,MASTERCARD,DEBIT,PREPAID BUSINESS,,,,SA,SAU,SAUDI ARABIA,,
542882,MASTERCARD,CREDIT,CORPORATE,HSBC BANK MIDDLE EAST,+97142241000,http://www.hsbc.ae,AE,ARE,UNITED ARAB EMIRATES,hsbc.com,https://commons.wikimedia.org/wiki/File:HSBC_logo_(2018).svg
542894,MASTERCARD,CREDIT,,AL RAJHI BANKING AND INVESTMENT CORP.,4433 92 000 + 966 OR 33 334 601 +966,http://www.alrajhibank.com.sa,SA,SAU,SAUDI ARABIA,alrajhibank.com.sa,https://commons.wikimedia.org/wiki/File:Al_Rajhi_Bank_Logo.svg
542910,MASTERCARD,CREDIT,STANDARD,CSCBANK S.A.L.,+9611871245,http://www.ccm.com.lb,LB,LBN,LEBANON,cscbank.com,https://img.logo.dev/cscbank.com?format=png&size=400
542920,MASTERCARD,CREDIT,STANDARD,SOCIETE GENERALE DE BANQUE AU LIBAN S.A.L.,1274477777,http://www.sgbl.com.lb,LB,LBN,LEBANON,sgbl.com.lb,https://commons.wikimedia.org/wiki/File:SGBL_logo.svg
542922,MASTERCARD,CREDIT,CORPORATE,EMIGRANT BANK,,https://emigrant.com,IL,ISR,ISRAEL,emigrant.com,https://img.logo.dev/emigrant.com?format=png&size=400
542933,MASTERCARD,CREDIT,PLATINUM,ABU DHABI COMMERCIAL BANK,+97126962222,http://www.adcb.com,AE,ARE,UNITED ARAB EMIRATES,adcb.com,https://commons.wikimedia.org/wiki/File:Abu_Dhabi_Commercial_Bank_Logo.svg
542943,MASTERCARD,CREDIT,GOLD,ARAB PAYMENT SERVICES,,,IQ,IRQ,IRAQ,aps.iq,https://img.logo.dev/aps.iq?format=png&size=400
542945,MASTERCARD,CREDIT,PLATINUM,PALESTINE ISLAMIC BANK,,,PS,PSE,"PALESTINIAN TERRITORY, OCCUPIED",islamicbank.ps,https://commons.wikimedia.org/wiki/File:Palestine_Islamic_Bank_logo.svg
542951,MASTERCARD,CREDIT,STANDARD,AM BANK S.A.L.,,,LB,LBN,LEBANON,ambank.com.lb,https://img.logo.dev/ambank.com.lb?format=png&size=400
542984,MASTERCARD,CREDIT,,ABU DHABI COMMERCIAL BANK,+97126962222,http://www.adcb.com,AE,ARE,UNITED ARAB EMIRATES,adcb.com,https://commons.wikimedia.org/wiki/File:Abu_Dhabi_Commercial_Bank_Logo.svg
543030,MASTERCARD,CREDIT,CORPORATE,HSBC BANK MIDDLE EAST,+974 4441 6663 A851+A851,http://www.hsbc.ae,QA,QAT,QATAR,hsbc.com,https://commons.wikimedia.org/wiki/File:HSBC_logo_(2018).svg
543041,MASTERCARD,CREDIT,GOLD,HSBC BANK MIDDLE EAST,+97317569999,http://www.hsbc.ae,BH,BHR,BAHRAIN,hsbc.com,https://commons.wikimedia.org/wiki/File:HSBC_logo_(2018).svg
543085,MASTERCARD,DEBIT,PLATINUM,THE SAUDI NATIONAL BANK,,,SA,SAU,SAUDI ARABIA,alahli.com,https://commons.wikimedia.org/wiki/File:Saudi_National_Bank_Logo.svg
543094,MASTERCARD,CREDIT,WORLD ELITE,NATIONAL BANK OF OMAN (SAOG),,,OM,OMN,OMAN,nbo.om,https://commons.wikimedia.org/wiki/File:National_Bank_of_Oman_logo.svg
543120,MASTERCARD,CREDIT,MIXED PRODUCT,AHLI BANK Q.S.C.,(974) 4232222,http://www.ahlibank.com.qa,QA,QAT,QATAR,ahlibank.com.qa,https://commons.wikimedia.org/wiki/File:Ahlibank_Qatar_logo.svg
543147,MASTERCARD,CREDIT,CORPORATE PURCHASING,HSBC BANK MIDDLE EAST,+96880074722,http://www.hsbc.ae,OM,OMN,OMAN,hsbc.com,https://commons.wikimedia.org/wiki/File:HSBC_logo_(2018).svg
543168,MASTERCARD,CREDIT,WORLD ELITE,COMMERCIAL INTERNATIONAL BANK (EGYPT) S.A.E.,971 - 4 - 3589381,http://www.cibeg.com,EG,EGY,EGYPT,cibeg.com,https://commons.wikimedia.org/wiki/File:CIB_Logo.svg
543173,MASTERCARD,CREDIT,TITANIUM,EMIRATES NATIONAL BANK OF DUBAI S.A.E,,,EG,EGY,EGYPT,emiratesnbd.com,https://commons.wikimedia.org/wiki/File:Emirates_NBD_logo.svg
543176,MASTERCARD,CREDIT,STANDARD,CREDIT CARD SERVICES JORDAN,,,JO,JOR,JORDAN,,
543195,MASTERCARD,CREDIT,MIXED PRODUCT,HSBC BANK MIDDLE EAST,+97142241000,http://www.hsbc.ae,AE,ARE,UNITED ARAB EMIRATES,hsbc.com,https://commons.wikimedia.org/wiki/File:HSBC_logo_(2018).svg
543199,MASTERCARD,CREDIT,PLATINUM,SAUDI AWWAL BANK,,,SA,SAU,SAUDI ARABIA,sab.com,https://commons.wikimedia.org/wiki/File:Saudi_Awwal_Bank_Logo.svg
543210,MASTERCARD,CREDIT,PLATINUM,AL HILAL BANK PJSC,,,AE,ARE,UNITED ARAB EMIRATES,alhilalbank.ae,https://commons.wikimedia.org/wiki/File:Al_Hilal_Bank_logo.svg
543224,MASTERCARD,CREDIT,CORPORATE,CREDIMAX BSC (CLOSED),,,BH,BHR,BAHRAIN,max.co.il,https://commons.wikimedia.org/wiki/File:Max_It_Finance_logo.svg
543256,MASTERCARD,CREDIT,WORLD ELITE,NATIONAL BANK OF BAHRAIN,,,BH,BHR,BAHRAIN,nbbonline.com,https://commons.wikimedia.org/wiki/File:National_Bank_of_Bahrain_logo.svg
543277,MASTERCARD,CREDIT,MIXED PRODUCT,CREDIMAX BSC (CLOSED),,,BH,BHR,BAHRAIN,max.co.il,https://commons.wikimedia.org/wiki/File:Max_It_Finance_logo.svg
543302,MASTERCARD,CREDIT,GOLD,"INTERNATIONAL CARD CO., LTD.",,http://www.kartee.com.jo,JO,JOR,JORDAN,kartee.com.jo,https://img.logo.dev/kartee.com.jo?format=png&size=400
543319,MASTERCARD,DEBIT,PREPAID CORPORATE,"MAX IT FINANCE, LTD.",,,IL,ISR,ISRAEL,max.co.il,https://commons.wikimedia.org/wiki/File:Max_It_Finance_logo.svg
543327,MASTERCARD,DEBIT,PREPAID,"MAX IT FINANCE, LTD.",,,IL,ISR,ISRAEL,max.co.il,https://commons.wikimedia.org/wiki/File:Max_It_Finance_logo.svg
543331,MASTERCARD,DEBIT,PREPAID PLATINUM TRAVEL,MIDDLE EAST PAYMENT SERVICES LIMITED CO.,,,JO,JOR,JORDAN,meps.com.jo,https://img.logo.dev/meps.com.jo?format=png&size=400
543340,MASTERCARD,CREDIT,STANDARD,ARAB AFRICAN INTERNATIONAL BANK,+20224886679,http://www.aaib.com,EG,EGY,EGYPT,aaib.com,https://commons.wikimedia.org/wiki/File:Arab_African_International_Bank_Logo.svg
543357,MASTERCARD,DEBIT,PREPAID BUSINESS,ALINMA BANK,,,SA,SAU,SAUDI ARABIA,alinma.com,https://commons.wikimedia.org/wiki/File:Alinma_Bank_logo.svg
543363,MASTERCARD,DEBIT,PLATINUM,NATIONAL BANK OF KUWAIT (S.A.K.),,,KW,KWT,KUWAIT,nbk.com,https://commons.wikimedia.org/wiki/File:National_Bank_of_Kuwait_logo.svg
543408,MASTERCARD,CREDIT,PLATINUM,ALAWWAL BANK,,,SA,SAU,SAUDI ARABIA,sab.com,https://commons.wikimedia.org/wiki/File:Saudi_Awwal_Bank_Logo.svg
543413,MASTERCARD,CREDIT,MIXED PRODUCT,CSCBANK SAL,,,LB,LBN,LEBANON,cscbank.com,https://img.logo.dev/cscbank.com?format=png&size=400
543487,MASTERCARD,CREDIT,GOLD,FIRST ABU DHABI BANK PJSC,+971600525500,https://www.bankfab.com,AE,ARE,UNITED ARAB EMIRATES,bankfab.com,https://commons.wikimedia.org/wiki/File:First_Abu_Dhabi_Bank_Logo.svg
543489,MASTERCARD,DEBIT,PLATINUM,ARAB JORDAN INVESTMENT BANK,,,JO,JOR,JORDAN,ajib.com,https://img.logo.dev/ajib.com?format=png&size=400
543534,MASTERCARD,CREDIT,WORLD,DOHA BANK Q.S.C,,,QA,QAT,QATAR,dohabank.com,https://commons.wikimedia.org/wiki/File:Doha_Bank_logo.svg
543547,MASTERCARD,CREDIT,BUSINESS,ABU DHABI COMMERCIAL BANK,+97126962222,http://www.adcb.com,AE,ARE,UNITED ARAB EMIRATES,adcb.com,https://commons.wikimedia.org/wiki/File:Abu_Dhabi_Commercial_Bank_Logo.svg
543626,MASTERCARD,CREDIT,CORPORATE,HSBC BANK MIDDLE EAST,+96880074722,http://www.hsbc.ae,OM,OMN,OMAN,hsbc.com,https://commons.wikimedia.org/wiki/File:HSBC_logo_(2018).svg
543631,MASTERCARD,DEBIT,,,,,EG,EGY,EGYPT,,
543680,MASTERCARD,CREDIT,GOLD,BANQUE MISR,+20223912150,http://www.banquemisr.com,EG,EGY,EGYPT,banquemisr.com,https://commons.wikimedia.org/wiki/File:Banque_Misr_logo.svg
543681,MASTERCARD,CREDIT,STANDARD,FIRST ABU DHABI BANK PJSC,+971600525500,https://www.bankfab.com,AE,ARE,UNITED ARAB EMIRATES,bankfab.com,https://commons.wikimedia.org/wiki/File:First_Abu_Dhabi_Bank_Logo.svg
543683,MASTERCARD,CREDIT,TITANIUM,SAMBA FINANCIAL GROUP,+9668001242000,http://www.samba.com,SA,SAU,SAUDI ARABIA,alahli.com,https://commons.wikimedia.org/wiki/File:Saudi_National_Bank_Logo.svg
543688,MASTERCARD,CREDIT,TITANIUM,DUBAI ISLAMIC BANK PJSC,,,AE,ARE,UNITED ARAB EMIRATES,alislami.ae,https://commons.wikimedia.org/wiki/File:Dubai_Islamic_Bank_logo.svg
543689,MASTERCARD,DEBIT,PLATINUM,EMIRATES NATIONAL BANK OF DUBAI S.A.E,,,EG,EGY,EGYPT,emiratesnbd.com,https://commons.wikimedia.org/wiki/File:Emirates_NBD_logo.svg
543707,MASTERCARD,CREDIT,STANDARD,COMMERCIAL BANK OF QATAR Q.S.C,,,QA,QAT,QATAR,cbq.qa,https://commons.wikimedia.org/wiki/File:Commercial_Bank_of_Qatar_Logo.svg
543712,MASTERCARD,DEBIT,PREPAID,INFINIOS FINANCIAL SERVICES B.S.C. CLOSED,,,BH,BHR,BAHRAIN,infinios.com,https://img.logo.dev/infinios.com?format=png&size=400
543726,MASTERCARD,DEBIT,PREPAID RELOADABLE,QATAR ISLAMIC BANK,,,QA,QAT,QATAR,qib.com.qa,https://commons.wikimedia.org/wiki/File:Qatar_Islamic_Bank_Logo.svg
543729,MASTERCARD,CREDIT,,MASHREQ BANK,+97143632250,http://www.mashreqbank.com,AE,ARE,UNITED ARAB EMIRATES,mashreqbank.com,https://commons.wikimedia.org/wiki/File:Mashreq_bank_logo.svg
543735,MASTERCARD,DEBIT,PREPAID RELOADABLE,QATAR ISLAMIC BANK,,,QA,QAT,QATAR,qib.com.qa,https://commons.wikimedia.org/wiki/File:Qatar_Islamic_Bank_Logo.svg
543737,MASTERCARD,CREDIT,STANDARD,ABU DHABI COMMERCIAL BANK,+97126962222,http://www.adcb.com,AE,ARE,UNITED ARAB EMIRATES,adcb.com,https://commons.wikimedia.org/wiki/File:Abu_Dhabi_Commercial_Bank_Logo.svg
543752,MASTERCARD,CREDIT,TITANIUM,AL BARAKA ISLAMIC BANK B.S.C. (CLOSED),,,BH,BHR,BAHRAIN,albaraka.bh,https://commons.wikimedia.org/wiki/File:Al_Baraka_Bank_logo.svg
543757,MASTERCARD,CREDIT,STANDARD,EMIRATES NBD,+971800456,http://www.emiratesnbd.com,AE,ARE,UNITED ARAB EMIRATES,emiratesnbd.com,https://commons.wikimedia.org/wiki/File:Emirates_NBD_logo.svg
543786,MASTERCARD,DEBIT,PLATINUM,FRANSABANK SAL,,,LB,LBN,LEBANON,fransabank.com,https://commons.wikimedia.org/wiki/File:Fransabank_logo.svg
543801,MASTERCARD,CREDIT,GOLD,AHLI BANK OF KUWAIT,,,EG,EGY,EGYPT,eahli.com,https://commons.wikimedia.org/wiki/File:Al_Ahli_Bank_of_Kuwait_logo.svg
543820,MASTERCARD,CREDIT,PLATINUM,QATAR NATIONAL BANK,+97444622724,http://www.qnb.com.qa,QA,QAT,QATAR,qnb.com,https://commons.wikimedia.org/wiki/File:Qatar_National_Bank_Logo.svg
543844,MASTERCARD,DEBIT,PREPAID,INTERNATIONAL SMART CARD LLC,,,IQ,IRQ,IRAQ,qicard.net,https://commons.wikimedia.org/wiki/File:Qi_card_logo.svg
543856,MASTERCARD,DEBIT,PREPAID PLATINUM TRAVEL,INFINIOS FINANCIAL SERVICES B.S.C. CLOSED,,,BH,BHR,BAHRAIN,infinios.com,https://img.logo.dev/infinios.com?format=png&size=400
543860,MASTERCARD,CREDIT,STANDARD,ABU DHABI COMMERCIAL BANK,+97126962222,http://www.adcb.com,AE,ARE,UNITED ARAB EMIRATES,adcb.com,https://commons.wikimedia.org/wiki/File:Abu_Dhabi_Commercial_Bank_Logo.svg
543884,MASTERCARD,DEBIT,PREPAID RELOADABLE,UNITED COMPANY FOR FINANCIAL SERVICES,,,SA,SAU,SAUDI ARABIA,tasheel-finance.com,https://img.logo.dev/tasheel-finance.com?format=png&size=400
543889,MASTERCARD,CREDIT,STANDARD,MASHREQ BANK,971 4 424 4444,http://www.mashreqbank.com,EG,EGY,EGYPT,mashreqbank.com,https://commons.wikimedia.org/wiki/File:Mashreq_bank_logo.svg
543986,MASTERCARD,CREDIT,PLATINUM,"IRAQ ELECTRONIC GATE FOR FINANCIAL SERVICES CO, LTD.",,,IQ,IRQ,IRAQ,qicard.net,https://commons.wikimedia.org/wiki/File:Qi_card_logo.svg
544010,MASTERCARD,CREDIT,STANDARD,CSCBANK SAL,,,LB,LBN,LEBANON,cscbank.com,https://img.logo.dev/cscbank.com?format=png&size=400
544011,MASTERCARD,CREDIT,GOLD,CSCBANK SAL,,,LB,LBN,LEBANON,cscbank.com,https://img.logo.dev/cscbank.com?format=png&size=400
544035,MASTERCARD,CREDIT,GOLD,THE HOUSING BANK FOR TRADE & FINANCE,,,JO,JOR,JORDAN,hbtf.com,https://commons.wikimedia.org/wiki/File:Housing_Bank_for_Trade_and_Finance_logo.svg
544040,MASTERCARD,CREDIT,STANDARD,AL-MAWARID BANK S.A.L.,,http://www.almawarid.com,LB,LBN,LEBANON,almawarid.com,https://img.logo.dev/almawarid.com?format=png&size=400
544041,MASTERCARD,CREDIT,TITANIUM,AM BANK S.A.L.,,,LB,LBN,LEBANON,ambank.com.lb,https://img.logo.dev/ambank.com.lb?format=png&size=400
544080,MASTERCARD,DEBIT,PREPAID PLATINUM TRAVEL,NATIONAL BANK OF RAS AL-KHAIMAH (RAKBANK),,,AE,ARE,UNITED ARAB EMIRATES,rakbank.ae,https://commons.wikimedia.org/wiki/File:Rakbank_logo.svg
544091,MASTERCARD,CREDIT,GOLD,BANKMED SAL,,,LB,LBN,LEBANON,bankmed.com.lb,https://commons.wikimedia.org/wiki/File:BankMed_logo.svg
544097,MASTERCARD,CREDIT,GOLD,AHLI UNITED BANK B.S.C.,+97317710559,http://www.ahliunited.com,BH,BHR,BAHRAIN,ahliunited.com,https://commons.wikimedia.org/wiki/File:Ahli_United_Bank_logo.svg
544098,MASTERCARD,CREDIT,GOLD,BANK MUSCAT (SAOG),,,OM,OMN,OMAN,bankmuscat.com,https://commons.wikimedia.org/wiki/File:Bank_Muscat_logo.svg
544110,MASTERCARD,CREDIT,,BANK MUSCAT AL AHLI AL OMANI LTD. (S.A.O.G.),,,OM,OMN,OMAN,bankmuscat.com,https://commons.wikimedia.org/wiki/File:Bank_Muscat_logo.svg
544111,MASTERCARD,CREDIT,TITANIUM,NATIONAL BANK OF EGYPT,,http://www.nbe.com.eg,EG,EGY,EGYPT,nbe.com.eg,https://commons.wikimedia.org/wiki/File:National_Bank_of_Egypt_Logo.svg
544126,MASTERCARD,CREDIT,TITANIUM,DUKHAN BANK Q.P.S.C.,,,QA,QAT,QATAR,dukhanbank.com,https://commons.wikimedia.org/wiki/File:Dukhan_Bank_logo.svg
544129,MASTERCARD,DEBIT,PREPAID,FRANSABANK SAL,,,LB,LBN,LEBANON,fransabank.com,https://commons.wikimedia.org/wiki/File:Fransabank_logo.svg
544151,MASTERCARD,DEBIT,PREPAID,FIRST ABU DHABI BANK PJSC,+20225204375,https://www.bankfab.com,EG,EGY,EGYPT,bankfab.com,https://commons.wikimedia.org/wiki/File:First_Abu_Dhabi_Bank_Logo.svg
544152,MASTERCARD,CREDIT,PLATINUM,FIRST ABU DHABI BANK PJSC,+971600525500,https://www.bankfab.com,AE,ARE,UNITED ARAB EMIRATES,bankfab.com,https://commons.wikimedia.org/wiki/File:First_Abu_Dhabi_Bank_Logo.svg
544172,MASTERCARD,CREDIT,STANDARD,,,,EG,EGY,EGYPT,,
544189,MASTERCARD,CREDIT,STANDARD,ARAB FINANCIAL SERVICES COMPANY B.S.C. (C),,,OM,OMN,OMAN,afs.com.bh,https://img.logo.dev/afs.com.bh?format=png&size=400
544217,MASTERCARD,CREDIT,GOLD,NATIONAL COMMERCIAL BANK,,,SA,SAU,SAUDI ARABIA,alahli.com,https://commons.wikimedia.org/wiki/File:Saudi_National_Bank_Logo.svg
544239,MASTERCARD,CREDIT,PLATINUM,KUWAIT FINANCE HOUSE K.S.C.,+9651803333,http://www.kfh.com,KW,KWT,KUWAIT,financehouse.ae,https://img.logo.dev/financehouse.ae?format=png&size=400
544240,MASTERCARD,CREDIT,WORLD ELITE,KUWAIT FINANCE HOUSE K.S.C.,+9651803333,http://www.kfh.com,KW,KWT,KUWAIT,financehouse.ae,https://img.logo.dev/financehouse.ae?format=png&size=400
544284,MASTERCARD,DEBIT,PREPAID,AAFAQ ISLAMIC FINANCE PSC,,,AE,ARE,UNITED ARAB EMIRATES,aafaq.ae,https://img.logo.dev/aafaq.ae?format=png&size=400
544290,MASTERCARD,CREDIT,STANDARD,COMMERCIAL BANK OF KUWAIT S.A.K.,,,KW,KWT,KUWAIT,cbk.com,https://commons.wikimedia.org/wiki/File:Commercial_Bank_of_Kuwait_logo.svg
544295,MASTERCARD,DEBIT,WORLD ELITE,ARAB FINANCIAL SERVICES COMPANY B.S.C. (C),,,BH,BHR,BAHRAIN,afs.com.bh,https://img.logo.dev/afs.com.bh?format=png&size=400
544302,MASTERCARD,CREDIT,PLATINUM,CREDIT LIBANAIS S.A.L.,+9611900111,http://www.creditlibanais.com.lb,LB,LBN,LEBANON,creditlibanais.com,https://commons.wikimedia.org/wiki/File:Credit_Libanais_logo.svg
544332,MASTERCARD,CREDIT,STANDARD,CREDIT LIBANAIS S.A.L.,+9611900111,http://www.creditlibanais.com.lb,LB,LBN,LEBANON,creditlibanais.com,https://commons.wikimedia.org/wiki/File:Credit_Libanais_logo.svg
544334,MASTERCARD,CREDIT,GOLD,CREDIT LIBANAIS S.A.L.,+9611900111,http://www.creditlibanais.com.lb,LB,LBN,LEBANON,creditlibanais.com,https://commons.wikimedia.org/wiki/File:Credit_Libanais_logo.svg
544356,MASTERCARD,DEBIT,PAYPASS,SOCIETE GENERALE DE BANQUE AU LIBAN SAL.,,,LB,LBN,LEBANON,sgbl.com.lb,https://commons.wikimedia.org/wiki/File:SGBL_logo.svg
544371,MASTERCARD,DEBIT,TITANIUM,NETWORK INTERNATIONAL LLC,,,AE,ARE,UNITED ARAB EMIRATES,network.ae,https://img.logo.dev/network.ae?format=png&size=400
544378,MASTERCARD,DEBIT,PREPAID,CAIRO AMMAN BANK PLC,,,JO,JOR,JORDAN,cab.jo,https://commons.wikimedia.org/wiki/File:Cairo_Amman_Bank_logo.svg
544460,MASTERCARD,DEBIT,PLATINUM,BANQUE DU CAIRE,+20222648410,http://www.bdc.com.eg,EG,EGY,EGYPT,bdc.com.eg,https://commons.wikimedia.org/wiki/File:Banque_du_Caire_logo.svg
544486,MASTERCARD,CREDIT,,,,,SY,SYR,SYRIAN ARAB REPUBLIC,,
544506,MASTERCARD,DEBIT,STANDARD,CSCBANK SAL,,,IQ,IRQ,IRAQ,cscbank.com,https://img.logo.dev/cscbank.com?format=png&size=400
544523,MASTERCARD,CREDIT,GOLD,CSCBANK SAL,,,LB,LBN,LEBANON,cscbank.com,https://img.logo.dev/cscbank.com?format=png&size=400
544524,MASTERCARD,CREDIT,STANDARD,CSCBANK SAL,,,LB,LBN,LEBANON,cscbank.com,https://img.logo.dev/cscbank.com?format=png&size=400
544525,MASTERCARD,CREDIT,GOLD,CSCBANK SAL,,,LB,LBN,LEBANON,cscbank.com,https://img.logo.dev/cscbank.com?format=png&size=400
544590,MASTERCARD,CREDIT,GOLD,FINANCE HOUSE L.L.C.,,,AE,ARE,UNITED ARAB EMIRATES,financehouse.ae,https://img.logo.dev/financehouse.ae?format=png&size=400
544621,MASTERCARD,CREDIT,STANDARD,AL AHLI BANK OF KUWAIT (KSC),,,KW,KWT,KUWAIT,eahli.com,https://commons.wikimedia.org/wiki/File:Al_Ahli_Bank_of_Kuwait_logo.svg
544622,MASTERCARD,CREDIT,GOLD,AL AHLI BANK OF KUWAIT (KSC),,,KW,KWT,KUWAIT,eahli.com,https://commons.wikimedia.org/wiki/File:Al_Ahli_Bank_of_Kuwait_logo.svg
544627,MASTERCARD,CREDIT,PLATINUM,MASHREQ BANK,+97143632250,http://www.mashreqbank.com,AE,ARE,UNITED ARAB EMIRATES,mashreqbank.com,https://commons.wikimedia.org/wiki/File:Mashreq_bank_logo.svg
544628,MASTERCARD,CREDIT,GOLD,MASHREQ BANK,+97143632250,http://www.mashreqbank.com,AE,ARE,UNITED ARAB EMIRATES,mashreqbank.com,https://commons.wikimedia.org/wiki/File:Mashreq_bank_logo.svg
544648,MASTERCARD,DEBIT,PREPAID,DUBAI ISLAMIC BANK PJSC,,,AE,ARE,UNITED ARAB EMIRATES,alislami.ae,https://commons.wikimedia.org/wiki/File:Dubai_Islamic_Bank_logo.svg
544666,MASTERCARD,CREDIT,GOLD,FIRST ABU DHABI BANK PJSC,+971600525500,https://www.bankfab.com,AE,ARE,UNITED ARAB EMIRATES,bankfab.com,https://commons.wikimedia.org/wiki/File:First_Abu_Dhabi_Bank_Logo.svg
544675,MASTERCARD,CREDIT,TITANIUM,GULF BANK K.S.C.,,http://www.gulfbank.com,KW,KWT,KUWAIT,e-gulfbank.com,https://commons.wikimedia.org/wiki/File:Gulf_Bank_Kuwait_logo.svg
544709,MASTERCARD,DEBIT,PREPAID,DUBAI ISLAMIC BANK PJSC,,,AE,ARE,UNITED ARAB EMIRATES,alislami.ae,https://commons.wikimedia.org/wiki/File:Dubai_Islamic_Bank_logo.svg
544744,MASTERCARD,DEBIT,PREPAID RELOADABLE,NATIONAL COMMERCIAL BANK,,,SA,SAU,SAUDI ARABIA,alahli.com,https://commons.wikimedia.org/wiki/File:Saudi_National_Bank_Logo.svg
544759,MASTERCARD,CREDIT,STANDARD,AM BANK S.A.L.,,,LB,LBN,LEBANON,ambank.com.lb,https://img.logo.dev/ambank.com.lb?format=png&size=400
544760,MASTERCARD,CREDIT,STANDARD,AL-MAWARID BANK S.A.L.,,http://www.almawarid.com,LB,LBN,LEBANON,almawarid.com,https://img.logo.dev/almawarid.com?format=png&size=400
544782,MASTERCARD,CREDIT,STANDARD,EMIRATES NBD,+971800456,http://www.emiratesnbd.com,AE,ARE,UNITED ARAB EMIRATES,emiratesnbd.com,https://commons.wikimedia.org/wiki/File:Emirates_NBD_logo.svg
544808,MASTERCARD,CREDIT,CORPORATE,DOHA BANK Q.S.C,,,QA,QAT,QATAR,dohabank.com,https://commons.wikimedia.org/wiki/File:Doha_Bank_logo.svg
544815,MASTERCARD,CREDIT,WORLD,ABU DHABI ISLAMIC BANK P.J.S.C.,,,AE,ARE,UNITED ARAB EMIRATES,adib.ae,https://commons.wikimedia.org/wiki/File:Abu_Dhabi_Islamic_Bank_Logo.svg
544832,MASTERCARD,CREDIT,GOLD,BANK OF BAGHDAD,+964662568329,http://www.bankofbaghdad.org,IQ,IRQ,IRAQ,bankofbaghdad.com.iq,https://img.logo.dev/bankofbaghdad.com.iq?format=png&size=400
544867,MASTERCARD,CREDIT,WORLD,DOHA BANK Q.S.C,,,QA,QAT,QATAR,dohabank.com,https://commons.wikimedia.org/wiki/File:Doha_Bank_logo.svg
544869,MASTERCARD,CREDIT,GOLD,JORDAN COMMERCIAL BANK,+96265203000,http://www.jcbank.com.jo,JO,JOR,JORDAN,jcbank.com.jo,https://img.logo.dev/jcbank.com.jo?format=png&size=400
544873,MASTERCARD,CREDIT,TITANIUM,SAMBA FINANCIAL GROUP,+9668001242000,http://www.samba.com,SA,SAU,SAUDI ARABIA,alahli.com,https://commons.wikimedia.org/wiki/File:Saudi_National_Bank_Logo.svg
544894,MASTERCARD,CREDIT,GOLD,CSCBANK S.A.L.,+9611871245,http://www.ccm.com.lb,LB,LBN,LEBANON,cscbank.com,https://img.logo.dev/cscbank.com?format=png&size=400
544956,MASTERCARD,CREDIT,STANDARD,CSCBANK S.A.L.,+9611871245,http://www.ccm.com.lb,LB,LBN,LEBANON,cscbank.com,https://img.logo.dev/cscbank.com?format=png&size=400
544975,MASTERCARD,CREDIT,STANDARD,NETWORK INTERNATIONAL LLC,,,AE,ARE,UNITED ARAB EMIRATES,network.ae,https://img.logo.dev/network.ae?format=png&size=400
544976,MASTERCARD,CREDIT,GOLD,NETWORK INTERNATIONAL LLC,,,AE,ARE,UNITED ARAB EMIRATES,network.ae,https://img.logo.dev/network.ae?format=png&size=400
544978,MASTERCARD,CREDIT,STANDARD,CSCBANK S.A.L.,+9611871245,http://www.ccm.com.lb,LB,LBN,LEBANON,cscbank.com,https://img.logo.dev/cscbank.com?format=png&size=400
545045,MASTERCARD,DEBIT,WORLD,"EGYPTIAN BANKS CO. FOR TECHNOLOGICAL ADVANCEMENT, S.A.E.",,,EG,EGY,EGYPT,ebc-egypt.com,https://img.logo.dev/ebc-egypt.com?format=png&size=400
545052,MASTERCARD,CREDIT,TITANIUM,AAFAQ ISLAMIC FINANCE PSC,,,AE,ARE,UNITED ARAB EMIRATES,aafaq.ae,https://img.logo.dev/aafaq.ae?format=png&size=400
545056,MASTERCARD,CREDIT,WORLD ELITE,DOHA BANK Q.S.C,,,QA,QAT,QATAR,dohabank.com,https://commons.wikimedia.org/wiki/File:Doha_Bank_logo.svg
545063,MASTERCARD,CREDIT,WORLD ELITE,DOHA BANK Q.S.C,,,QA,QAT,QATAR,dohabank.com,https://commons.wikimedia.org/wiki/File:Doha_Bank_logo.svg
545066,MASTERCARD,CREDIT,PLATINUM,DOHA BANK Q.S.C,,,QA,QAT,QATAR,dohabank.com,https://commons.wikimedia.org/wiki/File:Doha_Bank_logo.svg
545070,MASTERCARD,CREDIT,STANDARD,AHLI UNITED BANK B.S.C.,+97317710559,http://www.ahliunited.com,BH,BHR,BAHRAIN,ahliunited.com,https://commons.wikimedia.org/wiki/File:Ahli_United_Bank_logo.svg
545071,MASTERCARD,CREDIT,STANDARD,BANK MUSCAT (SAOG),,,OM,OMN,OMAN,bankmuscat.com,https://commons.wikimedia.org/wiki/File:Bank_Muscat_logo.svg
545075,MASTERCARD,CREDIT,STANDARD,NATIONAL BANK OF EGYPT,,http://www.nbe.com.eg,EG,EGY,EGYPT,nbe.com.eg,https://commons.wikimedia.org/wiki/File:National_Bank_of_Egypt_Logo.svg
545076,MASTERCARD,CREDIT,WORLD ELITE EXCLUSIVE,DOHA BANK Q.S.C,,,QA,QAT,QATAR,dohabank.com,https://commons.wikimedia.org/wiki/File:Doha_Bank_logo.svg
545134,MASTERCARD,CREDIT,WORLD,"MAX IT FINANCE, LTD.",,,IL,ISR,ISRAEL,max.co.il,https://commons.wikimedia.org/wiki/File:Max_It_Finance_logo.svg
545136,MASTERCARD,CREDIT,WORLD,ISRAEL CREDIT CARDS LTD.,,,IL,ISR,ISRAEL,cal-online.co.il,https://commons.wikimedia.org/wiki/File:Cal_Israel_Credit_Cards_logo.svg
545138,MASTERCARD,CREDIT,BUSINESS,BANK LEUMI LE-ISRAEL BM,,,IL,ISR,ISRAEL,leumi.co.il,https://commons.wikimedia.org/wiki/File:Bank_Leumi_Logo.svg
545150,MASTERCARD,CREDIT,WORLD ELITE,FIRST ABU DHABI BANK PJSC,+971600525500,https://www.bankfab.com,AE,ARE,UNITED ARAB EMIRATES,bankfab.com,https://commons.wikimedia.org/wiki/File:First_Abu_Dhabi_Bank_Logo.svg
545169,MASTERCARD,CREDIT,WORLD ELITE EXCLUSIVE,FIRST ABU DHABI BANK PJSC,+971600525500,https://www.bankfab.com,AE,ARE,UNITED ARAB EMIRATES,bankfab.com,https://commons.wikimedia.org/wiki/File:First_Abu_Dhabi_Bank_Logo.svg
545205,MASTERCARD,DEBIT,PREPAID GOLD PAYROLL,THE SAUDI NATIONAL BANK,,,SA,SAU,SAUDI ARABIA,alahli.com,https://commons.wikimedia.org/wiki/File:Saudi_National_Bank_Logo.svg
545209,MASTERCARD,CREDIT,WORLD,QATAR NATIONAL BANK,+97444622724,http://www.qnb.com.qa,QA,QAT,QATAR,qnb.com,https://commons.wikimedia.org/wiki/File:Qatar_National_Bank_Logo.svg
545218,MASTERCARD,CREDIT,WORLD,BANK MUSCAT (SAOG),,,OM,OMN,OMAN,bankmuscat.com,https://commons.wikimedia.org/wiki/File:Bank_Muscat_logo.svg
545267,MASTERCARD,DEBIT,STANDARD,"IRAQ ELECTRONIC GATE FOR FINANCIAL SERVICES CO, LTD.",,,IQ,IRQ,IRAQ,qicard.net,https://commons.wikimedia.org/wiki/File:Qi_card_logo.svg
545291,MASTERCARD,CREDIT,GOLD,JORDAN AHLI BANK,06- 5007777,http://www.ahli.com,IQ,IRQ,IRAQ,ahlibank.com.jo,https://commons.wikimedia.org/wiki/File:Jordan_Ahli_Bank_logo.svg
545297,MASTERCARD,CREDIT,STANDARD,SAUDI BRITISH BANK,,http://www.sabb.com,SA,SAU,SAUDI ARABIA,sab.com,https://commons.wikimedia.org/wiki/File:Saudi_Awwal_Bank_Logo.svg
545318,MASTERCARD,CREDIT,,SAUDI AMERICAN BANK,,http://www.sabb.com,SA,SAU,SAUDI ARABIA,alahli.com,https://commons.wikimedia.org/wiki/File:Saudi_National_Bank_Logo.svg
545369,MASTERCARD,CREDIT,BUSINESS,"MAX IT FINANCE, LTD.",,,IL,ISR,ISRAEL,max.co.il,https://commons.wikimedia.org/wiki/File:Max_It_Finance_logo.svg
545408,MASTERCARD,CREDIT,PLATINUM,KUWAIT FINANCE HOUSE K.S.C.,+9651803333,http://www.kfh.com,KW,KWT,KUWAIT,financehouse.ae,https://img.logo.dev/financehouse.ae?format=png&size=400
545424,MASTERCARD,CREDIT,TITANIUM,GULF BANK K.S.C.,,http://www.gulfbank.com,KW,KWT,KUWAIT,e-gulfbank.com,https://commons.wikimedia.org/wiki/File:Gulf_Bank_Kuwait_logo.svg
545456,MASTERCARD,CREDIT,WORLD ELITE,NETWORK INTERNATIONAL LLC,,,EG,EGY,EGYPT,network.ae,https://img.logo.dev/network.ae?format=png&size=400
545466,MASTERCARD,CREDIT,MIXED PRODUCT,OMAN ARAB BANK S.A.O.C.,,,OM,OMN,OMAN,oman-arabbank.com,https://commons.wikimedia.org/wiki/File:Oman_Arab_Bank_logo.svg
545531,MASTERCARD,CREDIT,,,,,JO,JOR,JORDAN,,
545532,MASTERCARD,CREDIT,,,,,JO,JOR,JORDAN,,
545556,MASTERCARD,CREDIT,PLATINUM,JORDAN KUWAIT BANK,,http://www.jordan-kuwait-bank.com,JO,JOR,JORDAN,jkb.com,https://commons.wikimedia.org/wiki/File:Jordan_Kuwait_Bank_logo.svg
545594,MASTERCARD,CREDIT,PLATINUM,HSBC BANK MIDDLE EAST,+97317569999,http://www.hsbc.ae,BH,BHR,BAHRAIN,hsbc.com,https://commons.wikimedia.org/wiki/File:HSBC_logo_(2018).svg
545607,MASTERCARD,CREDIT,WORLD,JORDAN KUWAIT BANK,,http://www.jordan-kuwait-bank.com,JO,JOR,JORDAN,jkb.com,https://commons.wikimedia.org/wiki/File:Jordan_Kuwait_Bank_logo.svg
545619,MASTERCARD,CREDIT,STANDARD,AL-RAJHI BANKING AND INVESTMENT CORPORATION,,,SA,SAU,SAUDI ARABIA,alrajhibank.com.sa,https://commons.wikimedia.org/wiki/File:Al_Rajhi_Bank_Logo.svg
545626,MASTERCARD,CREDIT,PLATINUM,HSBC BANK MIDDLE EAST,+96880074722,http://www.hsbc.ae,OM,OMN,OMAN,hsbc.com,https://commons.wikimedia.org/wiki/File:HSBC_logo_(2018).svg
545642,MASTERCARD,CREDIT,CORPORATE,BLOM BANK S.A.L.,(961-1) 738938 - 743300 OR (961-1) 372780 - 370830 - 373102,http://www.blom.com.lb,LB,LBN,LEBANON,blom.com.lb,https://commons.wikimedia.org/wiki/File:BLOM_Bank_logo.svg
545649,MASTERCARD,CREDIT,STANDARD,ARAB FINANCIAL SERVICES COMPANY B.S.C. (C),,,AE,ARE,UNITED ARAB EMIRATES,afs.com.bh,https://img.logo.dev/afs.com.bh?format=png&size=400
545650,MASTERCARD,CREDIT,GOLD,ARAB FINANCIAL SERVICES COMPANY B.S.C. (C),,,AE,ARE,UNITED ARAB EMIRATES,afs.com.bh,https://img.logo.dev/afs.com.bh?format=png&size=400
545651,MASTERCARD,DEBIT,PREPAID,DUBAI ISLAMIC BANK PJSC,,,AE,ARE,UNITED ARAB EMIRATES,alislami.ae,https://commons.wikimedia.org/wiki/File:Dubai_Islamic_Bank_logo.svg
545657,MASTERCARD,CREDIT,STANDARD,COMMERCIAL BANK INTERNATIONAL,+97142275265,http://www.cbiuae.com,AE,ARE,UNITED ARAB EMIRATES,cbiuae.com,https://img.logo.dev/cbiuae.com?format=png&size=400
545658,MASTERCARD,CREDIT,GOLD,COMMERCIAL BANK INTERNATIONAL,+97142275265,http://www.cbiuae.com,AE,ARE,UNITED ARAB EMIRATES,cbiuae.com,https://img.logo.dev/cbiuae.com?format=png&size=400
545662,MASTERCARD,DEBIT,PLATINUM,HOUSING & DEVELOPMENT BANK,,,EG,EGY,EGYPT,,
545722,MASTERCARD,DEBIT,PREPAID PLATINUM TRAVEL,ARAB PAYMENT SERVICES,,,IQ,IRQ,IRAQ,aps.iq,https://img.logo.dev/aps.iq?format=png&size=400
545748,MASTERCARD,CREDIT,STANDARD,ARAB FINANCIAL SERVICES COMPANY B.S.C. (C),,,AE,ARE,UNITED ARAB EMIRATES,afs.com.bh,https://img.logo.dev/afs.com.bh?format=png&size=400
545759,MASTERCARD,DEBIT,PREPAID,MIDDLE EAST PAYMENT SERVICES LIMITED CO.,,,IQ,IRQ,IRAQ,meps.com.jo,https://img.logo.dev/meps.com.jo?format=png&size=400
545788,MASTERCARD,CREDIT,STANDARD,ARAB FINANCIAL SERVICES COMPANY B.S.C. (C),,,BH,BHR,BAHRAIN,afs.com.bh,https://img.logo.dev/afs.com.bh?format=png&size=400
545792,MASTERCARD,CREDIT,WORLD,FINANCE HOUSE L.L.C.,,,AE,ARE,UNITED ARAB EMIRATES,financehouse.ae,https://img.logo.dev/financehouse.ae?format=png&size=400
545816,MASTERCARD,CREDIT,STANDARD,ARAB FINANCIAL SERVICES COMPANY B.S.C. (C),,,QA,QAT,QATAR,afs.com.bh,https://img.logo.dev/afs.com.bh?format=png&size=400
545825,MASTERCARD,CREDIT,STANDARD,EMIRATES NBD,+971800456,http://www.emiratesnbd.com,AE,ARE,UNITED ARAB EMIRATES,emiratesnbd.com,https://commons.wikimedia.org/wiki/File:Emirates_NBD_logo.svg
545855,MASTERCARD,CREDIT,,RIYAD BANK,,http://www.riyadbank.com,SA,SAU,SAUDI ARABIA,riyadbank.com,https://commons.wikimedia.org/wiki/File:Riyad_Bank_logo.svg
545874,MASTERCARD,CREDIT,GOLD,ARAB FINANCIAL SERVICES COMPANY B.S.C. (C),,,AE,ARE,UNITED ARAB EMIRATES,afs.com.bh,https://img.logo.dev/afs.com.bh?format=png&size=400
545980,MASTERCARD,CREDIT,STANDARD,CSCBANK S.A.L.,+9611871245,http://www.ccm.com.lb,LB,LBN,LEBANON,cscbank.com,https://img.logo.dev/cscbank.com?format=png&size=400
545987,MASTERCARD,CREDIT,TITANIUM,"CITIBANK, N.A.",,https://www.citi.com,AE,ARE,UNITED ARAB EMIRATES,citibank.com,https://commons.wikimedia.org/wiki/File:Citibank.svg
546004,MASTERCARD,CREDIT,CORPORATE,HSBC BANK MIDDLE EAST,+97142241000,http://www.hsbc.ae,AE,ARE,UNITED ARAB EMIRATES,hsbc.com,https://commons.wikimedia.org/wiki/File:HSBC_logo_(2018).svg
546024,MASTERCARD,DEBIT,PREPAID PLATINUM TRAVEL,ITHMAAR BANK B.S.C.,,,BH,BHR,BAHRAIN,ithmaarbank.com,https://commons.wikimedia.org/wiki/File:Ithmaar_Bank_logo.svg
546068,MASTERCARD,CREDIT,WORLD,"CITIBANK, N.A.",,https://www.citi.com,AE,ARE,UNITED ARAB EMIRATES,citibank.com,https://commons.wikimedia.org/wiki/File:Citibank.svg
546265,MASTERCARD,CREDIT,GOLD,ARAB FINANCIAL SERVICES COMPANY B.S.C. (C),,,AE,ARE,UNITED ARAB EMIRATES,afs.com.bh,https://img.logo.dev/afs.com.bh?format=png&size=400
546266,MASTERCARD,CREDIT,STANDARD,ARAB FINANCIAL SERVICES COMPANY B.S.C. (C),,,AE,ARE,UNITED ARAB EMIRATES,afs.com.bh,https://img.logo.dev/afs.com.bh?format=png&size=400
546267,MASTERCARD,DEBIT,PREPAID RELOADABLE,KURDISTAN INTERNATIONAL BANK FOR INVESTMENT AND DEVELOPMENT INC. P.S.C,,,IQ,IRQ,IRAQ,,
546287,MASTERCARD,CREDIT,PLATINUM,HSBC BANK MIDDLE EAST,,http://www.hsbc.ae,KW,KWT,KUWAIT,hsbc.com,https://commons.wikimedia.org/wiki/File:HSBC_logo_(2018).svg
546319,MASTERCARD,DEBIT,STANDARD,RIYAD BANK,,http://www.riyadbank.com,SA,SAU,SAUDI ARABIA,riyadbank.com,https://commons.wikimedia.org/wiki/File:Riyad_Bank_logo.svg
546328,MASTERCARD,CREDIT,TITANIUM,FRANSABANK SAL,,,LB,LBN,LEBANON,fransabank.com,https://commons.wikimedia.org/wiki/File:Fransabank_logo.svg
546329,MASTERCARD,CREDIT,TITANIUM,FRANSABANK SAL,,,LB,LBN,LEBANON,fransabank.com,https://commons.wikimedia.org/wiki/File:Fransabank_logo.svg
546336,MASTERCARD,DEBIT,PREPAID RELOADABLE,NATIONAL COMMERCIAL BANK,,,SA,SAU,SAUDI ARABIA,alahli.com,https://commons.wikimedia.org/wiki/File:Saudi_National_Bank_Logo.svg
546350,MASTERCARD,CREDIT,PLATINUM,EMIRATES NATIONAL BANK OF DUBAI S.A.E,,,EG,EGY,EGYPT,emiratesnbd.com,https://commons.wikimedia.org/wiki/File:Emirates_NBD_logo.svg
546475,MASTERCARD,DEBIT,,NATIONAL SOCIETE GENERAL BANK S.A.E.,+20227707777,,EG,EGY,EGYPT,,
546482,MASTERCARD,DEBIT,PREPAID PLATINUM TRAVEL,ABU DHABI ISLAMIC BANK P.J.S.C.,,,AE,ARE,UNITED ARAB EMIRATES,adib.ae,https://commons.wikimedia.org/wiki/File:Abu_Dhabi_Islamic_Bank_Logo.svg
546483,MASTERCARD,DEBIT,TITANIUM,BANQUE MISR,+20223912150,http://www.banquemisr.com,EG,EGY,EGYPT,banquemisr.com,https://commons.wikimedia.org/wiki/File:Banque_Misr_logo.svg
546526,MASTERCARD,DEBIT,GOLD,JORDAN KUWAIT BANK,,http://www.jordan-kuwait-bank.com,JO,JOR,JORDAN,jkb.com,https://commons.wikimedia.org/wiki/File:Jordan_Kuwait_Bank_logo.svg
546529,MASTERCARD,DEBIT,PLATINUM,"CITIBANK, N.A.",,https://www.citi.com,AE,ARE,UNITED ARAB EMIRATES,citibank.com,https://commons.wikimedia.org/wiki/File:Citibank.svg
546568,MASTERCARD,CREDIT,WORLD,BANK NIZWA SAOG,,,OM,OMN,OMAN,banknizwa.om,https://commons.wikimedia.org/wiki/File:Bank_Nizwa_logo.svg
546572,MASTERCARD,CREDIT,STANDARD,AM BANK S.A.L.,,,LB,LBN,LEBANON,ambank.com.lb,https://img.logo.dev/ambank.com.lb?format=png&size=400
546573,MASTERCARD,CREDIT,GOLD,AM BANK S.A.L.,,,LB,LBN,LEBANON,ambank.com.lb,https://img.logo.dev/ambank.com.lb?format=png&size=400
546631,MASTERCARD,CREDIT,WORLD,NATIONAL COMMERCIAL BANK,,,SA,SAU,SAUDI ARABIA,alahli.com,https://commons.wikimedia.org/wiki/File:Saudi_National_Bank_Logo.svg
546635,MASTERCARD,CREDIT,WORLD,JORDAN AHLI BANK,+96265007777,http://www.ahli.com,JO,JOR,JORDAN,ahlibank.com.jo,https://commons.wikimedia.org/wiki/File:Jordan_Ahli_Bank_logo.svg
546743,MASTERCARD,CREDIT,GOLD,"INTERNATIONAL CARD CO., LTD.",,http://www.kartee.com.jo,JO,JOR,JORDAN,kartee.com.jo,https://img.logo.dev/kartee.com.jo?format=png&size=400
546746,MASTERCARD,CREDIT,GOLD,ARAB FINANCIAL SERVICES COMPANY B.S.C. (C),,,IQ,IRQ,IRAQ,afs.com.bh,https://img.logo.dev/afs.com.bh?format=png&size=400
546750,MASTERCARD,DEBIT,BUSINESS,NATIONAL BANK OF RAS AL-KHAIMAH (RAKBANK),,,AE,ARE,UNITED ARAB EMIRATES,rakbank.ae,https://commons.wikimedia.org/wiki/File:Rakbank_logo.svg
546755,MASTERCARD,CREDIT,WORLD,SAUDI AWWAL BANK,,,SA,SAU,SAUDI ARABIA,sab.com,https://commons.wikimedia.org/wiki/File:Saudi_Awwal_Bank_Logo.svg
546756,MASTERCARD,CREDIT,WORLD ELITE FLEX,SAUDI AWWAL BANK,,,SA,SAU,SAUDI ARABIA,sab.com,https://commons.wikimedia.org/wiki/File:Saudi_Awwal_Bank_Logo.svg
546757,MASTERCARD,CREDIT,PLATINUM,SAUDI AWWAL BANK,,,SA,SAU,SAUDI ARABIA,sab.com,https://commons.wikimedia.org/wiki/File:Saudi_Awwal_Bank_Logo.svg
546758,MASTERCARD,CREDIT,GOLD,ITHMAAR BANK B.S.C.,,,BH,BHR,BAHRAIN,ithmaarbank.com,https://commons.wikimedia.org/wiki/File:Ithmaar_Bank_logo.svg
546760,MASTERCARD,CREDIT,GOLD,"INTERNATIONAL CARD CO., LTD.",,http://www.kartee.com.jo,JO,JOR,JORDAN,kartee.com.jo,https://img.logo.dev/kartee.com.jo?format=png&size=400
546771,MASTERCARD,DEBIT,TITANIUM,NETWORK INTERNATIONAL LLC,,,AE,ARE,UNITED ARAB EMIRATES,network.ae,https://img.logo.dev/network.ae?format=png&size=400
546799,MASTERCARD,DEBIT,PREPAID,FIRST ABU DHABI BANK PJSC,+20225204375,https://www.bankfab.com,EG,EGY,EGYPT,bankfab.com,https://commons.wikimedia.org/wiki/File:First_Abu_Dhabi_Bank_Logo.svg
546803,MASTERCARD,CREDIT,GOLD,BANK DHOFAR SAOG,,,OM,OMN,OMAN,bankdhofar.com,https://commons.wikimedia.org/wiki/File:Bank_Dhofar_logo.svg
546808,MASTERCARD,CREDIT,GOLD,ARAB PAYMENT SERVICES,,,IQ,IRQ,IRAQ,aps.iq,https://img.logo.dev/aps.iq?format=png&size=400
546879,MASTERCARD,CREDIT,GOLD,ARAB FINANCIAL SERVICES COMPANY B.S.C. (C),,,AE,ARE,UNITED ARAB EMIRATES,afs.com.bh,https://img.logo.dev/afs.com.bh?format=png&size=400
546891,MASTERCARD,CREDIT,GOLD,JORDAN ISLAMIC BANK CO.,,,JO,JOR,JORDAN,jordanislamicbank.com,https://commons.wikimedia.org/wiki/File:Jordan_Islamic_Bank_logo.svg
546921,MASTERCARD,DEBIT,,ALEXBANK,1 9 0 3 3,http://www.alexbank.com,EG,EGY,EGYPT,alexbank.com,https://commons.wikimedia.org/wiki/File:Alexbank_logo.svg
546924,MASTERCARD,CREDIT,WORLD ELITE,BANK ALJAZIRA,,,SA,SAU,SAUDI ARABIA,baj.com.sa,https://commons.wikimedia.org/wiki/File:Aljazira_Bank_Logo.svg
547010,MASTERCARD,CREDIT,GOLD,ARAB FINANCIAL SERVICES COMPANY B.S.C. (C),,,BH,BHR,BAHRAIN,afs.com.bh,https://img.logo.dev/afs.com.bh?format=png&size=400
547017,MASTERCARD,CREDIT,GOLD,ARAB FINANCIAL SERVICES COMPANY B.S.C. (C),,,QA,QAT,QATAR,afs.com.bh,https://img.logo.dev/afs.com.bh?format=png&size=400
547019,MASTERCARD,CREDIT,GOLD,BAHRAIN ISLAMIC BANK B.S.C,,,BH,BHR,BAHRAIN,bisb.com,https://commons.wikimedia.org/wiki/File:BisB_logo.svg
547021,MASTERCARD,CREDIT,STANDARD,"COMMERCIAL BANK OF QATAR, LTD.",+97444490000,http://www.cbq.com.qa,QA,QAT,QATAR,cbq.qa,https://commons.wikimedia.org/wiki/File:Commercial_Bank_of_Qatar_Logo.svg
547026,MASTERCARD,CREDIT,WORLD ELITE,ALINMA BANK,,,SA,SAU,SAUDI ARABIA,alinma.com,https://commons.wikimedia.org/wiki/File:Alinma_Bank_logo.svg
547042,MASTERCARD,CREDIT,PLATINUM,BANQUE SAUDI FRANSI,966 1 289 9999 OR 966 1 874 4000,http://www.alfransi.com.sa,SA,SAU,SAUDI ARABIA,alfransi.com.sa,https://commons.wikimedia.org/wiki/File:Banque_Saudi_Fransi_Logo.svg
547045,MASTERCARD,CREDIT,PLATINUM,KUWAIT FINANCE HOUSE K.S.C.,+9651803333,http://www.kfh.com,KW,KWT,KUWAIT,financehouse.ae,https://img.logo.dev/financehouse.ae?format=png&size=400
547047,MASTERCARD,CREDIT,,"CARDS FINANCIAL SERVICES COMPANY, B.S.C.",,,BH,BHR,BAHRAIN,,
547084,MASTERCARD,DEBIT,STANDARD,TRADE BANK OF IRAQ,+96415433561,http://www.tbiraq.com,IQ,IRQ,IRAQ,tbi.com.iq,https://commons.wikimedia.org/wiki/File:Trade_Bank_of_Iraq_logo.svg
547085,MASTERCARD,CREDIT,GOLD,CSCBANK SAL,,,LB,LBN,LEBANON,cscbank.com,https://img.logo.dev/cscbank.com?format=png&size=400
547105,MASTERCARD,CREDIT,WORLD,SHARJAH ISLAMIC BANK PJSC,+97165999999,http://www.sib.ae,AE,ARE,UNITED ARAB EMIRATES,sib.ae,https://commons.wikimedia.org/wiki/File:Sharjah_Islamic_Bank_logo.svg
547111,MASTERCARD,CREDIT,GOLD,FIRST ABU DHABI BANK PJSC,+971600525500,https://www.bankfab.com,AE,ARE,UNITED ARAB EMIRATES,bankfab.com,https://commons.wikimedia.org/wiki/File:First_Abu_Dhabi_Bank_Logo.svg
547112,MASTERCARD,CREDIT,GOLD,ABU DHABI ISLAMIC BANK,,http://www.adib.ae,EG,EGY,EGYPT,adib.ae,https://commons.wikimedia.org/wiki/File:Abu_Dhabi_Islamic_Bank_Logo.svg
547136,MASTERCARD,CREDIT,GOLD,CSCBANK S.A.L.,+9611871245,http://www.ccm.com.lb,LB,LBN,LEBANON,cscbank.com,https://img.logo.dev/cscbank.com?format=png&size=400
547147,MASTERCARD,CREDIT,PLATINUM,HSBC BANK MIDDLE EAST,+97142241000,http://www.hsbc.ae,AE,ARE,UNITED ARAB EMIRATES,hsbc.com,https://commons.wikimedia.org/wiki/File:HSBC_logo_(2018).svg
547148,MASTERCARD,CREDIT,PLATINUM,HSBC BANK MIDDLE EAST,+97142241000,http://www.hsbc.ae,AE,ARE,UNITED ARAB EMIRATES,hsbc.com,https://commons.wikimedia.org/wiki/File:HSBC_logo_(2018).svg
547173,MASTERCARD,CREDIT,,,,,SY,SYR,SYRIAN ARAB REPUBLIC,,
547179,MASTERCARD,CREDIT,GOLD,EMERGING MARKETS PAYMENTS AFRICA,,,EG,EGY,EGYPT,,
547185,MASTERCARD,CREDIT,WORLD,WARBA BANK K.S.C,,,KW,KWT,KUWAIT,warbabank.com,https://commons.wikimedia.org/wiki/File:Warba_Bank_logo.svg
547310,MASTERCARD,DEBIT,PREPAID,QATAR NATIONAL BANK AL-AHLI S.A.E,,,EG,EGY,EGYPT,qnb.com,https://commons.wikimedia.org/wiki/File:Qatar_National_Bank_Logo.svg
547331,MASTERCARD,DEBIT,PREPAID RELOADABLE,COMMERCIAL BANK OF DUBAI,+97126268400,http://www.cbd.ae,AE,ARE,UNITED ARAB EMIRATES,cbd.ae,https://commons.wikimedia.org/wiki/File:Commercial_Bank_of_Dubai_logo.svg
547390,MASTERCARD,DEBIT,STANDARD,"IRAQ ELECTRONIC GATE FOR FINANCIAL SERVICES CO, LTD.",,,IQ,IRQ,IRAQ,qicard.net,https://commons.wikimedia.org/wiki/File:Qi_card_logo.svg
547401,MASTERCARD,CREDIT,,,,,OM,OMN,OMAN,,
547405,MASTERCARD,CREDIT,PLATINUM,COMMERCIAL BANK OF QATAR Q.S.C,,,QA,QAT,QATAR,cbq.qa,https://commons.wikimedia.org/wiki/File:Commercial_Bank_of_Qatar_Logo.svg
547432,MASTERCARD,CREDIT,,QATAR NATIONAL BANK,+97444622724,http://www.qnb.com.qa,QA,QAT,QATAR,qnb.com,https://commons.wikimedia.org/wiki/File:Qatar_National_Bank_Logo.svg
547436,MASTERCARD,CREDIT,BUSINESS,BANQUE MISR,+20223912150,http://www.banquemisr.com,EG,EGY,EGYPT,banquemisr.com,https://commons.wikimedia.org/wiki/File:Banque_Misr_logo.svg
547443,MASTERCARD,CREDIT,BUSINESS,MASHREQ BANK,,http://www.mashreqbank.com,QA,QAT,QATAR,mashreqbank.com,https://commons.wikimedia.org/wiki/File:Mashreq_bank_logo.svg
547561,MASTERCARD,CREDIT,,BANK MUSCAT AL AHLI AL OMANI LTD. (S.A.O.G.),,,OM,OMN,OMAN,bankmuscat.com,https://commons.wikimedia.org/wiki/File:Bank_Muscat_logo.svg
547584,MASTERCARD,CREDIT,BUSINESS,ISRAEL CREDIT CARDS LTD.,,,IL,ISR,ISRAEL,cal-online.co.il,https://commons.wikimedia.org/wiki/File:Cal_Israel_Credit_Cards_logo.svg
547640,MASTERCARD,CREDIT,BUSINESS,NATIONAL BANK OF KUWAIT (S.A.K.),,,KW,KWT,KUWAIT,nbk.com,https://commons.wikimedia.org/wiki/File:National_Bank_of_Kuwait_logo.svg
547645,MASTERCARD,CREDIT,CORPORATE,SAUDI AWWAL BANK,,,SA,SAU,SAUDI ARABIA,sab.com,https://commons.wikimedia.org/wiki/File:Saudi_Awwal_Bank_Logo.svg
547657,MASTERCARD,DEBIT,PREPAID RELOADABLE,RIYAD BANK,,http://www.riyadbank.com,SA,SAU,SAUDI ARABIA,riyadbank.com,https://commons.wikimedia.org/wiki/File:Riyad_Bank_logo.svg
547658,MASTERCARD,CREDIT,EXECUTIVE BUSINESS,ABU DHABI COMMERCIAL BANK,+97126962222,http://www.adcb.com,AE,ARE,UNITED ARAB EMIRATES,adcb.com,https://commons.wikimedia.org/wiki/File:Abu_Dhabi_Commercial_Bank_Logo.svg
547668,MASTERCARD,DEBIT,PREPAID,NATIONAL BANK OF EGYPT,,http://www.nbe.com.eg,EG,EGY,EGYPT,nbe.com.eg,https://commons.wikimedia.org/wiki/File:National_Bank_of_Egypt_Logo.svg
547704,MASTERCARD,CREDIT,BUSINESS,MASHREQ BANK,+97143632250,http://www.mashreqbank.com,AE,ARE,UNITED ARAB EMIRATES,mashreqbank.com,https://commons.wikimedia.org/wiki/File:Mashreq_bank_logo.svg
547707,MASTERCARD,CREDIT,BUSINESS,ISRAEL CREDIT CARDS LTD.,,,IL,ISR,ISRAEL,cal-online.co.il,https://commons.wikimedia.org/wiki/File:Cal_Israel_Credit_Cards_logo.svg
547714,MASTERCARD,CREDIT,BUSINESS,ISRAEL CREDIT CARDS LTD.,,,IL,ISR,ISRAEL,cal-online.co.il,https://commons.wikimedia.org/wiki/File:Cal_Israel_Credit_Cards_logo.svg
547718,MASTERCARD,CREDIT,BUSINESS,BANK LEUMI LE-ISRAEL BM,,,IL,ISR,ISRAEL,leumi.co.il,https://commons.wikimedia.org/wiki/File:Bank_Leumi_Logo.svg
547722,MASTERCARD,CREDIT,WORLD,"SUEZ CANAL BANK, S.A.E.",,,EG,EGY,EGYPT,scbank.com.eg,https://commons.wikimedia.org/wiki/File:Suez_Canal_Bank_logo.svg
547850,MASTERCARD,CREDIT,CORPORATE,BANKMED SAL,,,LB,LBN,LEBANON,bankmed.com.lb,https://commons.wikimedia.org/wiki/File:BankMed_logo.svg
547868,MASTERCARD,DEBIT,PREPAID,ARAB FINANCIAL SERVICES COMPANY B.S.C. (C),,,BH,BHR,BAHRAIN,afs.com.bh,https://img.logo.dev/afs.com.bh?format=png&size=400
548050,MASTERCARD,DEBIT,PREPAID,ALEXBANK,1 9 0 3 3,http://www.alexbank.com,EG,EGY,EGYPT,alexbank.com,https://commons.wikimedia.org/wiki/File:Alexbank_logo.svg
548063,MASTERCARD,DEBIT,,,,,AE,ARE,UNITED ARAB EMIRATES,,
548082,MASTERCARD,CREDIT,PLATINUM,MASHREQ BANK,+97143632250,http://www.mashreqbank.com,AE,ARE,UNITED ARAB EMIRATES,mashreqbank.com,https://commons.wikimedia.org/wiki/File:Mashreq_bank_logo.svg
548109,MASTERCARD,CREDIT,GOLD,ITHMAAR BANK B.S.C.,,,BH,BHR,BAHRAIN,ithmaarbank.com,https://commons.wikimedia.org/wiki/File:Ithmaar_Bank_logo.svg
548110,MASTERCARD,CREDIT,WORLD,ITHMAAR BANK B.S.C.,,,BH,BHR,BAHRAIN,ithmaarbank.com,https://commons.wikimedia.org/wiki/File:Ithmaar_Bank_logo.svg
548111,MASTERCARD,CREDIT,GOLD,ITHMAAR BANK B.S.C.,,,BH,BHR,BAHRAIN,ithmaarbank.com,https://commons.wikimedia.org/wiki/File:Ithmaar_Bank_logo.svg
548112,MASTERCARD,CREDIT,PLATINUM,OMAN ARAB BANK S.A.O.C.,,,OM,OMN,OMAN,oman-arabbank.com,https://commons.wikimedia.org/wiki/File:Oman_Arab_Bank_logo.svg
548118,MASTERCARD,CREDIT,,,,,SY,SYR,SYRIAN ARAB REPUBLIC,,
548127,MASTERCARD,CREDIT,PLATINUM,HSBC BANK MIDDLE EAST,+974 4441 6663 A851+A851,http://www.hsbc.ae,QA,QAT,QATAR,hsbc.com,https://commons.wikimedia.org/wiki/File:HSBC_logo_(2018).svg
548128,MASTERCARD,CREDIT,PLATINUM,HSBC BANK MIDDLE EAST,+974 4441 6663 A851+A851,http://www.hsbc.ae,QA,QAT,QATAR,hsbc.com,https://commons.wikimedia.org/wiki/File:HSBC_logo_(2018).svg
548139,MASTERCARD,CREDIT,PLATINUM,HSBC BANK MIDDLE EAST,+97317569999,http://www.hsbc.ae,BH,BHR,BAHRAIN,hsbc.com,https://commons.wikimedia.org/wiki/File:HSBC_logo_(2018).svg
548162,MASTERCARD,CREDIT,PLATINUM,HSBC BANK MIDDLE EAST,+97317569999,http://www.hsbc.ae,BH,BHR,BAHRAIN,hsbc.com,https://commons.wikimedia.org/wiki/File:HSBC_logo_(2018).svg
548178,MASTERCARD,CREDIT,STANDARD,FRANSABANK SAL,,,LB,LBN,LEBANON,fransabank.com,https://commons.wikimedia.org/wiki/File:Fransabank_logo.svg
548179,MASTERCARD,CREDIT,GOLD,FRANSABANK SAL,,,LB,LBN,LEBANON,fransabank.com,https://commons.wikimedia.org/wiki/File:Fransabank_logo.svg
548183,MASTERCARD,CREDIT,STANDARD,"COMMERCIAL BANK OF KUWAIT, S.A.K.",00971 2 6447944,http://www.cbk.com,KW,KWT,KUWAIT,cbk.com,https://commons.wikimedia.org/wiki/File:Commercial_Bank_of_Kuwait_logo.svg
548184,MASTERCARD,CREDIT,,"COMMERCIAL BANK OF KUWAIT, S.A.K.",00971 2 6447944,http://www.cbk.com,KW,KWT,KUWAIT,cbk.com,https://commons.wikimedia.org/wiki/File:Commercial_Bank_of_Kuwait_logo.svg
548224,MASTERCARD,CREDIT,PLATINUM,ARAB BANK FOR INVESTMENT & FOREIGN TRADE,,,AE,ARE,UNITED ARAB EMIRATES,,
548247,MASTERCARD,CREDIT,GOLD,SAMBA FINANCIAL GROUP,+9718001242000,http://www.samba.com,AE,ARE,UNITED ARAB EMIRATES,alahli.com,https://commons.wikimedia.org/wiki/File:Saudi_National_Bank_Logo.svg
548248,MASTERCARD,CREDIT,,,,,SY,SYR,SYRIAN ARAB REPUBLIC,,
548255,MASTERCARD,CREDIT,GOLD,THE SAUDI NATIONAL BANK,,,SA,SAU,SAUDI ARABIA,alahli.com,https://commons.wikimedia.org/wiki/File:Saudi_National_Bank_Logo.svg
548274,MASTERCARD,DEBIT,PREPAID,ALEXBANK,1 9 0 3 3,http://www.alexbank.com,EG,EGY,EGYPT,alexbank.com,https://commons.wikimedia.org/wiki/File:Alexbank_logo.svg
548277,MASTERCARD,CREDIT,TITANIUM,COMMERCIAL BANK OF KUWAIT S.A.K.,,,KW,KWT,KUWAIT,cbk.com,https://commons.wikimedia.org/wiki/File:Commercial_Bank_of_Kuwait_logo.svg
548306,MASTERCARD,CREDIT,,,,,SY,SYR,SYRIAN ARAB REPUBLIC,,
548322,MASTERCARD,CREDIT,STANDARD,RIYAD BANK,,http://www.riyadbank.com,SA,SAU,SAUDI ARABIA,riyadbank.com,https://commons.wikimedia.org/wiki/File:Riyad_Bank_logo.svg
548323,MASTERCARD,CREDIT,GOLD,RIYAD BANK,,http://www.riyadbank.com,SA,SAU,SAUDI ARABIA,riyadbank.com,https://commons.wikimedia.org/wiki/File:Riyad_Bank_logo.svg
548349,MASTERCARD,CREDIT,STANDARD,ALAWWAL BANK,,,SA,SAU,SAUDI ARABIA,sab.com,https://commons.wikimedia.org/wiki/File:Saudi_Awwal_Bank_Logo.svg
548350,MASTERCARD,CREDIT,TITANIUM,ALAWWAL BANK,,,SA,SAU,SAUDI ARABIA,sab.com,https://commons.wikimedia.org/wiki/File:Saudi_Awwal_Bank_Logo.svg
548354,MASTERCARD,CREDIT,WORLD,BANK HAPOALIM B.M.,,,IL,ISR,ISRAEL,bankhapoalim.co.il,https://commons.wikimedia.org/wiki/File:Bank_Hapoalim_Logo.svg
548384,MASTERCARD,CREDIT,PLATINUM,ARAB BANK FOR INVESTMENT & FOREIGN TRADE,,,AE,ARE,UNITED ARAB EMIRATES,,
548446,MASTERCARD,DEBIT,STANDARD,BANQUE DU CAIRE,+20222648410,http://www.bdc.com.eg,EG,EGY,EGYPT,bdc.com.eg,https://commons.wikimedia.org/wiki/File:Banque_du_Caire_logo.svg
548457,MASTERCARD,CREDIT,GOLD,ABU DHABI ISLAMIC BANK,,http://www.adib.ae,EG,EGY,EGYPT,adib.ae,https://commons.wikimedia.org/wiki/File:Abu_Dhabi_Islamic_Bank_Logo.svg
548492,MASTERCARD,CREDIT,GOLD,"INTERNATIONAL CARD CO., LTD.",96265660660,http://www.kartee.com.jo,PS,PSE,"PALESTINIAN TERRITORY, OCCUPIED",kartee.com.jo,https://img.logo.dev/kartee.com.jo?format=png&size=400
548528,MASTERCARD,DEBIT,PREPAID,BAHRAIN ISLAMIC BANK B.S.C,,,BH,BHR,BAHRAIN,bisb.com,https://commons.wikimedia.org/wiki/File:BisB_logo.svg
548542,MASTERCARD,CREDIT,PLATINUM,ITHMAAR BANK B.S.C.,,,BH,BHR,BAHRAIN,ithmaarbank.com,https://commons.wikimedia.org/wiki/File:Ithmaar_Bank_logo.svg
548564,MASTERCARD,DEBIT,PREPAID,QATAR NATIONAL BANK AL-AHLI S.A.E,,,EG,EGY,EGYPT,qnb.com,https://commons.wikimedia.org/wiki/File:Qatar_National_Bank_Logo.svg
548585,MASTERCARD,CREDIT,PLATINUM,JORDAN KUWAIT BANK,,http://www.jordan-kuwait-bank.com,JO,JOR,JORDAN,jkb.com,https://commons.wikimedia.org/wiki/File:Jordan_Kuwait_Bank_logo.svg
548587,MASTERCARD,CREDIT,PLATINUM,NATIONAL BANK OF OMAN (SAOG),,,OM,OMN,OMAN,nbo.om,https://commons.wikimedia.org/wiki/File:National_Bank_of_Oman_logo.svg
548599,MASTERCARD,CREDIT,PLATINUM,FRANSABANK SAL,,,LB,LBN,LEBANON,fransabank.com,https://commons.wikimedia.org/wiki/File:Fransabank_logo.svg
548642,MASTERCARD,CREDIT,STANDARD,ABU DHABI ISLAMIC BANK,,http://www.adib.ae,EG,EGY,EGYPT,adib.ae,https://commons.wikimedia.org/wiki/File:Abu_Dhabi_Islamic_Bank_Logo.svg
548644,MASTERCARD,DEBIT,PREPAID,ARAB PAYMENT SERVICES,,,IQ,IRQ,IRAQ,aps.iq,https://img.logo.dev/aps.iq?format=png&size=400
548670,MASTERCARD,CREDIT,INSTALLMENT PAYMENTS S,FIRST ABU DHABI BANK PJSC,+971600525500,https://www.bankfab.com,AE,ARE,UNITED ARAB EMIRATES,bankfab.com,https://commons.wikimedia.org/wiki/File:First_Abu_Dhabi_Bank_Logo.svg
548703,MASTERCARD,CREDIT,STANDARD,JORDAN AHLI BANK,+96265007777,http://www.ahli.com,JO,JOR,JORDAN,ahlibank.com.jo,https://commons.wikimedia.org/wiki/File:Jordan_Ahli_Bank_logo.svg
548746,MASTERCARD,DEBIT,PREPAID GOLD PAYROLL,COMMERCIAL BANK OF DUBAI,+97126268400,http://www.cbd.ae,AE,ARE,UNITED ARAB EMIRATES,cbd.ae,https://commons.wikimedia.org/wiki/File:Commercial_Bank_of_Dubai_logo.svg
548759,MASTERCARD,CREDIT,GOLD,"EGYPTIAN BANKS CO. FOR TECHNOLOGICAL ADVANCEMENT, S.A",,,EG,EGY,EGYPT,ebc-egypt.com,https://img.logo.dev/ebc-egypt.com?format=png&size=400
548760,MASTERCARD,CREDIT,GOLD,ABU DHABI COMMERCIAL BANK,+97126962222,http://www.adcb.com,AE,ARE,UNITED ARAB EMIRATES,adcb.com,https://commons.wikimedia.org/wiki/File:Abu_Dhabi_Commercial_Bank_Logo.svg
548769,MASTERCARD,CREDIT,GOLD,ARAB FINANCIAL SERVICES COMPANY B.S.C. (C),,,OM,OMN,OMAN,afs.com.bh,https://img.logo.dev/afs.com.bh?format=png&size=400
548845,MASTERCARD,CREDIT,WORLD,WARBA BANK K.S.C,,,KW,KWT,KUWAIT,warbabank.com,https://commons.wikimedia.org/wiki/File:Warba_Bank_logo.svg
548881,MASTERCARD,CREDIT,TITANIUM,FRANSABANK SAL,,,LB,LBN,LEBANON,fransabank.com,https://commons.wikimedia.org/wiki/File:Fransabank_logo.svg
548894,MASTERCARD,CREDIT,WORLD ELITE,JORDAN KUWAIT BANK,,http://www.jordan-kuwait-bank.com,JO,JOR,JORDAN,jkb.com,https://commons.wikimedia.org/wiki/File:Jordan_Kuwait_Bank_logo.svg
548896,MASTERCARD,CREDIT,STANDARD,FRANSABANK S.A.L.,+9611340180,http://www.fransabank.com,LB,LBN,LEBANON,fransabank.com,https://commons.wikimedia.org/wiki/File:Fransabank_logo.svg
548903,MASTERCARD,CREDIT,STANDARD,UNITED BANK S.E.A.,,,EG,EGY,EGYPT,,
548905,MASTERCARD,CREDIT,STANDARD,FRANSABANK SAL,,,LB,LBN,LEBANON,fransabank.com,https://commons.wikimedia.org/wiki/File:Fransabank_logo.svg
548916,MASTERCARD,CREDIT,STANDARD,FRANSABANK SAL,,,LB,LBN,LEBANON,fransabank.com,https://commons.wikimedia.org/wiki/File:Fransabank_logo.svg
548920,MASTERCARD,CREDIT,STANDARD,BANQUE LIBANO - FRANCAISE S.A.L.,,,LB,LBN,LEBANON,,
548930,MASTERCARD,CREDIT,BUSINESS,ITHMAAR BANK B.S.C.,,,BH,BHR,BAHRAIN,ithmaarbank.com,https://commons.wikimedia.org/wiki/File:Ithmaar_Bank_logo.svg
548966,MASTERCARD,CREDIT,,BANK MUSCAT LTD. (S.A.O.G.),,,OM,OMN,OMAN,bankmuscat.com,https://commons.wikimedia.org/wiki/File:Bank_Muscat_logo.svg
548972,MASTERCARD,CREDIT,GOLD,CSCBANK S.A.L.,+9611871245,http://www.ccm.com.lb,LB,LBN,LEBANON,cscbank.com,https://img.logo.dev/cscbank.com?format=png&size=400
548979,MASTERCARD,CREDIT,STANDARD,ALAWWAL BANK,,,SA,SAU,SAUDI ARABIA,sab.com,https://commons.wikimedia.org/wiki/File:Saudi_Awwal_Bank_Logo.svg
549131,MASTERCARD,DEBIT,PLATINUM,BANK NIZWA SAOG,,,OM,OMN,OMAN,banknizwa.om,https://commons.wikimedia.org/wiki/File:Bank_Nizwa_logo.svg
549140,MASTERCARD,CREDIT,PLATINUM,STANDARD CHARTERED BANK,+971600522288,https://www.sc.com,AE,ARE,UNITED ARAB EMIRATES,sc.com,https://commons.wikimedia.org/wiki/File:Standard_Chartered_(2021).svg
549173,MASTERCARD,DEBIT,PLATINUM,ARAB BANK FOR INVESTMENT & FOREIGN TRADE,,,AE,ARE,UNITED ARAB EMIRATES,,
549184,MASTERCARD,DEBIT,PLATINUM,BANK NIZWA SAOG,,,OM,OMN,OMAN,banknizwa.om,https://commons.wikimedia.org/wiki/File:Bank_Nizwa_logo.svg
549187,MASTERCARD,CREDIT,,,,,SY,SYR,SYRIAN ARAB REPUBLIC,,
549212,MASTERCARD,DEBIT,PREPAID,,,,IL,ISR,ISRAEL,,
549231,MASTERCARD,CREDIT,WORLD,NETWORK INTERNATIONAL LLC,,,AE,ARE,UNITED ARAB EMIRATES,network.ae,https://img.logo.dev/network.ae?format=png&size=400
549241,MASTERCARD,CREDIT,STANDARD,CSCBANK S.A.L.,961) 1 742 555,http://www.ccm.com.lb,IQ,IRQ,IRAQ,cscbank.com,https://img.logo.dev/cscbank.com?format=png&size=400
549266,MASTERCARD,DEBIT,PREPAID,DOHA BANK Q.S.C,,,QA,QAT,QATAR,dohabank.com,https://commons.wikimedia.org/wiki/File:Doha_Bank_logo.svg
549284,MASTERCARD,CREDIT,WORLD,FIRST ABU DHABI BANK PJSC,+971600525500,https://www.bankfab.com,AE,ARE,UNITED ARAB EMIRATES,bankfab.com,https://commons.wikimedia.org/wiki/File:First_Abu_Dhabi_Bank_Logo.svg
549305,MASTERCARD,CREDIT,TITANIUM,DUBAI ISLAMIC BANK PJSC,,,AE,ARE,UNITED ARAB EMIRATES,alislami.ae,https://commons.wikimedia.org/wiki/File:Dubai_Islamic_Bank_logo.svg
549400,MASTERCARD,CREDIT,,ARAB NATIONAL BANK,,,SA,SAU,SAUDI ARABIA,anb.com.sa,https://commons.wikimedia.org/wiki/File:Anb_new_logo.svg
549458,MASTERCARD,DEBIT,BUSINESS,DUBAI ISLAMIC BANK PJSC,,,AE,ARE,UNITED ARAB EMIRATES,alislami.ae,https://commons.wikimedia.org/wiki/File:Dubai_Islamic_Bank_logo.svg
549566,MASTERCARD,DEBIT,BUSINESS,NATIONAL BANK OF RAS AL-KHAIMAH (RAKBANK),,,AE,ARE,UNITED ARAB EMIRATES,rakbank.ae,https://commons.wikimedia.org/wiki/File:Rakbank_logo.svg
549620,MASTERCARD,DEBIT,PREPAID RELOADABLE,TULAN BEST MARKETING COMPANY,,,JO,JOR,JORDAN,,
549632,MASTERCARD,DEBIT,PREPAID RELOADABLE,TULAN BEST MARKETING COMPANY,,,JO,JOR,JORDAN,,
549641,MASTERCARD,DEBIT,PREPAID,AL HULOOL FOR MOBILE PAYMENTS,,,JO,JOR,JORDAN,,
549699,MASTERCARD,CREDIT,WORLD ELITE,THE SAUDI NATIONAL BANK,,,SA,SAU,SAUDI ARABIA,alahli.com,https://commons.wikimedia.org/wiki/File:Saudi_National_Bank_Logo.svg
549723,MASTERCARD,DEBIT,WORLD ELITE,ALEXBANK,1 9 0 3 3,http://www.alexbank.com,EG,EGY,EGYPT,alexbank.com,https://commons.wikimedia.org/wiki/File:Alexbank_logo.svg
549731,MASTERCARD,CREDIT,WORLD,FIRST ABU DHABI BANK PJSC,,https://www.bankfab.com,SA,SAU,SAUDI ARABIA,bankfab.com,https://commons.wikimedia.org/wiki/File:First_Abu_Dhabi_Bank_Logo.svg
549742,MASTERCARD,CREDIT,TITANIUM,NETWORK INTERNATIONAL LLC,,,AE,ARE,UNITED ARAB EMIRATES,network.ae,https://img.logo.dev/network.ae?format=png&size=400
549744,MASTERCARD,CREDIT,WORLD ELITE,ABU DHABI ISLAMIC BANK,,http://www.adib.ae,EG,EGY,EGYPT,adib.ae,https://commons.wikimedia.org/wiki/File:Abu_Dhabi_Islamic_Bank_Logo.svg
549746,MASTERCARD,CREDIT,WORLD,NATIONAL BANK OF EGYPT,,http://www.nbe.com.eg,EG,EGY,EGYPT,nbe.com.eg,https://commons.wikimedia.org/wiki/File:National_Bank_of_Egypt_Logo.svg
549755,MASTERCARD,DEBIT,BUSINESS,FIRST ABU DHABI BANK PJSC,+971600525500,https://www.bankfab.com,AE,ARE,UNITED ARAB EMIRATES,bankfab.com,https://commons.wikimedia.org/wiki/File:First_Abu_Dhabi_Bank_Logo.svg
549758,MASTERCARD,DEBIT,STANDARD,CSCBANK S.A.L.,+9611871245,http://www.ccm.com.lb,LB,LBN,LEBANON,cscbank.com,https://img.logo.dev/cscbank.com?format=png&size=400
549760,MASTERCARD,DEBIT,PREPAID,THE SAUDI NATIONAL BANK,,,SA,SAU,SAUDI ARABIA,alahli.com,https://commons.wikimedia.org/wiki/File:Saudi_National_Bank_Logo.svg
549761,MASTERCARD,DEBIT,STANDARD,CSCBANK SAL,,,LB,LBN,LEBANON,cscbank.com,https://img.logo.dev/cscbank.com?format=png&size=400
549762,MASTERCARD,DEBIT,STANDARD,HOUSING AND DEVELOPMENT BANK,+20237492013,http://www.hdb-egy.com,EG,EGY,EGYPT,hdb-egy.com,https://img.logo.dev/hdb-egy.com?format=png&size=400
549763,MASTERCARD,DEBIT,STANDARD,"EGYPTIAN BANKS CO. FOR TECHNOLOGICAL ADVANCEMENT, S.A.E.",,,EG,EGY,EGYPT,ebc-egypt.com,https://img.logo.dev/ebc-egypt.com?format=png&size=400
549767,MASTERCARD,DEBIT,STANDARD,CSCBANK S.A.L.,+9611871245,http://www.ccm.com.lb,LB,LBN,LEBANON,cscbank.com,https://img.logo.dev/cscbank.com?format=png&size=400
549770,MASTERCARD,CREDIT,,,,,SY,SYR,SYRIAN ARAB REPUBLIC,,
549773,MASTERCARD,CREDIT,STANDARD,CSCBANK S.A.L.,+9611871245,http://www.ccm.com.lb,LB,LBN,LEBANON,cscbank.com,https://img.logo.dev/cscbank.com?format=png&size=400
549776,MASTERCARD,DEBIT,STANDARD,UNITED BANK S.E.A.,,,EG,EGY,EGYPT,,
549786,MASTERCARD,DEBIT,STANDARD,EMIRATES NATIONAL BANK OF DUBAI S.A.E,,,EG,EGY,EGYPT,emiratesnbd.com,https://commons.wikimedia.org/wiki/File:Emirates_NBD_logo.svg
549790,MASTERCARD,DEBIT,STANDARD,EMIRATES NATIONAL BANK OF DUBAI S.A.E,,,EG,EGY,EGYPT,emiratesnbd.com,https://commons.wikimedia.org/wiki/File:Emirates_NBD_logo.svg
549791,MASTERCARD,DEBIT,STANDARD,CSCBANK SAL,,,LB,LBN,LEBANON,cscbank.com,https://img.logo.dev/cscbank.com?format=png&size=400
549799,MASTERCARD,CREDIT,WORLD ELITE,SAUDI AWWAL BANK,,,SA,SAU,SAUDI ARABIA,sab.com,https://commons.wikimedia.org/wiki/File:Saudi_Awwal_Bank_Logo.svg
549814,MASTERCARD,DEBIT,PREPAID,"EGYPTIAN BANKS CO. FOR TECHNOLOGICAL ADVANCEMENT, S.A.E.",,,EG,EGY,EGYPT,ebc-egypt.com,https://img.logo.dev/ebc-egypt.com?format=png&size=400
549816,MASTERCARD,CREDIT,CORPORATE,HSBC BANK MIDDLE EAST,+974 4441 6663 A851+A851,http://www.hsbc.ae,QA,QAT,QATAR,hsbc.com,https://commons.wikimedia.org/wiki/File:HSBC_logo_(2018).svg
549819,MASTERCARD,CREDIT,PLATINUM,FRANSABANK SAL,,,LB,LBN,LEBANON,fransabank.com,https://commons.wikimedia.org/wiki/File:Fransabank_logo.svg
549836,MASTERCARD,CREDIT,WORLD ELITE,BANKMED SAL,,,LB,LBN,LEBANON,bankmed.com.lb,https://commons.wikimedia.org/wiki/File:BankMed_logo.svg
549838,MASTERCARD,CREDIT,WORLD,COMMERCIAL BANK OF DUBAI,+97126268400,http://www.cbd.ae,AE,ARE,UNITED ARAB EMIRATES,cbd.ae,https://commons.wikimedia.org/wiki/File:Commercial_Bank_of_Dubai_logo.svg
549860,MASTERCARD,CREDIT,PLATINUM,AREEBA S.A.L,,,JO,JOR,JORDAN,areeba.com,https://img.logo.dev/areeba.com?format=png&size=400
549876,MASTERCARD,CREDIT,GOLD,CSCBANK S.A.L.,961) 1 742 555,http://www.ccm.com.lb,IQ,IRQ,IRAQ,cscbank.com,https://img.logo.dev/cscbank.com?format=png&size=400
549908,MASTERCARD,CREDIT,TITANIUM,NETWORK INTERNATIONAL LLC,,,AE,ARE,UNITED ARAB EMIRATES,network.ae,https://img.logo.dev/network.ae?format=png&size=400
549914,MASTERCARD,CREDIT,WORLD ELITE,SOCIETE GENERALE DE BANQUE AU LIBAN S.A.L.,1274477777,http://www.sgbl.com.lb,LB,LBN,LEBANON,sgbl.com.lb,https://commons.wikimedia.org/wiki/File:SGBL_logo.svg
549923,MASTERCARD,CREDIT,WORLD ELITE,CAIRO AMMAN BANK PLC,,,JO,JOR,JORDAN,cab.jo,https://commons.wikimedia.org/wiki/File:Cairo_Amman_Bank_logo.svg
549954,MASTERCARD,CREDIT,STANDARD,THE SAUDI NATIONAL BANK,,,SA,SAU,SAUDI ARABIA,alahli.com,https://commons.wikimedia.org/wiki/File:Saudi_National_Bank_Logo.svg
549961,MASTERCARD,CREDIT,GOLD,CSCBANK S.A.L.,+9611871245,http://www.ccm.com.lb,LB,LBN,LEBANON,cscbank.com,https://img.logo.dev/cscbank.com?format=png&size=400
549962,MASTERCARD,CREDIT,STANDARD,CSCBANK S.A.L.,+9611871245,http://www.ccm.com.lb,LB,LBN,LEBANON,cscbank.com,https://img.logo.dev/cscbank.com?format=png&size=400
549963,MASTERCARD,CREDIT,TITANIUM,AL-RAJHI BANKING AND INVESTMENT CORPORATION,,,SA,SAU,SAUDI ARABIA,alrajhibank.com.sa,https://commons.wikimedia.org/wiki/File:Al_Rajhi_Bank_Logo.svg
549964,MASTERCARD,CREDIT,TITANIUM,AL-RAJHI BANKING AND INVESTMENT CORPORATION,,,SA,SAU,SAUDI ARABIA,alrajhibank.com.sa,https://commons.wikimedia.org/wiki/File:Al_Rajhi_Bank_Logo.svg
549990,MASTERCARD,CREDIT,PLATINUM,SHARJAH ISLAMIC BANK PJSC,+97165999999,http://www.sib.ae,AE,ARE,UNITED ARAB EMIRATES,sib.ae,https://commons.wikimedia.org/wiki/File:Sharjah_Islamic_Bank_logo.svg
550002,MASTERCARD,CREDIT,TITANIUM,BANK ALJAZIRA,,,SA,SAU,SAUDI ARABIA,baj.com.sa,https://commons.wikimedia.org/wiki/File:Aljazira_Bank_Logo.svg
550023,MASTERCARD,CREDIT,GOLD,"BANK OF BEIRUT, S.A.L.",,,LB,LBN,LEBANON,bankofbeirut.com,https://commons.wikimedia.org/wiki/File:Bank_of_Beirut_logo.svg
550043,MASTERCARD,DEBIT,PREPAID,NOOR BANK PJSC,,,AE,ARE,UNITED ARAB EMIRATES,noorbank.com,https://commons.wikimedia.org/wiki/File:Noor_Bank_logo.svg
550061,MASTERCARD,CREDIT,PLATINUM,NATIONAL BANK OF OMAN (SAOG),,,OM,OMN,OMAN,nbo.om,https://commons.wikimedia.org/wiki/File:National_Bank_of_Oman_logo.svg
550110,MASTERCARD,DEBIT,PREPAID RELOADABLE,LARI EXCHANGE,,,AE,ARE,UNITED ARAB EMIRATES,,
550119,MASTERCARD,DEBIT,STANDARD,NETWORK INTERNATIONAL PAYMENT SERVICES,,,EG,EGY,EGYPT,network.ae,https://img.logo.dev/network.ae?format=png&size=400
550126,MASTERCARD,CREDIT,CORPORATE,MASHREQ BANK,+97143632250,http://www.mashreqbank.com,AE,ARE,UNITED ARAB EMIRATES,mashreqbank.com,https://commons.wikimedia.org/wiki/File:Mashreq_bank_logo.svg
550134,MASTERCARD,DEBIT,PREPAID,DUBAI ISLAMIC BANK PJSC,,,AE,ARE,UNITED ARAB EMIRATES,alislami.ae,https://commons.wikimedia.org/wiki/File:Dubai_Islamic_Bank_logo.svg
550136,MASTERCARD,DEBIT,PREPAID,MIDDLE EAST PAYMENT SERVICES LIMITED CO.,,,JO,JOR,JORDAN,meps.com.jo,https://img.logo.dev/meps.com.jo?format=png&size=400
550156,MASTERCARD,DEBIT,PREPAID,NOOR BANK PJSC,,,AE,ARE,UNITED ARAB EMIRATES,noorbank.com,https://commons.wikimedia.org/wiki/File:Noor_Bank_logo.svg
550228,MASTERCARD,CREDIT,GOLD,UNITED BANK S.E.A.,,,EG,EGY,EGYPT,,
550254,MASTERCARD,CREDIT,GOLD,BANK NIZWA SAOG,,,OM,OMN,OMAN,banknizwa.om,https://commons.wikimedia.org/wiki/File:Bank_Nizwa_logo.svg
550263,MASTERCARD,DEBIT,PREPAID,MIDDLE EAST PAYMENT SERVICES LIMITED CO.,,,JO,JOR,JORDAN,meps.com.jo,https://img.logo.dev/meps.com.jo?format=png&size=400
550304,MASTERCARD,CREDIT,,NATIONAL BANK OF OMAN LTD. (S.A.O.G.),,,OM,OMN,OMAN,nbo.om,https://commons.wikimedia.org/wiki/File:National_Bank_of_Oman_logo.svg
550309,MASTERCARD,CREDIT,,,,,LB,LBN,LEBANON,,
550368,MASTERCARD,DEBIT,WORLD ELITE,BANQUE MISR,+20223912150,http://www.banquemisr.com,EG,EGY,EGYPT,banquemisr.com,https://commons.wikimedia.org/wiki/File:Banque_Misr_logo.svg
550445,MASTERCARD,DEBIT,PREPAID RELOADABLE,TULAN BEST MARKETING COMPANY,,,JO,JOR,JORDAN,,
550483,MASTERCARD,DEBIT,PREPAID RELOADABLE,CAIRO AMMAN BANK PLC,,,JO,JOR,JORDAN,cab.jo,https://commons.wikimedia.org/wiki/File:Cairo_Amman_Bank_logo.svg
550496,MASTERCARD,DEBIT,PREPAID,FRANSABANK SAL,,,LB,LBN,LEBANON,fransabank.com,https://commons.wikimedia.org/wiki/File:Fransabank_logo.svg
550506,MASTERCARD,CREDIT,,COMMERCIAL INTERNATIONAL BANK (EGYPT) S.A.E.,971 - 4 - 3589381,http://www.cibeg.com,EG,EGY,EGYPT,cibeg.com,https://commons.wikimedia.org/wiki/File:CIB_Logo.svg
550576,MASTERCARD,DEBIT,,"ISRAEL CREDIT CARDS, LTD.",360-378-2265,http://www.cal-intl.com,IL,ISR,ISRAEL,cal-online.co.il,https://commons.wikimedia.org/wiki/File:Cal_Israel_Credit_Cards_logo.svg
550579,MASTERCARD,CREDIT,PLATINUM,CSCBANK SAL,,,IQ,IRQ,IRAQ,cscbank.com,https://img.logo.dev/cscbank.com?format=png&size=400
550609,MASTERCARD,DEBIT,,"ISRAEL CREDIT CARDS, LTD.",360-378-2265,http://www.cal-intl.com,IL,ISR,ISRAEL,cal-online.co.il,https://commons.wikimedia.org/wiki/File:Cal_Israel_Credit_Cards_logo.svg
550612,MASTERCARD,DEBIT,,"ISRAEL CREDIT CARDS, LTD.",360-378-2265,http://www.cal-intl.com,IL,ISR,ISRAEL,cal-online.co.il,https://commons.wikimedia.org/wiki/File:Cal_Israel_Credit_Cards_logo.svg
550766,MASTERCARD,DEBIT,PREPAID RELOADABLE,THE NATIONAL BANK PLC,,,PS,PSE,"PALESTINIAN TERRITORY, OCCUPIED",tnb.ps,https://img.logo.dev/tnb.ps?format=png&size=400
550869,MASTERCARD,CREDIT,WORLD,NETWORK INTERNATIONAL LLC,,,AE,ARE,UNITED ARAB EMIRATES,network.ae,https://img.logo.dev/network.ae?format=png&size=400
550902,MASTERCARD,DEBIT,PREPAID,FIRST ABU DHABI BANK PJSC,+971600525500,https://www.bankfab.com,AE,ARE,UNITED ARAB EMIRATES,bankfab.com,https://commons.wikimedia.org/wiki/File:First_Abu_Dhabi_Bank_Logo.svg
550961,MASTERCARD,DEBIT,PREPAID,FIRST ABU DHABI BANK PJSC,+971600525500,https://www.bankfab.com,AE,ARE,UNITED ARAB EMIRATES,bankfab.com,https://commons.wikimedia.org/wiki/File:First_Abu_Dhabi_Bank_Logo.svg
550976,MASTERCARD,DEBIT,PREPAID,MAWARID FINANCE PJSC,,,AE,ARE,UNITED ARAB EMIRATES,,
550990,MASTERCARD,DEBIT,PREPAID RELOADABLE,MAWARID FINANCE PJSC,,,AE,ARE,UNITED ARAB EMIRATES,,
551034,MASTERCARD,DEBIT,STANDARD,SHARJAH ISLAMIC BANK PJSC,+97165999999,http://www.sib.ae,AE,ARE,UNITED ARAB EMIRATES,sib.ae,https://commons.wikimedia.org/wiki/File:Sharjah_Islamic_Bank_logo.svg
551090,MASTERCARD,DEBIT,PREPAID,AL HULOOL FOR MOBILE PAYMENTS,,,JO,JOR,JORDAN,,
551230,MASTERCARD,DEBIT,BUSINESS,FIRST ABU DHABI BANK PJSC,+971600525500,https://www.bankfab.com,AE,ARE,UNITED ARAB EMIRATES,bankfab.com,https://commons.wikimedia.org/wiki/File:First_Abu_Dhabi_Bank_Logo.svg
551268,MASTERCARD,DEBIT,PLATINUM,BANQUE MISR,+20223912150,http://www.banquemisr.com,EG,EGY,EGYPT,banquemisr.com,https://commons.wikimedia.org/wiki/File:Banque_Misr_logo.svg
551347,MASTERCARD,DEBIT,STANDARD,JORDAN KUWAIT BANK,,http://www.jordan-kuwait-bank.com,JO,JOR,JORDAN,jkb.com,https://commons.wikimedia.org/wiki/File:Jordan_Kuwait_Bank_logo.svg
551592,MASTERCARD,DEBIT,STANDARD,SYRIA GULF BANK,,,SY,SYR,SYRIAN ARAB REPUBLIC,e-gulfbank.com,https://commons.wikimedia.org/wiki/File:Gulf_Bank_Kuwait_logo.svg
551651,MASTERCARD,DEBIT,PREPAID PLATINUM TRAVEL,PAYMENT INTERNATIONAL ENTERPRISE BSC,,,BH,BHR,BAHRAIN,,
551774,MASTERCARD,DEBIT,BUSINESS,FIRST ABU DHABI BANK PJSC,+971600525500,https://www.bankfab.com,AE,ARE,UNITED ARAB EMIRATES,bankfab.com,https://commons.wikimedia.org/wiki/File:First_Abu_Dhabi_Bank_Logo.svg
551882,MASTERCARD,DEBIT,,ALINMA BANK,,,SA,SAU,SAUDI ARABIA,alinma.com,https://commons.wikimedia.org/wiki/File:Alinma_Bank_logo.svg
551969,MASTERCARD,DEBIT,PREPAID WORLD,NATIONAL BANK OF RAS AL-KHAIMAH (RAKBANK),,,AE,ARE,UNITED ARAB EMIRATES,rakbank.ae,https://commons.wikimedia.org/wiki/File:Rakbank_logo.svg
552006,MASTERCARD,CREDIT,PLATINUM,ABU DHABI COMMERCIAL BANK,+97126962222,http://www.adcb.com,AE,ARE,UNITED ARAB EMIRATES,adcb.com,https://commons.wikimedia.org/wiki/File:Abu_Dhabi_Commercial_Bank_Logo.svg
552007,MASTERCARD,CREDIT,TITANIUM,GULF BANK K.S.C.,,http://www.gulfbank.com,KW,KWT,KUWAIT,e-gulfbank.com,https://commons.wikimedia.org/wiki/File:Gulf_Bank_Kuwait_logo.svg
552009,MASTERCARD,CREDIT,PLATINUM,CSCBANK SAL,,,LB,LBN,LEBANON,cscbank.com,https://img.logo.dev/cscbank.com?format=png&size=400
552012,MASTERCARD,CREDIT,PLATINUM,BANQUE SAUDI FRANSI,966 1 289 9999 OR 966 1 874 4000,http://www.alfransi.com.sa,SA,SAU,SAUDI ARABIA,alfransi.com.sa,https://commons.wikimedia.org/wiki/File:Banque_Saudi_Fransi_Logo.svg
552029,MASTERCARD,CREDIT,PLATINUM,BANK MUSCAT (SAOG),,,OM,OMN,OMAN,bankmuscat.com,https://commons.wikimedia.org/wiki/File:Bank_Muscat_logo.svg
552035,MASTERCARD,DEBIT,STANDARD,ISRACARD LTD.,,,IL,ISR,ISRAEL,isracard.co.il,https://commons.wikimedia.org/wiki/File:Isracard_logo.svg
552045,MASTERCARD,CREDIT,PLATINUM,FRANSABANK SAL,,,LB,LBN,LEBANON,fransabank.com,https://commons.wikimedia.org/wiki/File:Fransabank_logo.svg
552050,MASTERCARD,CREDIT,TITANIUM,NATIONAL BANK OF KUWAIT (S.A.K.),,,KW,KWT,KUWAIT,nbk.com,https://commons.wikimedia.org/wiki/File:National_Bank_of_Kuwait_logo.svg
552056,MASTERCARD,CREDIT,PLATINUM,CSCBANK SAL,,,LB,LBN,LEBANON,cscbank.com,https://img.logo.dev/cscbank.com?format=png&size=400
552062,MASTERCARD,CREDIT,PLATINUM,SOCIETE GENERALE DE BANQUE AU LIBAN S.A.L.,1274477777,http://www.sgbl.com.lb,LB,LBN,LEBANON,sgbl.com.lb,https://commons.wikimedia.org/wiki/File:SGBL_logo.svg
552067,MASTERCARD,CREDIT,WORLD,HSBC BANK MIDDLE EAST,+974 4441 6663 A851+A851,http://www.hsbc.ae,QA,QAT,QATAR,hsbc.com,https://commons.wikimedia.org/wiki/File:HSBC_logo_(2018).svg
552075,MASTERCARD,CREDIT,PLATINUM,THE SAUDI NATIONAL BANK,,,SA,SAU,SAUDI ARABIA,alahli.com,https://commons.wikimedia.org/wiki/File:Saudi_National_Bank_Logo.svg
552077,MASTERCARD,CREDIT,WORLD ELITE,THE SAUDI NATIONAL BANK,,,SA,SAU,SAUDI ARABIA,alahli.com,https://commons.wikimedia.org/wiki/File:Saudi_National_Bank_Logo.svg
552078,MASTERCARD,CREDIT,PLATINUM,GULF BANK K.S.C.,,http://www.gulfbank.com,KW,KWT,KUWAIT,e-gulfbank.com,https://commons.wikimedia.org/wiki/File:Gulf_Bank_Kuwait_logo.svg
552089,MASTERCARD,CREDIT,PLATINUM,SAMBA FINANCIAL GROUP,+9668001242000,http://www.samba.com,SA,SAU,SAUDI ARABIA,alahli.com,https://commons.wikimedia.org/wiki/File:Saudi_National_Bank_Logo.svg
552102,MASTERCARD,CREDIT,WORLD,HSBC BANK MIDDLE EAST,+97142241000,http://www.hsbc.ae,AE,ARE,UNITED ARAB EMIRATES,hsbc.com,https://commons.wikimedia.org/wiki/File:HSBC_logo_(2018).svg
552104,MASTERCARD,CREDIT,WORLD,HSBC BANK MIDDLE EAST,+96880074722,http://www.hsbc.ae,OM,OMN,OMAN,hsbc.com,https://commons.wikimedia.org/wiki/File:HSBC_logo_(2018).svg
552105,MASTERCARD,CREDIT,,,,,JO,JOR,JORDAN,,
552107,MASTERCARD,CREDIT,WORLD,HSBC BANK MIDDLE EAST,+97317569999,http://www.hsbc.ae,BH,BHR,BAHRAIN,hsbc.com,https://commons.wikimedia.org/wiki/File:HSBC_logo_(2018).svg
552108,MASTERCARD,CREDIT,WORLD,BLOM BANK SAL,,,LB,LBN,LEBANON,blom.com.lb,https://commons.wikimedia.org/wiki/File:BLOM_Bank_logo.svg
552110,MASTERCARD,CREDIT,PLATINUM,CREDIMAX BSC (CLOSED),,,BH,BHR,BAHRAIN,max.co.il,https://commons.wikimedia.org/wiki/File:Max_It_Finance_logo.svg
552113,MASTERCARD,CREDIT,PLATINUM,QATAR NATIONAL BANK,+97444622724,http://www.qnb.com.qa,QA,QAT,QATAR,qnb.com,https://commons.wikimedia.org/wiki/File:Qatar_National_Bank_Logo.svg
552119,MASTERCARD,DEBIT,WORLD,NETWORK INTERNATIONAL LLC,,,AE,ARE,UNITED ARAB EMIRATES,network.ae,https://img.logo.dev/network.ae?format=png&size=400
552173,MASTERCARD,DEBIT,PREPAID,SOCIETE ARABE INTERNATIONALE DE BANQUE,,,EG,EGY,EGYPT,abe.com.eg,https://img.logo.dev/abe.com.eg?format=png&size=400
552174,MASTERCARD,DEBIT,PREPAID,CAIRO AMMAN BANK PLC,,,PS,PSE,"PALESTINIAN TERRITORY, OCCUPIED",cab.jo,https://commons.wikimedia.org/wiki/File:Cairo_Amman_Bank_logo.svg
552176,MASTERCARD,CREDIT,PLATINUM,BANK LEUMI LE-ISRAEL BM,,,IL,ISR,ISRAEL,leumi.co.il,https://commons.wikimedia.org/wiki/File:Bank_Leumi_Logo.svg
552177,MASTERCARD,CREDIT,PLATINUM,"MAX IT FINANCE, LTD.",,,IL,ISR,ISRAEL,max.co.il,https://commons.wikimedia.org/wiki/File:Max_It_Finance_logo.svg
552183,MASTERCARD,CREDIT,PLATINUM,ISRAEL CREDIT CARDS LTD.,,,IL,ISR,ISRAEL,cal-online.co.il,https://commons.wikimedia.org/wiki/File:Cal_Israel_Credit_Cards_logo.svg
552184,MASTERCARD,CREDIT,PLATINUM,ISRAEL CREDIT CARDS LTD.,,,IL,ISR,ISRAEL,cal-online.co.il,https://commons.wikimedia.org/wiki/File:Cal_Israel_Credit_Cards_logo.svg
552190,MASTERCARD,CREDIT,PLATINUM,ARAB FINANCIAL SERVICES COMPANY B.S.C. (C),,,OM,OMN,OMAN,afs.com.bh,https://img.logo.dev/afs.com.bh?format=png&size=400
552191,MASTERCARD,CREDIT,PLATINUM,EMIRATES NBD,+971800456,http://www.emiratesnbd.com,AE,ARE,UNITED ARAB EMIRATES,emiratesnbd.com,https://commons.wikimedia.org/wiki/File:Emirates_NBD_logo.svg
552192,MASTERCARD,CREDIT,PLATINUM,NETWORK INTERNATIONAL LLC,,,AE,ARE,UNITED ARAB EMIRATES,network.ae,https://img.logo.dev/network.ae?format=png&size=400
552250,MASTERCARD,CREDIT,WORLD,SAMBA FINANCIAL GROUP,+9668001242000,http://www.samba.com,SA,SAU,SAUDI ARABIA,alahli.com,https://commons.wikimedia.org/wiki/File:Saudi_National_Bank_Logo.svg
552258,MASTERCARD,CREDIT,WORLD,AREEBA S.A.L,,,LB,LBN,LEBANON,areeba.com,https://img.logo.dev/areeba.com?format=png&size=400
552261,MASTERCARD,CREDIT,WORLD,CAPITAL BANK OF JORDAN,,,JO,JOR,JORDAN,bankofjordan.com,https://commons.wikimedia.org/wiki/File:Bank_of_Jordan_logo.svg
552272,MASTERCARD,CREDIT,TITANIUM,AHLI UNITED BANK,+9651802000,http://www.ahliunited.com.kw,KW,KWT,KUWAIT,ahliunited.com,https://commons.wikimedia.org/wiki/File:Ahli_United_Bank_logo.svg
552275,MASTERCARD,CREDIT,WORLD,BANK AUDI S.A.L.,,,LB,LBN,LEBANON,bankaudigroup.com,https://commons.wikimedia.org/wiki/File:Bank_Audi_logo.svg
552277,MASTERCARD,CREDIT,WORLD,NATIONAL BANK OF KUWAIT (S.A.K.),,,KW,KWT,KUWAIT,nbk.com,https://commons.wikimedia.org/wiki/File:National_Bank_of_Kuwait_logo.svg
552278,MASTERCARD,CREDIT,WORLD,FINANCE HOUSE L.L.C.,,,AE,ARE,UNITED ARAB EMIRATES,financehouse.ae,https://img.logo.dev/financehouse.ae?format=png&size=400
552281,MASTERCARD,CREDIT,WORLD,JORDAN KUWAIT BANK,,http://www.jordan-kuwait-bank.com,JO,JOR,JORDAN,jkb.com,https://commons.wikimedia.org/wiki/File:Jordan_Kuwait_Bank_logo.svg
552291,MASTERCARD,CREDIT,WORLD,NETWORK INTERNATIONAL LLC,,,AE,ARE,UNITED ARAB EMIRATES,network.ae,https://img.logo.dev/network.ae?format=png&size=400
552295,MASTERCARD,CREDIT,WORLD,ARAB FINANCIAL SERVICES COMPANY B.S.C. (C),,,OM,OMN,OMAN,afs.com.bh,https://img.logo.dev/afs.com.bh?format=png&size=400
552296,MASTERCARD,CREDIT,WORLD ELITE,STANDARD CHARTERED BANK,+97317531532,https://www.sc.com,BH,BHR,BAHRAIN,sc.com,https://commons.wikimedia.org/wiki/File:Standard_Chartered_(2021).svg
552299,MASTERCARD,CREDIT,WORLD ELITE,"BURGAN BANK, S.A.K.",+9651804080,http://www.burgan.com,KW,KWT,KUWAIT,burgan.com,https://commons.wikimedia.org/wiki/File:Burgan_Bank_logo.svg
552304,MASTERCARD,CREDIT,WORLD BUSINESS,AREEBA S.A.L,,,LB,LBN,LEBANON,areeba.com,https://img.logo.dev/areeba.com?format=png&size=400
552307,MASTERCARD,CREDIT,WORLD BUSINESS,GULF INTERNATIONAL BANK BSC,,,BH,BHR,BAHRAIN,gib.com,https://commons.wikimedia.org/wiki/File:Gulf_International_Bank_Logo.svg
552340,MASTERCARD,CREDIT,WORLD ELITE,FIRST ABU DHABI BANK PJSC,+971600525500,https://www.bankfab.com,AE,ARE,UNITED ARAB EMIRATES,bankfab.com,https://commons.wikimedia.org/wiki/File:First_Abu_Dhabi_Bank_Logo.svg
552346,MASTERCARD,CREDIT,WORLD ELITE,ARAB BANK PLC,4600900,http://www.arabbank.jo,JO,JOR,JORDAN,arabbank.com,https://commons.wikimedia.org/wiki/File:Arab_Bank_logo.svg
552347,MASTERCARD,CREDIT,WORLD,ARAB FINANCIAL SERVICES COMPANY B.S.C. (C),,,AE,ARE,UNITED ARAB EMIRATES,afs.com.bh,https://img.logo.dev/afs.com.bh?format=png&size=400
552348,MASTERCARD,CREDIT,WORLD,ARAB FINANCIAL SERVICES COMPANY B.S.C. (C),,,QA,QAT,QATAR,afs.com.bh,https://img.logo.dev/afs.com.bh?format=png&size=400
552349,MASTERCARD,CREDIT,WORLD ELITE,ARAB BANK PLC,+97317541000,http://www.arabbank.jo,BH,BHR,BAHRAIN,arabbank.com,https://commons.wikimedia.org/wiki/File:Arab_Bank_logo.svg
552360,MASTERCARD,CREDIT,WORLD,BANQUE SAUDI FRANSI,966 1 289 9999 OR 966 1 874 4000,http://www.alfransi.com.sa,SA,SAU,SAUDI ARABIA,alfransi.com.sa,https://commons.wikimedia.org/wiki/File:Banque_Saudi_Fransi_Logo.svg
552362,MASTERCARD,CREDIT,WORLD ELITE,FIRST ABU DHABI BANK PJSC,+20225204375,https://www.bankfab.com,EG,EGY,EGYPT,bankfab.com,https://commons.wikimedia.org/wiki/File:First_Abu_Dhabi_Bank_Logo.svg
552363,MASTERCARD,CREDIT,WORLD,ALINMA BANK,,,SA,SAU,SAUDI ARABIA,alinma.com,https://commons.wikimedia.org/wiki/File:Alinma_Bank_logo.svg
552369,MASTERCARD,CREDIT,WORLD,CSCBANK SAL,,,LB,LBN,LEBANON,cscbank.com,https://img.logo.dev/cscbank.com?format=png&size=400
552370,MASTERCARD,CREDIT,WORLD,SHARJAH ISLAMIC BANK PJSC,+97165999999,http://www.sib.ae,AE,ARE,UNITED ARAB EMIRATES,sib.ae,https://commons.wikimedia.org/wiki/File:Sharjah_Islamic_Bank_logo.svg
552375,MASTERCARD,CREDIT,WORLD,ALAWWAL BANK,,,SA,SAU,SAUDI ARABIA,sab.com,https://commons.wikimedia.org/wiki/File:Saudi_Awwal_Bank_Logo.svg
552381,MASTERCARD,CREDIT,WORLD,STANDARD CHARTERED BANK,+971600522288,https://www.sc.com,AE,ARE,UNITED ARAB EMIRATES,sc.com,https://commons.wikimedia.org/wiki/File:Standard_Chartered_(2021).svg
552383,MASTERCARD,CREDIT,WORLD,BAHRAIN COMMERCIAL FACILITIES COMPANY BSC,,,BH,BHR,BAHRAIN,bahrainfacilities.com,https://img.logo.dev/bahrainfacilities.com?format=png&size=400
552384,MASTERCARD,CREDIT,WORLD,SAUDI INVESTMENT BANK,,,SA,SAU,SAUDI ARABIA,saib.com.sa,https://commons.wikimedia.org/wiki/File:Saudi_Investment_Bank_Logo.svg
552392,MASTERCARD,CREDIT,PLATINUM,COMMERCIAL BANK INTERNATIONAL,+97142275265,http://www.cbiuae.com,AE,ARE,UNITED ARAB EMIRATES,cbiuae.com,https://img.logo.dev/cbiuae.com?format=png&size=400
552400,MASTERCARD,CREDIT,WORLD ELITE,COMMERCIAL BANK OF QATAR Q.S.C,,,QA,QAT,QATAR,cbq.qa,https://commons.wikimedia.org/wiki/File:Commercial_Bank_of_Qatar_Logo.svg
552425,MASTERCARD,CREDIT,WORLD,NATIONAL BANK OF KUWAIT (S.A.K.),,,EG,EGY,EGYPT,nbk.com,https://commons.wikimedia.org/wiki/File:National_Bank_of_Kuwait_logo.svg
552435,MASTERCARD,CREDIT,WORLD ELITE EXCLUSIVE,FIRST ABU DHABI BANK PJSC,+971600525500,https://www.bankfab.com,AE,ARE,UNITED ARAB EMIRATES,bankfab.com,https://commons.wikimedia.org/wiki/File:First_Abu_Dhabi_Bank_Logo.svg
552438,MASTERCARD,CREDIT,WORLD,ALAWWAL BANK,,,SA,SAU,SAUDI ARABIA,sab.com,https://commons.wikimedia.org/wiki/File:Saudi_Awwal_Bank_Logo.svg
552442,MASTERCARD,CREDIT,WORLD ELITE,JORDAN KUWAIT BANK,,http://www.jordan-kuwait-bank.com,JO,JOR,JORDAN,jkb.com,https://commons.wikimedia.org/wiki/File:Jordan_Kuwait_Bank_logo.svg
552444,MASTERCARD,CREDIT,WORLD ELITE,BANQUE SAUDI FRANSI,966 1 289 9999 OR 966 1 874 4000,http://www.alfransi.com.sa,SA,SAU,SAUDI ARABIA,alfransi.com.sa,https://commons.wikimedia.org/wiki/File:Banque_Saudi_Fransi_Logo.svg
552467,MASTERCARD,CREDIT,WORLD,QATAR NATIONAL BANK,+97444622724,http://www.qnb.com.qa,QA,QAT,QATAR,qnb.com,https://commons.wikimedia.org/wiki/File:Qatar_National_Bank_Logo.svg
552469,MASTERCARD,CREDIT,WORLD,EMIRATES NBD,+971800456,http://www.emiratesnbd.com,AE,ARE,UNITED ARAB EMIRATES,emiratesnbd.com,https://commons.wikimedia.org/wiki/File:Emirates_NBD_logo.svg
552512,MASTERCARD,DEBIT,PREPAID PLATINUM TRAVEL,WARBA BANK K.S.C,,,KW,KWT,KUWAIT,warbabank.com,https://commons.wikimedia.org/wiki/File:Warba_Bank_logo.svg
552517,MASTERCARD,CREDIT,STANDARD,BANK LEUMI LE-ISRAEL BM,,,IL,ISR,ISRAEL,leumi.co.il,https://commons.wikimedia.org/wiki/File:Bank_Leumi_Logo.svg
552526,MASTERCARD,DEBIT,GOLD,QATAR NATIONAL BANK AL-AHLI S.A.E,,,EG,EGY,EGYPT,qnb.com,https://commons.wikimedia.org/wiki/File:Qatar_National_Bank_Logo.svg
552555,MASTERCARD,DEBIT,PREPAID PLATINUM TRAVEL,EMIRATES NBD,+971800456,http://www.emiratesnbd.com,AE,ARE,UNITED ARAB EMIRATES,emiratesnbd.com,https://commons.wikimedia.org/wiki/File:Emirates_NBD_logo.svg
552563,MASTERCARD,CREDIT,B2B,HSBC BANK MIDDLE EAST,+97142241000,http://www.hsbc.ae,AE,ARE,UNITED ARAB EMIRATES,hsbc.com,https://commons.wikimedia.org/wiki/File:HSBC_logo_(2018).svg
552566,MASTERCARD,CREDIT,CORPORATE,COMMERCIAL INTERNATIONAL BANK (EGYPT) S.A.E.,971 - 4 - 3589381,http://www.cibeg.com,EG,EGY,EGYPT,cibeg.com,https://commons.wikimedia.org/wiki/File:CIB_Logo.svg
552577,MASTERCARD,CREDIT,CORPORATE EXECUTIVE,FIRST ABU DHABI BANK PJSC,+971600525500,https://www.bankfab.com,AE,ARE,UNITED ARAB EMIRATES,bankfab.com,https://commons.wikimedia.org/wiki/File:First_Abu_Dhabi_Bank_Logo.svg
552601,MASTERCARD,DEBIT,WORLD ELITE,COMMERCIAL BANK OF DUBAI,+97126268400,http://www.cbd.ae,AE,ARE,UNITED ARAB EMIRATES,cbd.ae,https://commons.wikimedia.org/wiki/File:Commercial_Bank_of_Dubai_logo.svg
552719,MASTERCARD,CREDIT,PLATINUM,NATIONAL BANK OF EGYPT,,http://www.nbe.com.eg,EG,EGY,EGYPT,nbe.com.eg,https://commons.wikimedia.org/wiki/File:National_Bank_of_Egypt_Logo.svg
552745,MASTERCARD,CREDIT,PLATINUM,MIDDLE EAST PAYMENT SERVICES LIMITED CO.,,,JO,JOR,JORDAN,meps.com.jo,https://img.logo.dev/meps.com.jo?format=png&size=400
552778,MASTERCARD,CREDIT,CORPORATE,MASHREQ BANK,+97143632250,http://www.mashreqbank.com,AE,ARE,UNITED ARAB EMIRATES,mashreqbank.com,https://commons.wikimedia.org/wiki/File:Mashreq_bank_logo.svg
552785,MASTERCARD,CREDIT,CORPORATE,ARAB FINANCIAL SERVICES COMPANY B.S.C. (C),,,BH,BHR,BAHRAIN,afs.com.bh,https://img.logo.dev/afs.com.bh?format=png&size=400
552820,MASTERCARD,DEBIT,STANDARD,KUWAIT FINANCE HOUSE K.S.C.,+9651803333,http://www.kfh.com,KW,KWT,KUWAIT,financehouse.ae,https://img.logo.dev/financehouse.ae?format=png&size=400
552868,MASTERCARD,CREDIT,BUSINESS,AREEBA S.A.L,,,LB,LBN,LEBANON,areeba.com,https://img.logo.dev/areeba.com?format=png&size=400
552913,MASTERCARD,CREDIT,CORPORATE PURCHASING,HSBC BANK MIDDLE EAST,+974 4441 6663 A851+A851,http://www.hsbc.ae,QA,QAT,QATAR,hsbc.com,https://commons.wikimedia.org/wiki/File:HSBC_logo_(2018).svg
552916,MASTERCARD,CREDIT,CORPORATE PURCHASING,HSBC BANK EGYPT,+20235359700,http://www.hsbc.com.eg,EG,EGY,EGYPT,hsbc.com,https://commons.wikimedia.org/wiki/File:HSBC_logo_(2018).svg
552918,MASTERCARD,CREDIT,CORPORATE PURCHASING,"CITIBANK, N.A.",,https://www.citi.com,EG,EGY,EGYPT,citibank.com,https://commons.wikimedia.org/wiki/File:Citibank.svg
552919,MASTERCARD,CREDIT,CORPORATE PURCHASING,"CITIBANK, N.A.",,https://www.citi.com,EG,EGY,EGYPT,citibank.com,https://commons.wikimedia.org/wiki/File:Citibank.svg
552921,MASTERCARD,CREDIT,CORPORATE PURCHASING,"CITIBANK, N.A.",,https://www.citi.com,EG,EGY,EGYPT,citibank.com,https://commons.wikimedia.org/wiki/File:Citibank.svg
552944,MASTERCARD,DEBIT,STANDARD,COMMERCIAL INTERNATIONAL BANK (EGYPT) S.A.E.,971 - 4 - 3589381,http://www.cibeg.com,EG,EGY,EGYPT,cibeg.com,https://commons.wikimedia.org/wiki/File:CIB_Logo.svg
552953,MASTERCARD,CREDIT,BUSINESS,SAUDI BRITISH BANK,,http://www.sabb.com,SA,SAU,SAUDI ARABIA,sab.com,https://commons.wikimedia.org/wiki/File:Saudi_Awwal_Bank_Logo.svg
553004,MASTERCARD,DEBIT,BUSINESS,ARAB PAYMENT SERVICES,,,IQ,IRQ,IRAQ,aps.iq,https://img.logo.dev/aps.iq?format=png&size=400
553070,MASTERCARD,DEBIT,PLATINUM,BANQUE MISR,+20223912150,http://www.banquemisr.com,EG,EGY,EGYPT,banquemisr.com,https://commons.wikimedia.org/wiki/File:Banque_Misr_logo.svg
553080,MASTERCARD,DEBIT,WORLD,NETWORK INTERNATIONAL LLC,,,AE,ARE,UNITED ARAB EMIRATES,network.ae,https://img.logo.dev/network.ae?format=png&size=400
553112,MASTERCARD,DEBIT,PREPAID RELOADABLE,MPOWER (INTERNAL ONLY),,,SA,SAU,SAUDI ARABIA,,
553117,MASTERCARD,CREDIT,BUSINESS,NATIONAL BANK OF RAS AL-KHAIMAH (RAKBANK),,,AE,ARE,UNITED ARAB EMIRATES,rakbank.ae,https://commons.wikimedia.org/wiki/File:Rakbank_logo.svg
553136,MASTERCARD,CREDIT,CORPORATE EXECUTIVE,BANK MUSCAT (SAOG),,,OM,OMN,OMAN,bankmuscat.com,https://commons.wikimedia.org/wiki/File:Bank_Muscat_logo.svg
553400,MASTERCARD,CREDIT,CORPORATE,BANK MUSCAT (SAOG),,,OM,OMN,OMAN,bankmuscat.com,https://commons.wikimedia.org/wiki/File:Bank_Muscat_logo.svg
553413,MASTERCARD,CREDIT,CORPORATE,NATIONAL BANK OF EGYPT,,http://www.nbe.com.eg,EG,EGY,EGYPT,nbe.com.eg,https://commons.wikimedia.org/wiki/File:National_Bank_of_Egypt_Logo.svg
553425,MASTERCARD,CREDIT,CORPORATE,CSCBANK SAL,,,LB,LBN,LEBANON,cscbank.com,https://img.logo.dev/cscbank.com?format=png&size=400
553428,MASTERCARD,CREDIT,STANDARD,"INTERNATIONAL CARD CO., LTD.",,http://www.kartee.com.jo,JO,JOR,JORDAN,kartee.com.jo,https://img.logo.dev/kartee.com.jo?format=png&size=400
553533,MASTERCARD,CREDIT,CORPORATE EXECUTIVE,ABU DHABI COMMERCIAL BANK,+97126962222,http://www.adcb.com,AE,ARE,UNITED ARAB EMIRATES,adcb.com,https://commons.wikimedia.org/wiki/File:Abu_Dhabi_Commercial_Bank_Logo.svg
553592,MASTERCARD,CREDIT,PLATINUM,BANQUE DU CAIRE,+20222648410,http://www.bdc.com.eg,EG,EGY,EGYPT,bdc.com.eg,https://commons.wikimedia.org/wiki/File:Banque_du_Caire_logo.svg
553593,MASTERCARD,CREDIT,CORPORATE,BANQUE DU CAIRE,+20222648410,http://www.bdc.com.eg,EG,EGY,EGYPT,bdc.com.eg,https://commons.wikimedia.org/wiki/File:Banque_du_Caire_logo.svg
553595,MASTERCARD,CREDIT,BUSINESS,AREEBA S.A.L,,,LB,LBN,LEBANON,areeba.com,https://img.logo.dev/areeba.com?format=png&size=400
553605,MASTERCARD,CREDIT,,"NATIONAL BANK OF DUBAI, LTD.",+971600540000,http://www.emiratesnbd.com,AE,ARE,UNITED ARAB EMIRATES,emiratesnbd.com,https://img.logo.dev/emiratesnbd.com?format=png&size=400
553750,MASTERCARD,CREDIT,PLATINUM,NETWORK INTERNATIONAL LLC,,,AE,ARE,UNITED ARAB EMIRATES,network.ae,https://img.logo.dev/network.ae?format=png&size=400
553767,MASTERCARD,DEBIT,PREPAID,NATIONAL BANK OF EGYPT,,http://www.nbe.com.eg,EG,EGY,EGYPT,nbe.com.eg,https://commons.wikimedia.org/wiki/File:National_Bank_of_Egypt_Logo.svg
553912,MASTERCARD,DEBIT,PREPAID BUSINESS,"MAX IT FINANCE, LTD.",,,IL,ISR,ISRAEL,max.co.il,https://commons.wikimedia.org/wiki/File:Max_It_Finance_logo.svg
553990,MASTERCARD,DEBIT,GOLD,NETWORK INTERNATIONAL LLC,,,AE,ARE,UNITED ARAB EMIRATES,network.ae,https://img.logo.dev/network.ae?format=png&size=400
554024,MASTERCARD,CREDIT,STANDARD,CAIRO AMMAN BANK PLC,,,JO,JOR,JORDAN,cab.jo,https://commons.wikimedia.org/wiki/File:Cairo_Amman_Bank_logo.svg
554134,MASTERCARD,DEBIT,WORLD,KUWAIT INTERNATIONAL BANK,+9651866866,http://www.kib.com.kw,KW,KWT,KUWAIT,kib.com.kw,https://commons.wikimedia.org/wiki/File:Kuwait_International_Bank_logo.svg
554162,MASTERCARD,DEBIT,WORLD ELITE,ABU DHABI COMMERCIAL BANK,+97126962222,http://www.adcb.com,AE,ARE,UNITED ARAB EMIRATES,adcb.com,https://commons.wikimedia.org/wiki/File:Abu_Dhabi_Commercial_Bank_Logo.svg
554166,MASTERCARD,DEBIT,PLATINUM,ABU DHABI COMMERCIAL BANK,+97126962222,http://www.adcb.com,AE,ARE,UNITED ARAB EMIRATES,adcb.com,https://commons.wikimedia.org/wiki/File:Abu_Dhabi_Commercial_Bank_Logo.svg
554180,MASTERCARD,DEBIT,WORLD ELITE,THE SAUDI NATIONAL BANK,,,SA,SAU,SAUDI ARABIA,alahli.com,https://commons.wikimedia.org/wiki/File:Saudi_National_Bank_Logo.svg
554273,MASTERCARD,DEBIT,PREPAID PLATINUM TRAVEL,WARBA BANK K.S.C,,,KW,KWT,KUWAIT,warbabank.com,https://commons.wikimedia.org/wiki/File:Warba_Bank_logo.svg
554287,MASTERCARD,DEBIT,PREPAID PLATINUM TRAVEL,ARAB FINANCIAL SERVICES COMPANY B.S.C. (C),,,BH,BHR,BAHRAIN,afs.com.bh,https://img.logo.dev/afs.com.bh?format=png&size=400
554298,MASTERCARD,CREDIT,CORPORATE,HSBC BANK EGYPT,+20235359700,http://www.hsbc.com.eg,EG,EGY,EGYPT,hsbc.com,https://commons.wikimedia.org/wiki/File:HSBC_logo_(2018).svg
554379,MASTERCARD,CREDIT,BUSINESS,HSBC BANK MIDDLE EAST,+97142241000,http://www.hsbc.ae,AE,ARE,UNITED ARAB EMIRATES,hsbc.com,https://commons.wikimedia.org/wiki/File:HSBC_logo_(2018).svg
554448,MASTERCARD,CREDIT,WORLD FOR BUSINESS,CSCBANK SAL,,,LB,LBN,LEBANON,cscbank.com,https://img.logo.dev/cscbank.com?format=png&size=400
554449,MASTERCARD,CREDIT,GOLD,CSCBANK S.A.L.,+9611871245,http://www.ccm.com.lb,LB,LBN,LEBANON,cscbank.com,https://img.logo.dev/cscbank.com?format=png&size=400
554450,MASTERCARD,CREDIT,STANDARD,CSCBANK S.A.L.,+9611871245,http://www.ccm.com.lb,LB,LBN,LEBANON,cscbank.com,https://img.logo.dev/cscbank.com?format=png&size=400
554451,MASTERCARD,CREDIT,GOLD,CSCBANK S.A.L.,+9611871245,http://www.ccm.com.lb,LB,LBN,LEBANON,cscbank.com,https://img.logo.dev/cscbank.com?format=png&size=400
554485,MASTERCARD,CREDIT,GOLD,BLC BANK S.A.L.,+9614727222 / +9611387000,http://www.blcbank.com,LB,LBN,LEBANON,blcbank.com,https://img.logo.dev/blcbank.com?format=png&size=400
554491,MASTERCARD,CREDIT,PLATINUM,DEEM FINANCE L.L.C.,,,AE,ARE,UNITED ARAB EMIRATES,deem.io,https://img.logo.dev/deem.io?format=png&size=400
554503,MASTERCARD,DEBIT,PREPAID RELOADABLE,AHLI UNITED BANK,+9651802000,http://www.ahliunited.com.kw,KW,KWT,KUWAIT,ahliunited.com,https://commons.wikimedia.org/wiki/File:Ahli_United_Bank_logo.svg
554516,MASTERCARD,CREDIT,STANDARD,BLC BANK S.A.L.,+9614727222 / +9611387000,http://www.blcbank.com,LB,LBN,LEBANON,blcbank.com,https://img.logo.dev/blcbank.com?format=png&size=400
554558,MASTERCARD,CREDIT,TITANIUM,CAIRO AMMAN BANK PLC,,,PS,PSE,"PALESTINIAN TERRITORY, OCCUPIED",cab.jo,https://commons.wikimedia.org/wiki/File:Cairo_Amman_Bank_logo.svg
554559,MASTERCARD,CREDIT,STANDARD,CSCBANK S.A.L.,+9611871245,http://www.ccm.com.lb,LB,LBN,LEBANON,cscbank.com,https://img.logo.dev/cscbank.com?format=png&size=400
554560,MASTERCARD,DEBIT,PREPAID,FRANSABANK SAL,,,LB,LBN,LEBANON,fransabank.com,https://commons.wikimedia.org/wiki/File:Fransabank_logo.svg
554575,MASTERCARD,CREDIT,PLATINUM,AL-RAJHI BANKING AND INVESTMENT CORPORATION,,,SA,SAU,SAUDI ARABIA,alrajhibank.com.sa,https://commons.wikimedia.org/wiki/File:Al_Rajhi_Bank_Logo.svg
554576,MASTERCARD,CREDIT,WORLD,"CITIBANK, N.A.",,https://www.citi.com,AE,ARE,UNITED ARAB EMIRATES,citibank.com,https://commons.wikimedia.org/wiki/File:Citibank.svg
554600,MASTERCARD,CREDIT,GOLD,CREDIT LIBANAIS S.A.L.,+9611900111,http://www.creditlibanais.com.lb,LB,LBN,LEBANON,creditlibanais.com,https://commons.wikimedia.org/wiki/File:Credit_Libanais_logo.svg
554604,MASTERCARD,DEBIT,PREPAID RELOADABLE,"IRAQ ELECTRONIC GATE FOR FINANCIAL SERVICES CO, LTD.",,,IQ,IRQ,IRAQ,qicard.net,https://commons.wikimedia.org/wiki/File:Qi_card_logo.svg
554605,MASTERCARD,CREDIT,GOLD,CSCBANK S.A.L.,+9611871245,http://www.ccm.com.lb,LB,LBN,LEBANON,cscbank.com,https://img.logo.dev/cscbank.com?format=png&size=400
554647,MASTERCARD,DEBIT,PREPAID RELOADABLE,MIDDLE EAST PAYMENT SERVICES LIMITED CO.,,,IQ,IRQ,IRAQ,meps.com.jo,https://img.logo.dev/meps.com.jo?format=png&size=400
554649,MASTERCARD,CREDIT,WORLD FOR BUSINESS,CREDIT CARD SERVICES JORDAN,,,JO,JOR,JORDAN,,
554682,MASTERCARD,DEBIT,PREPAID,CAIRO AMMAN BANK PLC,,,JO,JOR,JORDAN,cab.jo,https://commons.wikimedia.org/wiki/File:Cairo_Amman_Bank_logo.svg
554688,MASTERCARD,CREDIT,,BLOM BANK S.A.L.,(961-1) 738938 - 743300 OR (961-1) 372780 - 370830 - 373102,http://www.blom.com.lb,LB,LBN,LEBANON,blom.com.lb,https://commons.wikimedia.org/wiki/File:BLOM_Bank_logo.svg
554740,MASTERCARD,CREDIT,GOLD,NATIONAL BANK OF RAS AL-KHAIMAH (RAKBANK),,,AE,ARE,UNITED ARAB EMIRATES,rakbank.ae,https://commons.wikimedia.org/wiki/File:Rakbank_logo.svg
554757,MASTERCARD,CREDIT,STANDARD,CSCBANK S.A.L.,+9611871245,http://www.ccm.com.lb,LB,LBN,LEBANON,cscbank.com,https://img.logo.dev/cscbank.com?format=png&size=400
554907,MASTERCARD,CREDIT,,,,,AE,ARE,UNITED ARAB EMIRATES,,
554928,MASTERCARD,CREDIT,PLATINUM,AREEBA S.A.L,,,LB,LBN,LEBANON,areeba.com,https://img.logo.dev/areeba.com?format=png&size=400
554968,MASTERCARD,CREDIT,WORLD ELITE,THE NATIONAL BANK PLC,,,PS,PSE,"PALESTINIAN TERRITORY, OCCUPIED",tnb.ps,https://img.logo.dev/tnb.ps?format=png&size=400
554969,MASTERCARD,CREDIT,GOLD,AL BARAKA ISLAMIC BANK B.S.C. (CLOSED),,,BH,BHR,BAHRAIN,albaraka.bh,https://commons.wikimedia.org/wiki/File:Al_Baraka_Bank_logo.svg
555004,MASTERCARD,CREDIT,CORPORATE,HSBC BANK MIDDLE EAST,+97317569999,http://www.hsbc.ae,BH,BHR,BAHRAIN,hsbc.com,https://commons.wikimedia.org/wiki/File:HSBC_logo_(2018).svg
555007,MASTERCARD,CREDIT,CORPORATE,HSBC BANK MIDDLE EAST,+97317569999,http://www.hsbc.ae,BH,BHR,BAHRAIN,hsbc.com,https://commons.wikimedia.org/wiki/File:HSBC_logo_(2018).svg
555010,MASTERCARD,CREDIT,CORPORATE PURCHASING,"CITIBANK, N.A.",,https://www.citi.com,AE,ARE,UNITED ARAB EMIRATES,citibank.com,https://commons.wikimedia.org/wiki/File:Citibank.svg
555013,MASTERCARD,CREDIT,CORPORATE PURCHASING,HSBC BANK MIDDLE EAST,+97317569999,http://www.hsbc.ae,BH,BHR,BAHRAIN,hsbc.com,https://commons.wikimedia.org/wiki/File:HSBC_logo_(2018).svg
555015,MASTERCARD,CREDIT,CORPORATE,"CITIBANK, N.A.",,https://www.citi.com,AE,ARE,UNITED ARAB EMIRATES,citibank.com,https://commons.wikimedia.org/wiki/File:Citibank.svg
555035,MASTERCARD,CREDIT,CORPORATE,"CITIBANK, N.A.",,https://www.citi.com,AE,ARE,UNITED ARAB EMIRATES,citibank.com,https://commons.wikimedia.org/wiki/File:Citibank.svg
555041,MASTERCARD,CREDIT,CORPORATE PURCHASING,HSBC BANK MIDDLE EAST,+97142241000,http://www.hsbc.ae,AE,ARE,UNITED ARAB EMIRATES,hsbc.com,https://commons.wikimedia.org/wiki/File:HSBC_logo_(2018).svg
555044,MASTERCARD,CREDIT,,,,,AE,ARE,UNITED ARAB EMIRATES,,
555061,MASTERCARD,CREDIT,TITANIUM,ARAB FINANCIAL SERVICES COMPANY B.S.C. (C),,,BH,BHR,BAHRAIN,afs.com.bh,https://img.logo.dev/afs.com.bh?format=png&size=400
555075,MASTERCARD,CREDIT,CORPORATE,GULF INTERNATIONAL BANK BSC,,,AE,ARE,UNITED ARAB EMIRATES,gib.com,https://commons.wikimedia.org/wiki/File:Gulf_International_Bank_Logo.svg
555078,MASTERCARD,CREDIT,WORLD ELITE,BANQUE SAUDI FRANSI,966 1 289 9999 OR 966 1 874 4000,http://www.alfransi.com.sa,SA,SAU,SAUDI ARABIA,alfransi.com.sa,https://commons.wikimedia.org/wiki/File:Banque_Saudi_Fransi_Logo.svg
555218,MASTERCARD,CREDIT,CORPORATE PURCHASING,AREEBA S.A.L,,,LB,LBN,LEBANON,areeba.com,https://img.logo.dev/areeba.com?format=png&size=400
555265,MASTERCARD,CREDIT,CORPORATE PURCHASING,ABU DHABI COMMERCIAL BANK,+97126962222,http://www.adcb.com,AE,ARE,UNITED ARAB EMIRATES,adcb.com,https://commons.wikimedia.org/wiki/File:Abu_Dhabi_Commercial_Bank_Logo.svg
555267,MASTERCARD,CREDIT,WORLD ELITE,ARAB FINANCIAL SERVICES COMPANY B.S.C. (C),,,BH,BHR,BAHRAIN,afs.com.bh,https://img.logo.dev/afs.com.bh?format=png&size=400
555275,MASTERCARD,CREDIT,TITANIUM,BANK MUSCAT (SAOG),,,OM,OMN,OMAN,bankmuscat.com,https://commons.wikimedia.org/wiki/File:Bank_Muscat_logo.svg
555303,MASTERCARD,CREDIT,CORPORATE PURCHASING,WEX BANK,,http://www.wexinc.com,AE,ARE,UNITED ARAB EMIRATES,wexinc.com,https://img.logo.dev/wexinc.com?format=png&size=400
555305,MASTERCARD,CREDIT,CORPORATE PURCHASING,WEX BANK,,http://www.wexinc.com,AE,ARE,UNITED ARAB EMIRATES,wexinc.com,https://img.logo.dev/wexinc.com?format=png&size=400
555319,MASTERCARD,CREDIT,WORLD,MASRAF AL RAYAN,+97444253333,http://www.alrayan.com,QA,QAT,QATAR,alrayan.com,https://commons.wikimedia.org/wiki/File:Masraf_Al_Rayan_logo.svg
555322,MASTERCARD,CREDIT,CORPORATE PURCHASING,HSBC BANK MIDDLE EAST,+97142241000,http://www.hsbc.ae,AE,ARE,UNITED ARAB EMIRATES,hsbc.com,https://commons.wikimedia.org/wiki/File:HSBC_logo_(2018).svg
555324,MASTERCARD,CREDIT,PLATINUM,ARAB FINANCIAL SERVICES COMPANY B.S.C. (C),,,AE,ARE,UNITED ARAB EMIRATES,afs.com.bh,https://img.logo.dev/afs.com.bh?format=png&size=400
555339,MASTERCARD,DEBIT,WORLD ELITE,ARAB FINANCIAL SERVICES COMPANY B.S.C. (C),,,JO,JOR,JORDAN,afs.com.bh,https://img.logo.dev/afs.com.bh?format=png&size=400
555355,MASTERCARD,CREDIT,CORPORATE PURCHASING,HSBC BANK MIDDLE EAST,+974 4441 6663 A851+A851,http://www.hsbc.ae,QA,QAT,QATAR,hsbc.com,https://commons.wikimedia.org/wiki/File:HSBC_logo_(2018).svg
555377,MASTERCARD,CREDIT,CORPORATE PURCHASING,HSBC BANK MIDDLE EAST,+96880074722,http://www.hsbc.ae,OM,OMN,OMAN,hsbc.com,https://commons.wikimedia.org/wiki/File:HSBC_logo_(2018).svg
555412,MASTERCARD,CREDIT,CORPORATE EXECUTIVE,DUKHAN BANK Q.P.S.C.,,,QA,QAT,QATAR,dukhanbank.com,https://commons.wikimedia.org/wiki/File:Dukhan_Bank_logo.svg
555413,MASTERCARD,CREDIT,BUSINESS,BANK HAPOALIM B.M.,,,IL,ISR,ISRAEL,bankhapoalim.co.il,https://commons.wikimedia.org/wiki/File:Bank_Hapoalim_Logo.svg
555415,MASTERCARD,CREDIT,BUSINESS,ISRAEL CREDIT CARDS LTD.,,,IL,ISR,ISRAEL,cal-online.co.il,https://commons.wikimedia.org/wiki/File:Cal_Israel_Credit_Cards_logo.svg
555435,MASTERCARD,CREDIT,STANDARD,BANK HAPOALIM B.M.,,,IL,ISR,ISRAEL,bankhapoalim.co.il,https://commons.wikimedia.org/wiki/File:Bank_Hapoalim_Logo.svg
555444,MASTERCARD,CREDIT,WORLD,ISRACARD LTD.,,,IL,ISR,ISRAEL,isracard.co.il,https://commons.wikimedia.org/wiki/File:Isracard_logo.svg
555455,MASTERCARD,CREDIT,PLATINUM,ABU DHABI ISLAMIC BANK,,http://www.adib.ae,EG,EGY,EGYPT,adib.ae,https://commons.wikimedia.org/wiki/File:Abu_Dhabi_Islamic_Bank_Logo.svg
555475,MASTERCARD,CREDIT,BUSINESS,ISRACARD LTD.,,,IL,ISR,ISRAEL,isracard.co.il,https://commons.wikimedia.org/wiki/File:Isracard_logo.svg
555476,MASTERCARD,CREDIT,CORPORATE PURCHASING,DUKHAN BANK Q.P.S.C.,,,QA,QAT,QATAR,dukhanbank.com,https://commons.wikimedia.org/wiki/File:Dukhan_Bank_logo.svg
555479,MASTERCARD,DEBIT,PREPAID,COMMERCIAL BANK OF QATAR Q.S.C,,,QA,QAT,QATAR,cbq.qa,https://commons.wikimedia.org/wiki/File:Commercial_Bank_of_Qatar_Logo.svg
555484,MASTERCARD,CREDIT,STANDARD,ABU DHABI ISLAMIC BANK,,http://www.adib.ae,EG,EGY,EGYPT,adib.ae,https://commons.wikimedia.org/wiki/File:Abu_Dhabi_Islamic_Bank_Logo.svg
555486,MASTERCARD,CREDIT,BUSINESS,BANK HAPOALIM B.M.,,,IL,ISR,ISRAEL,bankhapoalim.co.il,https://commons.wikimedia.org/wiki/File:Bank_Hapoalim_Logo.svg
555489,MASTERCARD,CREDIT,BUSINESS,BANK LEUMI LE-ISRAEL BM,,,IL,ISR,ISRAEL,leumi.co.il,https://commons.wikimedia.org/wiki/File:Bank_Leumi_Logo.svg
555496,MASTERCARD,CREDIT,STANDARD,BANK HAPOALIM B.M.,,,IL,ISR,ISRAEL,bankhapoalim.co.il,https://commons.wikimedia.org/wiki/File:Bank_Hapoalim_Logo.svg
555517,MASTERCARD,CREDIT,B2B,ABU DHABI ISLAMIC BANK,,http://www.adib.ae,EG,EGY,EGYPT,adib.ae,https://commons.wikimedia.org/wiki/File:Abu_Dhabi_Islamic_Bank_Logo.svg
555521,MASTERCARD,DEBIT,PREPAID PLATINUM TRAVEL,YANA BANKING SERVICES COMPANY,,,IQ,IRQ,IRAQ,,
555534,MASTERCARD,CREDIT,CORPORATE WORLD,DUKHAN BANK Q.P.S.C.,,,QA,QAT,QATAR,dukhanbank.com,https://commons.wikimedia.org/wiki/File:Dukhan_Bank_logo.svg
555544,MASTERCARD,DEBIT,TITANIUM,NATIONAL BANK OF RAS AL-KHAIMAH (RAKBANK),,,AE,ARE,UNITED ARAB EMIRATES,rakbank.ae,https://commons.wikimedia.org/wiki/File:Rakbank_logo.svg
555550,MASTERCARD,CREDIT,WORLD,THE BANK OF JORDAN,,,PS,PSE,"PALESTINIAN TERRITORY, OCCUPIED",bankofjordan.com,https://commons.wikimedia.org/wiki/File:Bank_of_Jordan_logo.svg
555554,MASTERCARD,CREDIT,BUSINESS,BANK HAPOALIM B.M.,,,IL,ISR,ISRAEL,bankhapoalim.co.il,https://commons.wikimedia.org/wiki/File:Bank_Hapoalim_Logo.svg
555561,MASTERCARD,DEBIT,STANDARD,BANK HAPOALIM B.M.,,,IL,ISR,ISRAEL,bankhapoalim.co.il,https://commons.wikimedia.org/wiki/File:Bank_Hapoalim_Logo.svg
555567,MASTERCARD,CREDIT,WORLD,UNITED COMPANY FOR FINANCIAL SERVICES,,,SA,SAU,SAUDI ARABIA,tasheel-finance.com,https://img.logo.dev/tasheel-finance.com?format=png&size=400
555569,MASTERCARD,CREDIT,STANDARD,BANK LEUMI LE-ISRAEL BM,,,IL,ISR,ISRAEL,leumi.co.il,https://commons.wikimedia.org/wiki/File:Bank_Leumi_Logo.svg
555577,MASTERCARD,CREDIT,CORPORATE PURCHASING,QATAR ISLAMIC BANK,,,QA,QAT,QATAR,qib.com.qa,https://commons.wikimedia.org/wiki/File:Qatar_Islamic_Bank_Logo.svg
555578,MASTERCARD,CREDIT,BUSINESS,ISRAEL CREDIT CARDS LTD.,,,IL,ISR,ISRAEL,cal-online.co.il,https://commons.wikimedia.org/wiki/File:Cal_Israel_Credit_Cards_logo.svg
555582,MASTERCARD,CREDIT,STANDARD,BANK LEUMI LE-ISRAEL BM,,,IL,ISR,ISRAEL,leumi.co.il,https://commons.wikimedia.org/wiki/File:Bank_Leumi_Logo.svg
555594,MASTERCARD,CREDIT,STANDARD,BANK HAPOALIM B.M.,,,IL,ISR,ISRAEL,bankhapoalim.co.il,https://commons.wikimedia.org/wiki/File:Bank_Hapoalim_Logo.svg
555610,MASTERCARD,DEBIT,STANDARD,THE SAUDI NATIONAL BANK,,,SA,SAU,SAUDI ARABIA,alahli.com,https://commons.wikimedia.org/wiki/File:Saudi_National_Bank_Logo.svg
555614,MASTERCARD,CREDIT,CORPORATE PURCHASING,NATIONAL BANK OF RAS AL-KHAIMAH (RAKBANK),,,AE,ARE,UNITED ARAB EMIRATES,rakbank.ae,https://commons.wikimedia.org/wiki/File:Rakbank_logo.svg
555630,MASTERCARD,DEBIT,TITANIUM,NATIONAL BANK OF RAS AL-KHAIMAH (RAKBANK),,,AE,ARE,UNITED ARAB EMIRATES,rakbank.ae,https://commons.wikimedia.org/wiki/File:Rakbank_logo.svg
555650,MASTERCARD,CREDIT,STANDARD,ISRACARD LTD.,,,IL,ISR,ISRAEL,isracard.co.il,https://commons.wikimedia.org/wiki/File:Isracard_logo.svg
555669,MASTERCARD,DEBIT,STANDARD,AL-TAIF ISLAMIC BANK FOR INVESTMENT & FINANCE,,,IQ,IRQ,IRAQ,taifib.iq,https://img.logo.dev/taifib.iq?format=png&size=400
555677,MASTERCARD,CREDIT,CORPORATE PURCHASING,NATIONAL BANK OF RAS AL-KHAIMAH (RAKBANK),,,AE,ARE,UNITED ARAB EMIRATES,rakbank.ae,https://commons.wikimedia.org/wiki/File:Rakbank_logo.svg
555679,MASTERCARD,CREDIT,BUSINESS,BANK LEUMI LE-ISRAEL BM,,,IL,ISR,ISRAEL,leumi.co.il,https://commons.wikimedia.org/wiki/File:Bank_Leumi_Logo.svg
555680,MASTERCARD,CREDIT,STANDARD,ISRACARD LTD.,,,IL,ISR,ISRAEL,isracard.co.il,https://commons.wikimedia.org/wiki/File:Isracard_logo.svg
555693,MASTERCARD,CREDIT,STANDARD,ISRACARD LTD.,,,IL,ISR,ISRAEL,isracard.co.il,https://commons.wikimedia.org/wiki/File:Isracard_logo.svg
555696,MASTERCARD,DEBIT,STANDARD,INTERNATIONAL SMART CARD LLC,,,IQ,IRQ,IRAQ,qicard.net,https://commons.wikimedia.org/wiki/File:Qi_card_logo.svg
555697,MASTERCARD,CREDIT,WORLD,ISRACARD LTD.,,,IL,ISR,ISRAEL,isracard.co.il,https://commons.wikimedia.org/wiki/File:Isracard_logo.svg
555739,MASTERCARD,CREDIT,CORPORATE PURCHASING,DOHA BANK Q.S.C,,,QA,QAT,QATAR,dohabank.com,https://commons.wikimedia.org/wiki/File:Doha_Bank_logo.svg
555757,MASTERCARD,CREDIT,WORLD,BANK HAPOALIM B.M.,,,IL,ISR,ISRAEL,bankhapoalim.co.il,https://commons.wikimedia.org/wiki/File:Bank_Hapoalim_Logo.svg
555779,MASTERCARD,CREDIT,BUSINESS,ISRACARD LTD.,,,IL,ISR,ISRAEL,isracard.co.il,https://commons.wikimedia.org/wiki/File:Isracard_logo.svg
555804,MASTERCARD,CREDIT,WORLD BLACK,ISRAEL CREDIT CARDS LTD.,,,IL,ISR,ISRAEL,cal-online.co.il,https://commons.wikimedia.org/wiki/File:Cal_Israel_Credit_Cards_logo.svg
555818,MASTERCARD,DEBIT,STANDARD,ISRAEL CREDIT CARDS LTD.,,,IL,ISR,ISRAEL,cal-online.co.il,https://commons.wikimedia.org/wiki/File:Cal_Israel_Credit_Cards_logo.svg
555824,MASTERCARD,CREDIT,STANDARD,ISRACARD LTD.,,,IL,ISR,ISRAEL,isracard.co.il,https://commons.wikimedia.org/wiki/File:Isracard_logo.svg
555828,MASTERCARD,CREDIT,CORPORATE PURCHASING,NETWORK INTERNATIONAL LLC,,,AE,ARE,UNITED ARAB EMIRATES,network.ae,https://img.logo.dev/network.ae?format=png&size=400
555838,MASTERCARD,CREDIT,CORPORATE PURCHASING,WEX BANK,,http://www.wexinc.com,AE,ARE,UNITED ARAB EMIRATES,wexinc.com,https://img.logo.dev/wexinc.com?format=png&size=400
555853,MASTERCARD,CREDIT,WORLD,ARAB FINANCIAL SERVICES COMPANY B.S.C. (C),,,AE,ARE,UNITED ARAB EMIRATES,afs.com.bh,https://img.logo.dev/afs.com.bh?format=png&size=400
555866,MASTERCARD,CREDIT,WORLD,ISRAEL CREDIT CARDS LTD.,,,IL,ISR,ISRAEL,cal-online.co.il,https://commons.wikimedia.org/wiki/File:Cal_Israel_Credit_Cards_logo.svg
555883,MASTERCARD,DEBIT,PLATINUM,QATAR NATIONAL BANK,,http://www.qnb.com.qa,LB,LBN,LEBANON,qnb.com,https://commons.wikimedia.org/wiki/File:Qatar_National_Bank_Logo.svg
555885,MASTERCARD,DEBIT,WORLD,ARAB FINANCIAL SERVICES COMPANY B.S.C. (C),,,BH,BHR,BAHRAIN,afs.com.bh,https://img.logo.dev/afs.com.bh?format=png&size=400
555888,MASTERCARD,CREDIT,WORLD,ISRAEL CREDIT CARDS LTD.,,,IL,ISR,ISRAEL,cal-online.co.il,https://commons.wikimedia.org/wiki/File:Cal_Israel_Credit_Cards_logo.svg
555894,MASTERCARD,CREDIT,WORLD ELITE,QATAR ISLAMIC BANK,,,QA,QAT,QATAR,qib.com.qa,https://commons.wikimedia.org/wiki/File:Qatar_Islamic_Bank_Logo.svg
555897,MASTERCARD,CREDIT,BUSINESS,CREDIT LIBANAIS S.A.L.,+9611900111,http://www.creditlibanais.com.lb,LB,LBN,LEBANON,creditlibanais.com,https://commons.wikimedia.org/wiki/File:Credit_Libanais_logo.svg
555907,MASTERCARD,DEBIT,PREPAID PLATINUM TRAVEL,BANK DHOFAR SAOG,,,OM,OMN,OMAN,bankdhofar.com,https://commons.wikimedia.org/wiki/File:Bank_Dhofar_logo.svg
555922,MASTERCARD,DEBIT,STANDARD,"EGYPTIAN BANKS CO. FOR TECHNOLOGICAL ADVANCEMENT, S.A.E.",,,EG,EGY,EGYPT,ebc-egypt.com,https://img.logo.dev/ebc-egypt.com?format=png&size=400
555923,MASTERCARD,DEBIT,STANDARD,STATE BANK OF INDIA,,https://sbi.co.in,BH,BHR,BAHRAIN,sbi.co.in,https://commons.wikimedia.org/wiki/File:State_Bank_of_India_logo.svg
555926,MASTERCARD,DEBIT,STANDARD,ARAB FINANCIAL SERVICES COMPANY B.S.C. (C),,,BH,BHR,BAHRAIN,afs.com.bh,https://img.logo.dev/afs.com.bh?format=png&size=400
555929,MASTERCARD,DEBIT,STANDARD,STATE BANK OF INDIA,,https://sbi.co.in,BH,BHR,BAHRAIN,sbi.co.in,https://commons.wikimedia.org/wiki/File:State_Bank_of_India_logo.svg
555931,MASTERCARD,DEBIT,STANDARD,AL BARAKA ISLAMIC BANK B.S.C. (CLOSED),,,BH,BHR,BAHRAIN,albaraka.bh,https://commons.wikimedia.org/wiki/File:Al_Baraka_Bank_logo.svg
555932,MASTERCARD,DEBIT,PREPAID,QATAR NATIONAL BANK,+97444622724,http://www.qnb.com.qa,QA,QAT,QATAR,qnb.com,https://commons.wikimedia.org/wiki/File:Qatar_National_Bank_Logo.svg
555935,MASTERCARD,DEBIT,STANDARD,STATE BANK OF INDIA,,https://sbi.co.in,SA,SAU,SAUDI ARABIA,sbi.co.in,https://commons.wikimedia.org/wiki/File:State_Bank_of_India_logo.svg
555937,MASTERCARD,DEBIT,STANDARD,CSCBANK SAL,,,LB,LBN,LEBANON,cscbank.com,https://img.logo.dev/cscbank.com?format=png&size=400
555941,MASTERCARD,DEBIT,STANDARD,NETWORK INTERNATIONAL LLC,,,AE,ARE,UNITED ARAB EMIRATES,network.ae,https://img.logo.dev/network.ae?format=png&size=400
555943,MASTERCARD,CREDIT,STANDARD,CSCBANK S.A.L.,+9611871245,http://www.ccm.com.lb,LB,LBN,LEBANON,cscbank.com,https://img.logo.dev/cscbank.com?format=png&size=400
555944,MASTERCARD,DEBIT,STANDARD,HSBC BANK OMAN S.A.O.G,,,OM,OMN,OMAN,hsbc.com,https://commons.wikimedia.org/wiki/File:HSBC_logo_(2018).svg
555945,MASTERCARD,DEBIT,STANDARD,HSBC BANK OMAN S.A.O.G,,,OM,OMN,OMAN,hsbc.com,https://commons.wikimedia.org/wiki/File:HSBC_logo_(2018).svg
555948,MASTERCARD,DEBIT,STANDARD,HSBC BANK OMAN S.A.O.G,,,OM,OMN,OMAN,hsbc.com,https://commons.wikimedia.org/wiki/File:HSBC_logo_(2018).svg
555953,MASTERCARD,CREDIT,CORPORATE PURCHASING,BANK LEUMI LE-ISRAEL BM,,,IL,ISR,ISRAEL,leumi.co.il,https://commons.wikimedia.org/wiki/File:Bank_Leumi_Logo.svg
555965,MASTERCARD,DEBIT,STANDARD,ARAB FINANCIAL SERVICES COMPANY B.S.C. (C),,,JO,JOR,JORDAN,afs.com.bh,https://img.logo.dev/afs.com.bh?format=png&size=400
555985,MASTERCARD,CREDIT,CORPORATE PURCHASING,NETWORK INTERNATIONAL LLC,,,AE,ARE,UNITED ARAB EMIRATES,network.ae,https://img.logo.dev/network.ae?format=png&size=400
555987,MASTERCARD,CREDIT,CORPORATE PURCHASING,FIRST ABU DHABI BANK PJSC,+971600525500,https://www.bankfab.com,AE,ARE,UNITED ARAB EMIRATES,bankfab.com,https://commons.wikimedia.org/wiki/File:First_Abu_Dhabi_Bank_Logo.svg
556519,MASTERCARD,DEBIT,WORLD,"SUEZ CANAL BANK, S.A.E.",,,EG,EGY,EGYPT,scbank.com.eg,https://commons.wikimedia.org/wiki/File:Suez_Canal_Bank_logo.svg
556522,MASTERCARD,CREDIT,WORLD ELITE,NATIONAL BANK OF RAS AL-KHAIMAH (RAKBANK),,,AE,ARE,UNITED ARAB EMIRATES,rakbank.ae,https://commons.wikimedia.org/wiki/File:Rakbank_logo.svg
556528,MASTERCARD,CREDIT,WORLD,BANK HAPOALIM B.M.,,,IL,ISR,ISRAEL,bankhapoalim.co.il,https://commons.wikimedia.org/wiki/File:Bank_Hapoalim_Logo.svg
556550,MASTERCARD,CREDIT,CORPORATE WORLD,BAHRAIN ISLAMIC BANK B.S.C,,,BH,BHR,BAHRAIN,bisb.com,https://commons.wikimedia.org/wiki/File:BisB_logo.svg
556556,MASTERCARD,CREDIT,PLATINUM,NATIONAL BANK OF RAS AL-KHAIMAH (RAKBANK),,,AE,ARE,UNITED ARAB EMIRATES,rakbank.ae,https://commons.wikimedia.org/wiki/File:Rakbank_logo.svg
556569,MASTERCARD,CREDIT,WORLD,NATIONAL BANK OF RAS AL-KHAIMAH (RAKBANK),,,AE,ARE,UNITED ARAB EMIRATES,rakbank.ae,https://commons.wikimedia.org/wiki/File:Rakbank_logo.svg
556579,MASTERCARD,CREDIT,GOLD,SAUDI INVESTMENT BANK,,,SA,SAU,SAUDI ARABIA,saib.com.sa,https://commons.wikimedia.org/wiki/File:Saudi_Investment_Bank_Logo.svg
556588,MASTERCARD,CREDIT,TITANIUM,NATIONAL BANK OF RAS AL-KHAIMAH (RAKBANK),,,AE,ARE,UNITED ARAB EMIRATES,rakbank.ae,https://commons.wikimedia.org/wiki/File:Rakbank_logo.svg
556594,MASTERCARD,CREDIT,PLATINUM,"EUROPAY (EUROCARD) ISRAEL, LTD.",,,IL,ISR,ISRAEL,,
556613,MASTERCARD,CREDIT,CORPORATE,HSBC BANK MIDDLE EAST,+974 4441 6663 A851+A851,http://www.hsbc.ae,QA,QAT,QATAR,hsbc.com,https://commons.wikimedia.org/wiki/File:HSBC_logo_(2018).svg
556622,MASTERCARD,CREDIT,CORPORATE,SOCIETE GENERALE DE BANQUE AU LIBAN S.A.L.,1274477777,http://www.sgbl.com.lb,LB,LBN,LEBANON,sgbl.com.lb,https://commons.wikimedia.org/wiki/File:SGBL_logo.svg
556633,MASTERCARD,CREDIT,WORLD BUSINESS,FIRST ABU DHABI BANK PJSC,+20225204375,https://www.bankfab.com,EG,EGY,EGYPT,bankfab.com,https://commons.wikimedia.org/wiki/File:First_Abu_Dhabi_Bank_Logo.svg
556638,MASTERCARD,CREDIT,CORPORATE,AL AHLI BANK OF KUWAIT (K.S.C.),+96522312099,http://www.ahliunited.com.kw,KW,KWT,KUWAIT,eahli.com,https://commons.wikimedia.org/wiki/File:Al_Ahli_Bank_of_Kuwait_logo.svg
556675,MASTERCARD,CREDIT,CORPORATE WORLD,THE SAUDI NATIONAL BANK,,,SA,SAU,SAUDI ARABIA,alahli.com,https://commons.wikimedia.org/wiki/File:Saudi_National_Bank_Logo.svg
556676,MASTERCARD,CREDIT,CORPORATE,NATIONAL COMMERCIAL BANK,,,SA,SAU,SAUDI ARABIA,alahli.com,https://commons.wikimedia.org/wiki/File:Saudi_National_Bank_Logo.svg
557005,MASTERCARD,CREDIT,GOLD,FRANSABANK SAL,,,LB,LBN,LEBANON,fransabank.com,https://commons.wikimedia.org/wiki/File:Fransabank_logo.svg
557049,MASTERCARD,DEBIT,STANDARD,"IRAQ ELECTRONIC GATE FOR FINANCIAL SERVICES CO, LTD.",,,IQ,IRQ,IRAQ,qicard.net,https://commons.wikimedia.org/wiki/File:Qi_card_logo.svg
557063,MASTERCARD,DEBIT,PREPAID,CAIRO AMMAN BANK PLC,,,JO,JOR,JORDAN,cab.jo,https://commons.wikimedia.org/wiki/File:Cairo_Amman_Bank_logo.svg
557276,MASTERCARD,CREDIT,BUSINESS,ISRACARD LTD.,,,IL,ISR,ISRAEL,isracard.co.il,https://commons.wikimedia.org/wiki/File:Isracard_logo.svg
557313,MASTERCARD,DEBIT,PREPAID,BANQUE MISR,+20223912150,http://www.banquemisr.com,EG,EGY,EGYPT,banquemisr.com,https://commons.wikimedia.org/wiki/File:Banque_Misr_logo.svg
557579,MASTERCARD,DEBIT,PREPAID,AGRICULTURAL BANK EGYPT,,,EG,EGY,EGYPT,abe.com.eg,https://img.logo.dev/abe.com.eg?format=png&size=400
557587,MASTERCARD,DEBIT,WORLD,"CITIBANK, N.A.",,https://www.citi.com,AE,ARE,UNITED ARAB EMIRATES,citibank.com,https://commons.wikimedia.org/wiki/File:Citibank.svg
557600,MASTERCARD,DEBIT,PREPAID GOLD PAYROLL,FIRST ABU DHABI BANK PJSC,+971600525500,https://www.bankfab.com,AE,ARE,UNITED ARAB EMIRATES,bankfab.com,https://commons.wikimedia.org/wiki/File:First_Abu_Dhabi_Bank_Logo.svg
557601,MASTERCARD,CREDIT,TITANIUM,JORDAN KUWAIT BANK,,http://www.jordan-kuwait-bank.com,JO,JOR,JORDAN,jkb.com,https://commons.wikimedia.org/wiki/File:Jordan_Kuwait_Bank_logo.svg
557606,MASTERCARD,DEBIT,TITANIUM,ALAWWAL BANK,,,SA,SAU,SAUDI ARABIA,sab.com,https://commons.wikimedia.org/wiki/File:Saudi_Awwal_Bank_Logo.svg
557607,MASTERCARD,DEBIT,PLATINUM,COMMERCIAL INTERNATIONAL BANK (EGYPT) S.A.E.,971 - 4 - 3589381,http://www.cibeg.com,EG,EGY,EGYPT,cibeg.com,https://commons.wikimedia.org/wiki/File:CIB_Logo.svg
557611,MASTERCARD,DEBIT,PREPAID PLATINUM TRAVEL,BANQUE MISR,+20223912150,http://www.banquemisr.com,EG,EGY,EGYPT,banquemisr.com,https://commons.wikimedia.org/wiki/File:Banque_Misr_logo.svg
557616,MASTERCARD,DEBIT,PLATINUM,CSCBANK SAL,,,LB,LBN,LEBANON,cscbank.com,https://img.logo.dev/cscbank.com?format=png&size=400
557618,MASTERCARD,DEBIT,PLATINUM,CSCBANK SAL,,,LB,LBN,LEBANON,cscbank.com,https://img.logo.dev/cscbank.com?format=png&size=400
557620,MASTERCARD,CREDIT,,,,,SY,SYR,SYRIAN ARAB REPUBLIC,,
557623,MASTERCARD,CREDIT,,,,,SY,SYR,SYRIAN ARAB REPUBLIC,,
557624,MASTERCARD,DEBIT,PLATINUM,AREEBA S.A.L,,,JO,JOR,JORDAN,areeba.com,https://img.logo.dev/areeba.com?format=png&size=400
557628,MASTERCARD,DEBIT,PLATINUM,QATAR ISLAMIC BANK,,,QA,QAT,QATAR,qib.com.qa,https://commons.wikimedia.org/wiki/File:Qatar_Islamic_Bank_Logo.svg
557630,MASTERCARD,DEBIT,PLATINUM,BANQUE LIBANO - FRANCAISE SAL,,,LB,LBN,LEBANON,,
557647,MASTERCARD,CREDIT,WORLD BUSINESS,CAIRO AMMAN BANK PLC,,,JO,JOR,JORDAN,cab.jo,https://commons.wikimedia.org/wiki/File:Cairo_Amman_Bank_logo.svg
557649,MASTERCARD,DEBIT,BUSINESS,QATAR ISLAMIC BANK,,,QA,QAT,QATAR,qib.com.qa,https://commons.wikimedia.org/wiki/File:Qatar_Islamic_Bank_Logo.svg
557650,MASTERCARD,DEBIT,PREPAID,AGRICULTURAL BANK EGYPT,,,EG,EGY,EGYPT,abe.com.eg,https://img.logo.dev/abe.com.eg?format=png&size=400
557652,MASTERCARD,DEBIT,WORLD REWARDS,ABU DHABI COMMERCIAL BANK,+97126962222,http://www.adcb.com,AE,ARE,UNITED ARAB EMIRATES,adcb.com,https://commons.wikimedia.org/wiki/File:Abu_Dhabi_Commercial_Bank_Logo.svg
557653,MASTERCARD,DEBIT,PREPAID,SOCIETE ARABE INTERNATIONALE DE BANQUE,,,EG,EGY,EGYPT,abe.com.eg,https://img.logo.dev/abe.com.eg?format=png&size=400
557661,MASTERCARD,DEBIT,PLATINUM,FIRST ABU DHABI BANK PJSC,+971600525500,https://www.bankfab.com,AE,ARE,UNITED ARAB EMIRATES,bankfab.com,https://commons.wikimedia.org/wiki/File:First_Abu_Dhabi_Bank_Logo.svg
557666,MASTERCARD,DEBIT,PLATINUM,"EGYPTIAN BANKS CO. FOR TECHNOLOGICAL ADVANCEMENT, S.A.E.",,,EG,EGY,EGYPT,ebc-egypt.com,https://img.logo.dev/ebc-egypt.com?format=png&size=400
557668,MASTERCARD,DEBIT,STANDARD,AHLI UNITED BANK B.S.C.,+97317710559,http://www.ahliunited.com,BH,BHR,BAHRAIN,ahliunited.com,https://commons.wikimedia.org/wiki/File:Ahli_United_Bank_logo.svg
557670,MASTERCARD,DEBIT,STANDARD,JORDAN AHLI BANK,+96265007777,http://www.ahli.com,JO,JOR,JORDAN,ahlibank.com.jo,https://commons.wikimedia.org/wiki/File:Jordan_Ahli_Bank_logo.svg
557672,MASTERCARD,CREDIT,STANDARD,CREDIT LIBANAIS S.A.L.,+9611900111,http://www.creditlibanais.com.lb,LB,LBN,LEBANON,creditlibanais.com,https://commons.wikimedia.org/wiki/File:Credit_Libanais_logo.svg
557673,MASTERCARD,CREDIT,STANDARD,CSCBANK S.A.L.,+9611871245,http://www.ccm.com.lb,LB,LBN,LEBANON,cscbank.com,https://img.logo.dev/cscbank.com?format=png&size=400
557681,MASTERCARD,DEBIT,STANDARD,BLOM BANK SAL,,,LB,LBN,LEBANON,blom.com.lb,https://commons.wikimedia.org/wiki/File:BLOM_Bank_logo.svg
557685,MASTERCARD,DEBIT,PLATINUM,DUKHAN BANK Q.P.S.C.,,,QA,QAT,QATAR,dukhanbank.com,https://commons.wikimedia.org/wiki/File:Dukhan_Bank_logo.svg
557686,MASTERCARD,DEBIT,TITANIUM,DUKHAN BANK Q.P.S.C.,,,QA,QAT,QATAR,dukhanbank.com,https://commons.wikimedia.org/wiki/File:Dukhan_Bank_logo.svg
557690,MASTERCARD,DEBIT,STANDARD,MIDDLE EAST PAYMENT SERVICES LIMITED CO.,,,IQ,IRQ,IRAQ,meps.com.jo,https://img.logo.dev/meps.com.jo?format=png&size=400
557691,MASTERCARD,DEBIT,STANDARD,MIDDLE EAST PAYMENT SERVICES LIMITED CO.,,,IQ,IRQ,IRAQ,meps.com.jo,https://img.logo.dev/meps.com.jo?format=png&size=400
557699,MASTERCARD,DEBIT,PREPAID,MIDDLE EAST PAYMENT SERVICES LIMITED CO.,,,IQ,IRQ,IRAQ,meps.com.jo,https://img.logo.dev/meps.com.jo?format=png&size=400
557701,MASTERCARD,CREDIT,WORLD ELITE,QATAR ISLAMIC BANK,,,QA,QAT,QATAR,qib.com.qa,https://commons.wikimedia.org/wiki/File:Qatar_Islamic_Bank_Logo.svg
557718,MASTERCARD,DEBIT,WORLD ELITE,DUBAI ISLAMIC BANK PJSC,,,AE,ARE,UNITED ARAB EMIRATES,alislami.ae,https://commons.wikimedia.org/wiki/File:Dubai_Islamic_Bank_logo.svg
557732,MASTERCARD,CREDIT,WORLD BUSINESS,CREDIMAX BSC (CLOSED),,,BH,BHR,BAHRAIN,max.co.il,https://commons.wikimedia.org/wiki/File:Max_It_Finance_logo.svg
557754,MASTERCARD,DEBIT,STANDARD,INTERNATIONAL SMART CARD LLC,,,IQ,IRQ,IRAQ,qicard.net,https://commons.wikimedia.org/wiki/File:Qi_card_logo.svg
557757,MASTERCARD,DEBIT,PREPAID,CSCBANK S.A.L.,+9611871245,http://www.ccm.com.lb,LB,LBN,LEBANON,cscbank.com,https://img.logo.dev/cscbank.com?format=png&size=400
557760,MASTERCARD,DEBIT,STANDARD,CSCBANK SAL,,,LB,LBN,LEBANON,cscbank.com,https://img.logo.dev/cscbank.com?format=png&size=400
557773,MASTERCARD,DEBIT,STANDARD,FIRST IRAQI ISLAMIC BANK COMPANY FOR INVESTMENT AND FINANCE,,,IQ,IRQ,IRAQ,,
557778,MASTERCARD,CREDIT,STANDARD,FRANSABANK SAL,,,LB,LBN,LEBANON,fransabank.com,https://commons.wikimedia.org/wiki/File:Fransabank_logo.svg
557876,MASTERCARD,DEBIT,TITANIUM,BANQUE DU CAIRE,+20222648410,http://www.bdc.com.eg,EG,EGY,EGYPT,bdc.com.eg,https://commons.wikimedia.org/wiki/File:Banque_du_Caire_logo.svg
557925,MASTERCARD,CREDIT,TITANIUM,INTERNATIONAL SMART CARD LLC,,,IQ,IRQ,IRAQ,qicard.net,https://commons.wikimedia.org/wiki/File:Qi_card_logo.svg
557934,MASTERCARD,CREDIT,CORPORATE,HSBC BANK MIDDLE EAST,+97142241000,http://www.hsbc.ae,AE,ARE,UNITED ARAB EMIRATES,hsbc.com,https://commons.wikimedia.org/wiki/File:HSBC_logo_(2018).svg
557952,MASTERCARD,CREDIT,,BYBLOS BANK,,,SY,SYR,SYRIAN ARAB REPUBLIC,byblosbank.com,https://commons.wikimedia.org/wiki/File:Byblos_Bank_logo.svg
557989,MASTERCARD,CREDIT,WORLD ELITE,"CITIBANK, N.A.",,https://www.citi.com,AE,ARE,UNITED ARAB EMIRATES,citibank.com,https://commons.wikimedia.org/wiki/File:Citibank.svg
558085,MASTERCARD,DEBIT,BUSINESS,COMMERCIAL BANK OF DUBAI,+97126268400,http://www.cbd.ae,AE,ARE,UNITED ARAB EMIRATES,cbd.ae,https://commons.wikimedia.org/wiki/File:Commercial_Bank_of_Dubai_logo.svg
558219,MASTERCARD,DEBIT,TITANIUM,HOUSING & DEVELOPMENT BANK,,,EG,EGY,EGYPT,,
558283,MASTERCARD,CREDIT,BUSINESS,FRANSABANK SAL,,,LB,LBN,LEBANON,fransabank.com,https://commons.wikimedia.org/wiki/File:Fransabank_logo.svg
558319,MASTERCARD,DEBIT,PREPAID,SOCIETE ARABE INTERNATIONALE DE BANQUE,,,EG,EGY,EGYPT,abe.com.eg,https://img.logo.dev/abe.com.eg?format=png&size=400
558331,MASTERCARD,CREDIT,BUSINESS,"MAX IT FINANCE, LTD.",,,IL,ISR,ISRAEL,max.co.il,https://commons.wikimedia.org/wiki/File:Max_It_Finance_logo.svg
558352,MASTERCARD,CREDIT,BUSINESS,CAPITAL BANK OF JORDAN,,,JO,JOR,JORDAN,bankofjordan.com,https://commons.wikimedia.org/wiki/File:Bank_of_Jordan_logo.svg
558361,MASTERCARD,CREDIT,EXECUTIVE BUSINESS,JORDAN AHLI BANK,+96265007777,http://www.ahli.com,JO,JOR,JORDAN,ahlibank.com.jo,https://commons.wikimedia.org/wiki/File:Jordan_Ahli_Bank_logo.svg
558500,MASTERCARD,DEBIT,PREPAID GOLD PAYROLL,CREDIT CARD SERVICES JORDAN,,,JO,JOR,JORDAN,,
558563,MASTERCARD,DEBIT,PREPAID RELOADABLE,RIYAD BANK,,http://www.riyadbank.com,SA,SAU,SAUDI ARABIA,riyadbank.com,https://commons.wikimedia.org/wiki/File:Riyad_Bank_logo.svg
558587,MASTERCARD,DEBIT,PLATINUM,ARAB AFRICAN INTERNATIONAL BANK,+20224886679,http://www.aaib.com,EG,EGY,EGYPT,aaib.com,https://commons.wikimedia.org/wiki/File:Arab_African_International_Bank_Logo.svg
558592,MASTERCARD,CREDIT,CORPORATE,EMIRATES NBD,+971800456,http://www.emiratesnbd.com,AE,ARE,UNITED ARAB EMIRATES,emiratesnbd.com,https://commons.wikimedia.org/wiki/File:Emirates_NBD_logo.svg
558597,MASTERCARD,CREDIT,BUSINESS,NETWORK INTERNATIONAL LLC,,,AE,ARE,UNITED ARAB EMIRATES,network.ae,https://img.logo.dev/network.ae?format=png&size=400
558698,MASTERCARD,DEBIT,PREPAID,NATIONAL BANK OF KUWAIT (S.A.K.),,,EG,EGY,EGYPT,nbk.com,https://commons.wikimedia.org/wiki/File:National_Bank_of_Kuwait_logo.svg
558708,MASTERCARD,CREDIT,CORPORATE,HSBC BANK EGYPT,+20235359700,http://www.hsbc.com.eg,EG,EGY,EGYPT,hsbc.com,https://commons.wikimedia.org/wiki/File:HSBC_logo_(2018).svg
558710,MASTERCARD,CREDIT,CORPORATE,HSBC BANK EGYPT,+20235359700,http://www.hsbc.com.eg,EG,EGY,EGYPT,hsbc.com,https://commons.wikimedia.org/wiki/File:HSBC_logo_(2018).svg
558711,MASTERCARD,CREDIT,CORPORATE,HSBC BANK EGYPT,+20235359700,http://www.hsbc.com.eg,EG,EGY,EGYPT,hsbc.com,https://commons.wikimedia.org/wiki/File:HSBC_logo_(2018).svg
558712,MASTERCARD,CREDIT,CORPORATE,HSBC BANK EGYPT,+20235359700,http://www.hsbc.com.eg,EG,EGY,EGYPT,hsbc.com,https://commons.wikimedia.org/wiki/File:HSBC_logo_(2018).svg
558724,MASTERCARD,CREDIT,CORPORATE,"CITIBANK, N.A.",,https://www.citi.com,AE,ARE,UNITED ARAB EMIRATES,citibank.com,https://commons.wikimedia.org/wiki/File:Citibank.svg
558750,MASTERCARD,DEBIT,PREPAID,ARAB FINANCIAL SERVICES COMPANY B.S.C. (C),,,BH,BHR,BAHRAIN,afs.com.bh,https://img.logo.dev/afs.com.bh?format=png&size=400
558802,MASTERCARD,CREDIT,CORPORATE EXECUTIVE,"CITIBANK, N.A.",,https://www.citi.com,AE,ARE,UNITED ARAB EMIRATES,citibank.com,https://commons.wikimedia.org/wiki/File:Citibank.svg
558811,MASTERCARD,CREDIT,CORPORATE EXECUTIVE,QATAR NATIONAL BANK,+97444622724,http://www.qnb.com.qa,QA,QAT,QATAR,qnb.com,https://commons.wikimedia.org/wiki/File:Qatar_National_Bank_Logo.svg
558820,MASTERCARD,CREDIT,STANDARD,FRANSABANK SAL,,,LB,LBN,LEBANON,fransabank.com,https://commons.wikimedia.org/wiki/File:Fransabank_logo.svg
558823,MASTERCARD,DEBIT,PREPAID RELOADABLE,RIYAD BANK,,http://www.riyadbank.com,SA,SAU,SAUDI ARABIA,riyadbank.com,https://commons.wikimedia.org/wiki/File:Riyad_Bank_logo.svg
558833,MASTERCARD,CREDIT,CORPORATE EXECUTIVE,QATAR NATIONAL BANK,+97444622724,http://www.qnb.com.qa,QA,QAT,QATAR,qnb.com,https://commons.wikimedia.org/wiki/File:Qatar_National_Bank_Logo.svg
558842,MASTERCARD,CREDIT,CORPORATE WORLD,QATAR NATIONAL BANK,+97444622724,http://www.qnb.com.qa,QA,QAT,QATAR,qnb.com,https://commons.wikimedia.org/wiki/File:Qatar_National_Bank_Logo.svg
558848,MASTERCARD,DEBIT,PLATINUM,ALAWWAL BANK,,,SA,SAU,SAUDI ARABIA,sab.com,https://commons.wikimedia.org/wiki/File:Saudi_Awwal_Bank_Logo.svg
558854,MASTERCARD,CREDIT,EXECUTIVE BUSINESS,ALAWWAL BANK,,,SA,SAU,SAUDI ARABIA,sab.com,https://commons.wikimedia.org/wiki/File:Saudi_Awwal_Bank_Logo.svg
558856,MASTERCARD,CREDIT,WORLD,ARAB FINANCIAL SERVICES COMPANY B.S.C. (C),,,BH,BHR,BAHRAIN,afs.com.bh,https://img.logo.dev/afs.com.bh?format=png&size=400
558871,MASTERCARD,CREDIT,CORPORATE,HSBC BANK MIDDLE EAST,+97142241000,http://www.hsbc.ae,AE,ARE,UNITED ARAB EMIRATES,hsbc.com,https://commons.wikimedia.org/wiki/File:HSBC_logo_(2018).svg
558872,MASTERCARD,CREDIT,CORPORATE,HSBC BANK MIDDLE EAST,+97142241000,http://www.hsbc.ae,AE,ARE,UNITED ARAB EMIRATES,hsbc.com,https://commons.wikimedia.org/wiki/File:HSBC_logo_(2018).svg
558873,MASTERCARD,CREDIT,CORPORATE WORLD,QATAR NATIONAL BANK,+97444622724,http://www.qnb.com.qa,QA,QAT,QATAR,qnb.com,https://commons.wikimedia.org/wiki/File:Qatar_National_Bank_Logo.svg
558875,MASTERCARD,CREDIT,WORLD BUSINESS,QATAR NATIONAL BANK,+97444622724,http://www.qnb.com.qa,QA,QAT,QATAR,qnb.com,https://commons.wikimedia.org/wiki/File:Qatar_National_Bank_Logo.svg
558878,MASTERCARD,CREDIT,CORPORATE EXECUTIVE,QATAR NATIONAL BANK,+97444622724,http://www.qnb.com.qa,QA,QAT,QATAR,qnb.com,https://commons.wikimedia.org/wiki/File:Qatar_National_Bank_Logo.svg
558883,MASTERCARD,CREDIT,EXECUTIVE BUSINESS,NATIONAL BANK OF KUWAIT (S.A.K.),,,KW,KWT,KUWAIT,nbk.com,https://commons.wikimedia.org/wiki/File:National_Bank_of_Kuwait_logo.svg
558889,MASTERCARD,DEBIT,GOLD,NETWORK INTERNATIONAL LLC,,,AE,ARE,UNITED ARAB EMIRATES,network.ae,https://img.logo.dev/network.ae?format=png&size=400
558947,MASTERCARD,CREDIT,EXECUTIVE BUSINESS,ALIZZ ISLAMIC BANK SAOG,,,OM,OMN,OMAN,alizzislamic.com,https://img.logo.dev/alizzislamic.com?format=png&size=400
558969,MASTERCARD,CREDIT,STANDARD,CAIRO AMMAN BANK PLC,,,PS,PSE,"PALESTINIAN TERRITORY, OCCUPIED",cab.jo,https://commons.wikimedia.org/wiki/File:Cairo_Amman_Bank_logo.svg
559071,MASTERCARD,DEBIT,BUSINESS,NATIONAL BANK OF OMAN (SAOG),,,OM,OMN,OMAN,nbo.om,https://commons.wikimedia.org/wiki/File:National_Bank_of_Oman_logo.svg
559093,MASTERCARD,DEBIT,PREPAID PLATINUM TRAVEL,"IRAQ ELECTRONIC GATE FOR FINANCIAL SERVICES CO, LTD.",,,IQ,IRQ,IRAQ,qicard.net,https://commons.wikimedia.org/wiki/File:Qi_card_logo.svg
559163,MASTERCARD,CREDIT,WORLD,FINANCE HOUSE L.L.C.,,,AE,ARE,UNITED ARAB EMIRATES,financehouse.ae,https://img.logo.dev/financehouse.ae?format=png&size=400
559189,MASTERCARD,DEBIT,STANDARD,"IRAQ ELECTRONIC GATE FOR FINANCIAL SERVICES CO, LTD.",,,IQ,IRQ,IRAQ,qicard.net,https://commons.wikimedia.org/wiki/File:Qi_card_logo.svg
559234,MASTERCARD,CREDIT,CORPORATE WORLD,ABU DHABI COMMERCIAL BANK,+97126962222,http://www.adcb.com,AE,ARE,UNITED ARAB EMIRATES,adcb.com,https://commons.wikimedia.org/wiki/File:Abu_Dhabi_Commercial_Bank_Logo.svg
559254,MASTERCARD,CREDIT,BUSINESS,ABU DHABI ISLAMIC BANK,,http://www.adib.ae,EG,EGY,EGYPT,adib.ae,https://commons.wikimedia.org/wiki/File:Abu_Dhabi_Islamic_Bank_Logo.svg
559286,MASTERCARD,DEBIT,PREPAID PLATINUM TRAVEL,NATIONAL BANK OF KUWAIT (S.A.K.),,,KW,KWT,KUWAIT,nbk.com,https://commons.wikimedia.org/wiki/File:National_Bank_of_Kuwait_logo.svg
559303,MASTERCARD,CREDIT,WORLD,CSCBANK SAL,,,LB,LBN,LEBANON,cscbank.com,https://img.logo.dev/cscbank.com?format=png&size=400
559307,MASTERCARD,CREDIT,WORLD,QATAR NATIONAL BANK,,http://www.qnb.com.qa,KW,KWT,KUWAIT,qnb.com,https://commons.wikimedia.org/wiki/File:Qatar_National_Bank_Logo.svg
559308,MASTERCARD,CREDIT,WORLD,QATAR NATIONAL BANK,,http://www.qnb.com.qa,OM,OMN,OMAN,qnb.com,https://commons.wikimedia.org/wiki/File:Qatar_National_Bank_Logo.svg
559310,MASTERCARD,CREDIT,WORLD ELITE,QATAR NATIONAL BANK,+97444622724,http://www.qnb.com.qa,QA,QAT,QATAR,qnb.com,https://commons.wikimedia.org/wiki/File:Qatar_National_Bank_Logo.svg
559315,MASTERCARD,CREDIT,WORLD,CSCBANK SAL,,,LB,LBN,LEBANON,cscbank.com,https://img.logo.dev/cscbank.com?format=png&size=400
559320,MASTERCARD,CREDIT,WORLD,GULF BANK K.S.C.,,http://www.gulfbank.com,KW,KWT,KUWAIT,e-gulfbank.com,https://commons.wikimedia.org/wiki/File:Gulf_Bank_Kuwait_logo.svg
559322,MASTERCARD,CREDIT,WORLD ELITE,RIYAD BANK,,http://www.riyadbank.com,SA,SAU,SAUDI ARABIA,riyadbank.com,https://commons.wikimedia.org/wiki/File:Riyad_Bank_logo.svg
559324,MASTERCARD,CREDIT,WORLD,COMMERCIAL BANK OF KUWAIT S.A.K.,,,KW,KWT,KUWAIT,cbk.com,https://commons.wikimedia.org/wiki/File:Commercial_Bank_of_Kuwait_logo.svg
559328,MASTERCARD,CREDIT,WORLD,MAWARID FINANCE PJSC,,,AE,ARE,UNITED ARAB EMIRATES,,
559349,MASTERCARD,CREDIT,WORLD,ABU DHABI COMMERCIAL BANK,+97126962222,http://www.adcb.com,AE,ARE,UNITED ARAB EMIRATES,adcb.com,https://commons.wikimedia.org/wiki/File:Abu_Dhabi_Commercial_Bank_Logo.svg
559357,MASTERCARD,CREDIT,WORLD BUSINESS,COMMERCIAL BANK OF QATAR Q.S.C,,,QA,QAT,QATAR,cbq.qa,https://commons.wikimedia.org/wiki/File:Commercial_Bank_of_Qatar_Logo.svg
559358,MASTERCARD,DEBIT,TITANIUM,BANQUE MISR,+20223912150,http://www.banquemisr.com,EG,EGY,EGYPT,banquemisr.com,https://commons.wikimedia.org/wiki/File:Banque_Misr_logo.svg
559406,MASTERCARD,DEBIT,PLATINUM,NATIONAL BANK OF OMAN (SAOG),,,OM,OMN,OMAN,nbo.om,https://commons.wikimedia.org/wiki/File:National_Bank_of_Oman_logo.svg
559407,MASTERCARD,DEBIT,TITANIUM,NATIONAL BANK OF OMAN (SAOG),,,OM,OMN,OMAN,nbo.om,https://commons.wikimedia.org/wiki/File:National_Bank_of_Oman_logo.svg
559411,MASTERCARD,DEBIT,PLATINUM,CSCBANK S.A.L.,+9611871245,http://www.ccm.com.lb,LB,LBN,LEBANON,cscbank.com,https://img.logo.dev/cscbank.com?format=png&size=400
559418,MASTERCARD,DEBIT,PLATINUM,AHLI UNITED BANK B.S.C.,+97317710559,http://www.ahliunited.com,BH,BHR,BAHRAIN,ahliunited.com,https://commons.wikimedia.org/wiki/File:Ahli_United_Bank_logo.svg
559444,MASTERCARD,DEBIT,STANDARD,NATIONAL BANK OF EGYPT,,http://www.nbe.com.eg,EG,EGY,EGYPT,nbe.com.eg,https://commons.wikimedia.org/wiki/File:National_Bank_of_Egypt_Logo.svg
559459,MASTERCARD,DEBIT,STANDARD,WARBA BANK K.S.C,,,KW,KWT,KUWAIT,warbabank.com,https://commons.wikimedia.org/wiki/File:Warba_Bank_logo.svg
559461,MASTERCARD,DEBIT,PLATINUM,EMIRATES NATIONAL BANK OF DUBAI S.A.E,,,EG,EGY,EGYPT,emiratesnbd.com,https://commons.wikimedia.org/wiki/File:Emirates_NBD_logo.svg
559467,MASTERCARD,DEBIT,PLATINUM,FIRST ABU DHABI BANK PJSC,+20225204375,https://www.bankfab.com,EG,EGY,EGYPT,bankfab.com,https://commons.wikimedia.org/wiki/File:First_Abu_Dhabi_Bank_Logo.svg
559470,MASTERCARD,DEBIT,PLATINUM,INVESTBANK PLC,,,JO,JOR,JORDAN,investbank.jo,https://img.logo.dev/investbank.jo?format=png&size=400
559472,MASTERCARD,DEBIT,PLATINUM,KUWAIT INTERNATIONAL BANK,+9651866866,http://www.kib.com.kw,KW,KWT,KUWAIT,kib.com.kw,https://commons.wikimedia.org/wiki/File:Kuwait_International_Bank_logo.svg
559475,MASTERCARD,DEBIT,WORLD,GULF BANK K.S.C.,,http://www.gulfbank.com,KW,KWT,KUWAIT,e-gulfbank.com,https://commons.wikimedia.org/wiki/File:Gulf_Bank_Kuwait_logo.svg
559489,MASTERCARD,CREDIT,WORLD ELITE,MIDDLE EAST PAYMENT SERVICES LIMITED CO.,,,IQ,IRQ,IRAQ,meps.com.jo,https://img.logo.dev/meps.com.jo?format=png&size=400
559527,MASTERCARD,CREDIT,PLATINUM,WARBA BANK K.S.C,,,KW,KWT,KUWAIT,warbabank.com,https://commons.wikimedia.org/wiki/File:Warba_Bank_logo.svg
559539,MASTERCARD,CREDIT,WORLD ELITE,WARBA BANK K.S.C,,,KW,KWT,KUWAIT,warbabank.com,https://commons.wikimedia.org/wiki/File:Warba_Bank_logo.svg
559544,MASTERCARD,CREDIT,WORLD,FIRST ABU DHABI BANK PJSC,+971600525500,https://www.bankfab.com,AE,ARE,UNITED ARAB EMIRATES,bankfab.com,https://commons.wikimedia.org/wiki/File:First_Abu_Dhabi_Bank_Logo.svg
559553,MASTERCARD,CREDIT,WORLD,NETWORK INTERNATIONAL LLC,,,AE,ARE,UNITED ARAB EMIRATES,network.ae,https://img.logo.dev/network.ae?format=png&size=400
559559,MASTERCARD,CREDIT,WORLD,JORDAN ISLAMIC BANK CO.,,,JO,JOR,JORDAN,jordanislamicbank.com,https://commons.wikimedia.org/wiki/File:Jordan_Islamic_Bank_logo.svg
559560,MASTERCARD,CREDIT,TITANIUM,FIRST ABU DHABI BANK PJSC,+971600525500,https://www.bankfab.com,AE,ARE,UNITED ARAB EMIRATES,bankfab.com,https://commons.wikimedia.org/wiki/File:First_Abu_Dhabi_Bank_Logo.svg
559562,MASTERCARD,CREDIT,WORLD,ARAB BANK FOR INVESTMENT & FOREIGN TRADE,,,AE,ARE,UNITED ARAB EMIRATES,,
559563,MASTERCARD,CREDIT,WORLD,ARAB BANK FOR INVESTMENT & FOREIGN TRADE,,,AE,ARE,UNITED ARAB EMIRATES,,
559580,MASTERCARD,CREDIT,WORLD,NATIONAL BANK OF RAS AL-KHAIMAH (RAKBANK),,,AE,ARE,UNITED ARAB EMIRATES,rakbank.ae,https://commons.wikimedia.org/wiki/File:Rakbank_logo.svg
559582,MASTERCARD,CREDIT,WORLD,GULF BANK K.S.C.,,http://www.gulfbank.com,KW,KWT,KUWAIT,e-gulfbank.com,https://commons.wikimedia.org/wiki/File:Gulf_Bank_Kuwait_logo.svg
559583,MASTERCARD,CREDIT,WORLD ELITE,AHLI UNITED BANK B.S.C.,+97317710559,http://www.ahliunited.com,BH,BHR,BAHRAIN,ahliunited.com,https://commons.wikimedia.org/wiki/File:Ahli_United_Bank_logo.svg
559584,MASTERCARD,CREDIT,WORLD ELITE,AHLI UNITED BANK B.S.C.,+97317710559,http://www.ahliunited.com,BH,BHR,BAHRAIN,ahliunited.com,https://commons.wikimedia.org/wiki/File:Ahli_United_Bank_logo.svg
559592,MASTERCARD,CREDIT,WORLD FLEX,AHLI UNITED BANK B.S.C.,+97317710559,http://www.ahliunited.com,BH,BHR,BAHRAIN,ahliunited.com,https://commons.wikimedia.org/wiki/File:Ahli_United_Bank_logo.svg
559593,MASTERCARD,CREDIT,WORLD,KUWAIT INTERNATIONAL BANK,+9651866866,http://www.kib.com.kw,KW,KWT,KUWAIT,kib.com.kw,https://commons.wikimedia.org/wiki/File:Kuwait_International_Bank_logo.svg
559753,MASTERCARD,DEBIT,PLATINUM,ALIZZ ISLAMIC BANK SAOG,,,OM,OMN,OMAN,alizzislamic.com,https://img.logo.dev/alizzislamic.com?format=png&size=400
559757,MASTERCARD,DEBIT,PREPAID PLATINUM TRAVEL,TULAN BEST MARKETING COMPANY,,,JO,JOR,JORDAN,,
559797,MASTERCARD,DEBIT,BUSINESS,ARAB FINANCIAL SERVICES COMPANY B.S.C. (C),,,BH,BHR,BAHRAIN,afs.com.bh,https://img.logo.dev/afs.com.bh?format=png&size=400
559834,MASTERCARD,DEBIT,PREPAID GOLD PAYROLL,BANQUE MISR,+20223912150,http://www.banquemisr.com,EG,EGY,EGYPT,banquemisr.com,https://commons.wikimedia.org/wiki/File:Banque_Misr_logo.svg
559839,MASTERCARD,CREDIT,WORLD,ISRAEL CREDIT CARDS LTD.,,,IL,ISR,ISRAEL,cal-online.co.il,https://commons.wikimedia.org/wiki/File:Cal_Israel_Credit_Cards_logo.svg
559857,MASTERCARD,DEBIT,STANDARD,MIDDLE EAST PAYMENT SERVICES LIMITED CO.,,,IQ,IRQ,IRAQ,meps.com.jo,https://img.logo.dev/meps.com.jo?format=png&size=400
559873,MASTERCARD,CREDIT,BUSINESS,AREEBA S.A.L,,,LB,LBN,LEBANON,areeba.com,https://img.logo.dev/areeba.com?format=png&size=400
559891,MASTERCARD,CREDIT,PLATINUM,HOUSING & DEVELOPMENT BANK,,,EG,EGY,EGYPT,,
559894,MASTERCARD,CREDIT,WORLD BUSINESS,CREDIT LIBANAIS S.A.L.,+9611900111,http://www.creditlibanais.com.lb,LB,LBN,LEBANON,creditlibanais.com,https://commons.wikimedia.org/wiki/File:Credit_Libanais_logo.svg
559918,MASTERCARD,CREDIT,PLATINUM,NETWORK INTERNATIONAL LLC,,,AE,ARE,UNITED ARAB EMIRATES,network.ae,https://img.logo.dev/network.ae?format=png&size=400
559923,MASTERCARD,DEBIT,PREPAID,CAIRO AMMAN BANK PLC,,,JO,JOR,JORDAN,cab.jo,https://commons.wikimedia.org/wiki/File:Cairo_Amman_Bank_logo.svg
559930,MASTERCARD,DEBIT,PREPAID,WALL STREET EXCHANGE CENTER LLC,,,AE,ARE,UNITED ARAB EMIRATES,,
559938,MASTERCARD,DEBIT,PREPAID,CAIRO AMMAN BANK PLC,,,JO,JOR,JORDAN,cab.jo,https://commons.wikimedia.org/wiki/File:Cairo_Amman_Bank_logo.svg
559940,MASTERCARD,DEBIT,PLATINUM,AHLI BANK OF KUWAIT,,,EG,EGY,EGYPT,eahli.com,https://commons.wikimedia.org/wiki/File:Al_Ahli_Bank_of_Kuwait_logo.svg
559944,MASTERCARD,CREDIT,WORLD,CREDIMAX BSC (CLOSED),,,BH,BHR,BAHRAIN,max.co.il,https://commons.wikimedia.org/wiki/File:Max_It_Finance_logo.svg
559951,MASTERCARD,DEBIT,PREPAID,"IRAQ ELECTRONIC GATE FOR FINANCIAL SERVICES CO, LTD.",,,IQ,IRQ,IRAQ,qicard.net,https://commons.wikimedia.org/wiki/File:Qi_card_logo.svg
559977,MASTERCARD,CREDIT,PLATINUM,AREEBA S.A.L,,,LB,LBN,LEBANON,areeba.com,https://img.logo.dev/areeba.com?format=png&size=400
560201,MAESTRO,DEBIT,STANDARD,,,,EG,EGY,EGYPT,,
560253,MAESTRO,DEBIT,STANDARD,,,,IL,ISR,ISRAEL,,
560257,MAESTRO,DEBIT,STANDARD,,,,EG,EGY,EGYPT,,
560278,MAESTRO,DEBIT,STANDARD,,,,EG,EGY,EGYPT,,
562548,MAESTRO,DEBIT,STANDARD,,,,PS,PSE,"PALESTINIAN TERRITORY, OCCUPIED",,
563124,MAESTRO,DEBIT,STANDARD,,,,EG,EGY,EGYPT,,
563210,MAESTRO,DEBIT,STANDARD,,,,PS,PSE,"PALESTINIAN TERRITORY, OCCUPIED",,
563543,MAESTRO,DEBIT,,,,,AE,ARE,UNITED ARAB EMIRATES,,
563738,MAESTRO,DEBIT,STANDARD,,,,AE,ARE,UNITED ARAB EMIRATES,,
564147,MAESTRO,DEBIT,,STANDARD CHARTERED BANK,+96824773535,https://www.sc.com,OM,OMN,OMAN,sc.com,https://commons.wikimedia.org/wiki/File:Standard_Chartered_(2021).svg
564149,LOCAL BRAND,DEBIT,,STANDARD CHARTERED BANK,+97444248601,https://www.sc.com,QA,QAT,QATAR,sc.com,https://commons.wikimedia.org/wiki/File:Standard_Chartered_(2021).svg
564187,MAESTRO,DEBIT,STANDARD,,,,EG,EGY,EGYPT,,
564212,MAESTRO,DEBIT,STANDARD,,,,EG,EGY,EGYPT,,
564447,MAESTRO,DEBIT,STANDARD,,,,PS,PSE,"PALESTINIAN TERRITORY, OCCUPIED",,
564787,MAESTRO,DEBIT,STANDARD,,,,PS,PSE,"PALESTINIAN TERRITORY, OCCUPIED",,
566898,MAESTRO,DEBIT,STANDARD,,,,EG,EGY,EGYPT,,
567183,MAESTRO,DEBIT,STANDARD,,,,AE,ARE,UNITED ARAB EMIRATES,,
567387,MAESTRO,DEBIT,STANDARD,,,,EG,EGY,EGYPT,,
567497,MAESTRO,DEBIT,,,,,EG,EGY,EGYPT,,
567839,MAESTRO,DEBIT,,,,,JO,JOR,JORDAN,,
568756,MAESTRO,DEBIT,STANDARD,,,,IL,ISR,ISRAEL,,
568887,MAESTRO,DEBIT,STANDARD,,,,EG,EGY,EGYPT,,
569110,MAESTRO,DEBIT,STANDARD,,,,IL,ISR,ISRAEL,,
569655,MAESTRO,DEBIT,STANDARD,,,,EG,EGY,EGYPT,,
569856,MAESTRO,DEBIT,STANDARD,,,,EG,EGY,EGYPT,,
569872,MAESTRO,DEBIT,STANDARD,,,,PS,PSE,"PALESTINIAN TERRITORY, OCCUPIED",,
570445,MAESTRO,DEBIT,STANDARD,,,,IL,ISR,ISRAEL,,
570746,MAESTRO,DEBIT,STANDARD,MAESTRO INTERNATIONAL,,https://brand.mastercard.com,PS,PSE,"PALESTINIAN TERRITORY, OCCUPIED",mastercard.com,https://commons.wikimedia.org/wiki/File:Maestro_2016.svg
572542,MAESTRO,DEBIT,STANDARD,,,,AE,ARE,UNITED ARAB EMIRATES,,
574226,MAESTRO,DEBIT,STANDARD,MAESTRO INTERNATIONAL,,https://brand.mastercard.com,EG,EGY,EGYPT,mastercard.com,https://commons.wikimedia.org/wiki/File:Maestro_2016.svg
578694,MAESTRO,DEBIT,STANDARD,MAESTRO INTERNATIONAL,,https://brand.mastercard.com,PS,PSE,"PALESTINIAN TERRITORY, OCCUPIED",mastercard.com,https://commons.wikimedia.org/wiki/File:Maestro_2016.svg
578765,MAESTRO,DEBIT,STANDARD,,,,PS,PSE,"PALESTINIAN TERRITORY, OCCUPIED",,
579095,MAESTRO,DEBIT,,,,,AE,ARE,UNITED ARAB EMIRATES,,
579981,MAESTRO,DEBIT,STANDARD,MAESTRO INTERNATIONAL,,https://brand.mastercard.com,SA,SAU,SAUDI ARABIA,mastercard.com,https://commons.wikimedia.org/wiki/File:Maestro_2016.svg
579982,MAESTRO,DEBIT,STANDARD,MAESTRO INTERNATIONAL,,https://brand.mastercard.com,SA,SAU,SAUDI ARABIA,mastercard.com,https://commons.wikimedia.org/wiki/File:Maestro_2016.svg
579983,MAESTRO,DEBIT,STANDARD,MAESTRO INTERNATIONAL,,https://brand.mastercard.com,SA,SAU,SAUDI ARABIA,mastercard.com,https://commons.wikimedia.org/wiki/File:Maestro_2016.svg
579984,MAESTRO,DEBIT,STANDARD,MAESTRO INTERNATIONAL,,https://brand.mastercard.com,SA,SAU,SAUDI ARABIA,mastercard.com,https://commons.wikimedia.org/wiki/File:Maestro_2016.svg
579985,MAESTRO,DEBIT,STANDARD,MAESTRO INTERNATIONAL,,https://brand.mastercard.com,SA,SAU,SAUDI ARABIA,mastercard.com,https://commons.wikimedia.org/wiki/File:Maestro_2016.svg
579986,MAESTRO,DEBIT,STANDARD,MAESTRO INTERNATIONAL,,https://brand.mastercard.com,SA,SAU,SAUDI ARABIA,mastercard.com,https://commons.wikimedia.org/wiki/File:Maestro_2016.svg
579987,MAESTRO,DEBIT,STANDARD,MAESTRO INTERNATIONAL,,https://brand.mastercard.com,SA,SAU,SAUDI ARABIA,mastercard.com,https://commons.wikimedia.org/wiki/File:Maestro_2016.svg
580030,MAESTRO,DEBIT,,,,,IL,ISR,ISRAEL,,
580031,MAESTRO,DEBIT,,,,,IL,ISR,ISRAEL,,
580100,MAESTRO,DEBIT,,,,,IL,ISR,ISRAEL,,
580110,MAESTRO,DEBIT,,,,,IL,ISR,ISRAEL,,
580120,MAESTRO,DEBIT,,,,,IL,ISR,ISRAEL,,
580160,MAESTRO,DEBIT,,,,,IL,ISR,ISRAEL,,
580190,MAESTRO,DEBIT,,,,,IL,ISR,ISRAEL,,
580210,MAESTRO,DEBIT,,,,,IL,ISR,ISRAEL,,
580260,MAESTRO,DEBIT,,,,,IL,ISR,ISRAEL,,
580420,MAESTRO,DEBIT,,,,,IL,ISR,ISRAEL,,
580454,MAESTRO,DEBIT,STANDARD,MAESTRO INTERNATIONAL,,https://brand.mastercard.com,EG,EGY,EGYPT,mastercard.com,https://commons.wikimedia.org/wiki/File:Maestro_2016.svg
580960,MAESTRO,DEBIT,,,,,IL,ISR,ISRAEL,,
580980,MAESTRO,DEBIT,,,,,IL,ISR,ISRAEL,,
581454,MAESTRO,DEBIT,STANDARD,MAESTRO INTERNATIONAL,,https://brand.mastercard.com,AE,ARE,UNITED ARAB EMIRATES,mastercard.com,https://commons.wikimedia.org/wiki/File:Maestro_2016.svg
581455,MAESTRO,DEBIT,STANDARD,MAESTRO INTERNATIONAL,,https://brand.mastercard.com,KW,KWT,KUWAIT,mastercard.com,https://commons.wikimedia.org/wiki/File:Maestro_2016.svg
581802,MAESTRO,DEBIT,STANDARD,MAESTRO INTERNATIONAL,,https://brand.mastercard.com,PS,PSE,"PALESTINIAN TERRITORY, OCCUPIED",mastercard.com,https://commons.wikimedia.org/wiki/File:Maestro_2016.svg
581803,MAESTRO,DEBIT,STANDARD,MAESTRO INTERNATIONAL,,https://brand.mastercard.com,PS,PSE,"PALESTINIAN TERRITORY, OCCUPIED",mastercard.com,https://commons.wikimedia.org/wiki/File:Maestro_2016.svg
581804,MAESTRO,DEBIT,STANDARD,MAESTRO INTERNATIONAL,,https://brand.mastercard.com,PS,PSE,"PALESTINIAN TERRITORY, OCCUPIED",mastercard.com,https://commons.wikimedia.org/wiki/File:Maestro_2016.svg
581806,MAESTRO,DEBIT,STANDARD,MAESTRO INTERNATIONAL,,https://brand.mastercard.com,PS,PSE,"PALESTINIAN TERRITORY, OCCUPIED",mastercard.com,https://commons.wikimedia.org/wiki/File:Maestro_2016.svg
582134,MAESTRO,DEBIT,STANDARD,,,,PS,PSE,"PALESTINIAN TERRITORY, OCCUPIED",,
584503,MAESTRO,DEBIT,STANDARD,MAESTRO INTERNATIONAL,,https://brand.mastercard.com,EG,EGY,EGYPT,mastercard.com,https://commons.wikimedia.org/wiki/File:Maestro_2016.svg
585213,MAESTRO,DEBIT,STANDARD,MAESTRO INTERNATIONAL,,https://brand.mastercard.com,EG,EGY,EGYPT,mastercard.com,https://commons.wikimedia.org/wiki/File:Maestro_2016.svg
585265,LOCAL BRAND,DEBIT,,SAMBA FINANCIAL GROUP,+9668001242000,http://www.samba.com,SA,SAU,SAUDI ARABIA,alahli.com,https://commons.wikimedia.org/wiki/File:Saudi_National_Bank_Logo.svg
585685,MAESTRO,DEBIT,STANDARD,MAESTRO INTERNATIONAL,,https://brand.mastercard.com,SA,SAU,SAUDI ARABIA,mastercard.com,https://commons.wikimedia.org/wiki/File:Maestro_2016.svg
586739,MAESTRO,DEBIT,STANDARD,MAESTRO INTERNATIONAL,,https://brand.mastercard.com,IL,ISR,ISRAEL,mastercard.com,https://commons.wikimedia.org/wiki/File:Maestro_2016.svg
588216,MAESTRO,DEBIT,,,,,EG,EGY,EGYPT,,
588292,MAESTRO,DEBIT,,,,,SA,SAU,SAUDI ARABIA,,
588414,MAESTRO,DEBIT,STANDARD,,,,EG,EGY,EGYPT,,
588597,MAESTRO,DEBIT,STANDARD,,,,QA,QAT,QATAR,,
588790,LOCAL BRAND,DEBIT,,BANK OF BAHRAIN & KUWAIT,,,KW,KWT,KUWAIT,bbkonline.com,https://commons.wikimedia.org/wiki/File:BBK_logo.svg
588836,MAESTRO,DEBIT,STANDARD,,,,IL,ISR,ISRAEL,,
588838,LOCAL BRAND,DEBIT,,CITIBANK,+97143114000,https://www.citi.com.cn,AE,ARE,UNITED ARAB EMIRATES,citibank.com,https://commons.wikimedia.org/wiki/File:Citibank.svg
588845,LOCAL BRAND,DEBIT,,BANQUE SAUDI FRANSI,966 1 289 9999 OR 966 1 874 4000,http://www.alfransi.com.sa,SA,SAU,SAUDI ARABIA,alfransi.com.sa,https://commons.wikimedia.org/wiki/File:Banque_Saudi_Fransi_Logo.svg
588846,MAESTRO,DEBIT,,ALAWWAL BANK,,,SA,SAU,SAUDI ARABIA,sab.com,https://commons.wikimedia.org/wiki/File:Saudi_Awwal_Bank_Logo.svg
588847,MAESTRO,DEBIT,STANDARD,,,,SA,SAU,SAUDI ARABIA,,
588848,MAESTRO,DEBIT,,ARAB NATIONAL BANK,,,SA,SAU,SAUDI ARABIA,anb.com.sa,https://commons.wikimedia.org/wiki/File:Anb_new_logo.svg
588849,MAESTRO,DEBIT,,RIYAD BANK,,http://www.riyadbank.com,SA,SAU,SAUDI ARABIA,riyadbank.com,https://commons.wikimedia.org/wiki/File:Riyad_Bank_logo.svg
588850,MAESTRO,DEBIT,PERSONAL,NATIONAL COMMERCIAL BANK,96626464060,,SA,SAU,SAUDI ARABIA,alahli.com,https://commons.wikimedia.org/wiki/File:Saudi_National_Bank_Logo.svg
588851,MAESTRO,DEBIT,,,,,SA,SAU,SAUDI ARABIA,,
588982,MAESTRO,DEBIT,,SAMBA FINANCIAL GROUP,+9668001242000,http://www.samba.com,SA,SAU,SAUDI ARABIA,alahli.com,https://commons.wikimedia.org/wiki/File:Saudi_National_Bank_Logo.svg
588983,MAESTRO,DEBIT,,SAMBA FINANCIAL GROUP,+9668001242000,http://www.samba.com,SA,SAU,SAUDI ARABIA,alahli.com,https://commons.wikimedia.org/wiki/File:Saudi_National_Bank_Logo.svg
589005,MAESTRO,DEBIT,,SAMBA FINANCIAL GROUP,+9668001242000,http://www.samba.com,SA,SAU,SAUDI ARABIA,alahli.com,https://commons.wikimedia.org/wiki/File:Saudi_National_Bank_Logo.svg
589099,MAESTRO,DEBIT,STANDARD,,,,IL,ISR,ISRAEL,,
589128,LOCAL BRAND,DEBIT,,BANK SADERAT IRAN,,http://www.banksaderat.ae,AE,ARE,UNITED ARAB EMIRATES,banksaderat.ae,https://img.logo.dev/banksaderat.ae?format=png&size=400
589131,LOCAL BRAND,DEBIT,,BANK MELLI IRAN,,,AE,ARE,UNITED ARAB EMIRATES,,
589160,LOCAL BRAND,DEBIT,,NATIONAL BANK OF KUWAIT,,,KW,KWT,KUWAIT,nbk.com,https://commons.wikimedia.org/wiki/File:National_Bank_of_Kuwait_logo.svg
589163,LOCAL BRAND,DEBIT,,CITIBANK,+97317582484,https://www.citi.com.cn,BH,BHR,BAHRAIN,citibank.com,https://commons.wikimedia.org/wiki/File:Citibank.svg
589206,MAESTRO,DEBIT,,SAUDI INVESTMENT BANK,,,SA,SAU,SAUDI ARABIA,saib.com.sa,https://commons.wikimedia.org/wiki/File:Saudi_Investment_Bank_Logo.svg
589295,MAESTRO,DEBIT,,,,,EG,EGY,EGYPT,,
589344,MAESTRO,DEBIT,STANDARD,,,,KW,KWT,KUWAIT,,
589367,MAESTRO,DEBIT,,,,,JO,JOR,JORDAN,,
589453,MAESTRO,DEBIT,,,,,BH,BHR,BAHRAIN,,
589454,MAESTRO,DEBIT,,HSBC,,,OM,OMN,OMAN,hsbc.com,https://commons.wikimedia.org/wiki/File:HSBC_logo_(2018).svg
589455,MAESTRO,DEBIT,,HSBC MIDDLE EAST LTD.,,,QA,QAT,QATAR,hsbc.com,https://commons.wikimedia.org/wiki/File:HSBC_logo_(2018).svg
589456,MAESTRO,DEBIT,,HSBC BANK MIDDLE EAST,+97142241000,http://www.hsbc.ae,AE,ARE,UNITED ARAB EMIRATES,hsbc.com,https://commons.wikimedia.org/wiki/File:HSBC_logo_(2018).svg
589495,LOCAL BRAND,DEBIT,,AL AHLI BANK OF KUWAIT,,,AE,ARE,UNITED ARAB EMIRATES,eahli.com,https://commons.wikimedia.org/wiki/File:Al_Ahli_Bank_of_Kuwait_logo.svg
589674,MAESTRO,DEBIT,STANDARD,,,,EG,EGY,EGYPT,,
589681,MAESTRO,DEBIT,,,,,EG,EGY,EGYPT,,
589756,MAESTRO,DEBIT,,,,,AE,ARE,UNITED ARAB EMIRATES,,
589905,LOCAL BRAND,DEBIT,,FUTURE BANK,,,BH,BHR,BAHRAIN,,
590045,MAESTRO,DEBIT,,,,,IL,ISR,ISRAEL,,
594526,MAESTRO,CREDIT,BUSINESS,HSBC BANK EGYPT S.A.E,,,EG,EGY,EGYPT,hsbc.com,https://commons.wikimedia.org/wiki/File:HSBC_logo_(2018).svg
600989,MAESTRO,DEBIT,,,,,LB,LBN,LEBANON,,
601222,LOCAL BRAND,DEBIT,,BANK OF BARODA,,https://www.bankofbaroda.in,AE,ARE,UNITED ARAB EMIRATES,bankofbaroda.in,https://img.logo.dev/bankofbaroda.in?format=png&size=400
601355,LOCAL BRAND,DEBIT,,INVESTBANK,,,AE,ARE,UNITED ARAB EMIRATES,investbank.jo,https://img.logo.dev/investbank.jo?format=png&size=400
601722,LOCAL BRAND,DEBIT,,BANK MELLI IRAN,,,OM,OMN,OMAN,,
601742,MAESTRO,DEBIT,,,,,EG,EGY,EGYPT,,
601902,LOCAL BRAND,DEBIT,,ABU DHABI COMMERCIAL BANK,+97126962222,http://www.adcb.com,AE,ARE,UNITED ARAB EMIRATES,adcb.com,https://commons.wikimedia.org/wiki/File:Abu_Dhabi_Commercial_Bank_Logo.svg
601950,LOCAL BRAND,DEBIT,,BLOM BANK FRANCE,,,AE,ARE,UNITED ARAB EMIRATES,blom.com.lb,https://commons.wikimedia.org/wiki/File:BLOM_Bank_logo.svg
603111,MAESTRO,DEBIT,,,,,AE,ARE,UNITED ARAB EMIRATES,,
603302,LOCAL BRAND,DEBIT,ELECTRON,MASHREQ BANK,+97143632250,http://www.mashreqbank.com,AE,ARE,UNITED ARAB EMIRATES,mashreqbank.com,https://commons.wikimedia.org/wiki/File:Mashreq_bank_logo.svg
603353,MAESTRO,DEBIT,,,,,EG,EGY,EGYPT,,
604906,MAESTRO,DEBIT,,NATIONAL BANK OF BAHRAIN,,,SA,SAU,SAUDI ARABIA,nbbonline.com,https://commons.wikimedia.org/wiki/File:National_Bank_of_Bahrain_logo.svg
604933,LOCAL BRAND,DEBIT,,SAMBA,,,AE,ARE,UNITED ARAB EMIRATES,alahli.com,https://commons.wikimedia.org/wiki/File:Saudi_National_Bank_Logo.svg
605141,LOCAL BRAND,DEBIT,,SAUDI BRITISH BANK,,http://www.sabb.com,SA,SAU,SAUDI ARABIA,sab.com,https://commons.wikimedia.org/wiki/File:Saudi_Awwal_Bank_Logo.svg
610432,LOCAL BRAND,DEBIT,,HABIB BANK LTD.,,,AE,ARE,UNITED ARAB EMIRATES,,
610698,PRIVATE LABEL,DEBIT,,,,,EG,EGY,EGYPT,,
620079,CHINA UNION PAY,DEBIT,PREPAID,COMMERCIAL BANK OF DUBAI,+97126268400,http://www.cbd.ae,AE,ARE,UNITED ARAB EMIRATES,cbd.ae,https://commons.wikimedia.org/wiki/File:Commercial_Bank_of_Dubai_logo.svg
620091,CHINA UNION PAY,DEBIT,PREPAID,COMMERCIAL BANK OF DUBAI,+97126268400,http://www.cbd.ae,AE,ARE,UNITED ARAB EMIRATES,cbd.ae,https://commons.wikimedia.org/wiki/File:Commercial_Bank_of_Dubai_logo.svg
621234,CHINA UNION PAY,DEBIT,PERSONAL,CSC,,,LB,LBN,LEBANON,,
621617,CHINA UNION PAY,DEBIT,,INDUSTRIAL AND COMMERCIAL BANK OF CHINA,,http://www.icbc-ltd.com,EG,EGY,EGYPT,icbc-ltd.com,https://img.logo.dev/icbc-ltd.com?format=png&size=400
622016,LOCAL BRAND,DEBIT,,BANK SADERAT IRAN,,http://www.banksaderat.ae,QA,QAT,QATAR,banksaderat.ae,https://img.logo.dev/banksaderat.ae?format=png&size=400
622356,CHINA UNION PAY,CREDIT,CLASSIC,CSC,,,LB,LBN,LEBANON,,
623410,CHINA UNION PAY,DEBIT,PREPAID,INTERNATIONAL CARDS COMPANY JORDAN,,,JO,JOR,JORDAN,,
623411,CHINA UNION PAY,DEBIT,PREPAID BUSINESS,INTERNATIONAL CARDS COMPANY JORDAN,,,JO,JOR,JORDAN,,
623442,CHINA UNION PAY,DEBIT,,NOOR ISLAMIC BANK,+97144268888,,AE,ARE,UNITED ARAB EMIRATES,,
623469,CHINA UNION PAY,DEBIT,PREPAID,"COMMERCIAL BANK OF KUWAIT, SAK",,,KW,KWT,KUWAIT,cbk.com,https://commons.wikimedia.org/wiki/File:Commercial_Bank_of_Kuwait_logo.svg
623471,CHINA UNION PAY,DEBIT,PREPAID,AL HAIL ORIX FINANCE,,,AE,ARE,UNITED ARAB EMIRATES,,
623495,CHINA UNION PAY,DEBIT,,CSCBANK SAL,,,LB,LBN,LEBANON,cscbank.com,https://img.logo.dev/cscbank.com?format=png&size=400
624392,CHINA UNION PAY,CREDIT,PERSONAL,INTERNATIONAL CARDS COMPANY JORDAN,,,JO,JOR,JORDAN,,
624393,CHINA UNION PAY,CREDIT,BUSINESS,INTERNATIONAL CARDS COMPANY JORDAN,,,JO,JOR,JORDAN,,
624394,CHINA UNION PAY,CREDIT,PERSONAL,INTERNATIONAL CARDS COMPANY JORDAN,,,JO,JOR,JORDAN,,
624395,CHINA UNION PAY,CREDIT,PERSONAL,INTERNATIONAL CARDS COMPANY JORDAN,,,JO,JOR,JORDAN,,
624396,CHINA UNION PAY,CREDIT,BUSINESS,INTERNATIONAL CARDS COMPANY JORDAN,,,JO,JOR,JORDAN,,
624418,CHINA UNION PAY,CREDIT,PERSONAL,CREDIMAX B.S.C,,,BH,BHR,BAHRAIN,max.co.il,https://commons.wikimedia.org/wiki/File:Max_It_Finance_logo.svg
624433,CHINA UNION PAY,CREDIT,,,,,KW,KWT,KUWAIT,,
626202,CHINA UNION PAY,CREDIT,PERSONAL,AL HAIL ORIX FINANCE PSC,,,AE,ARE,UNITED ARAB EMIRATES,,
626228,CHINA UNION PAY,CREDIT,,,,,JO,JOR,JORDAN,,
626259,CHINA UNION PAY,CREDIT,,ALINMA BANK,,,SA,SAU,SAUDI ARABIA,alinma.com,https://commons.wikimedia.org/wiki/File:Alinma_Bank_logo.svg
626401,CHINA UNION PAY,CREDIT,BUSINESS,AL HAIL ORIX FINANCE PSC,,,AE,ARE,UNITED ARAB EMIRATES,,
627479,MAESTRO,DEBIT,PREPAID,MAXPOINTS CARD ISSUED BY CREDIMAX,,,BH,BHR,BAHRAIN,max.co.il,https://commons.wikimedia.org/wiki/File:Max_It_Finance_logo.svg
629161,CHINA UNION PAY,DEBIT,PREPAID,INTERNATIONAL CRADS COMPANY,,,JO,JOR,JORDAN,,
629223,CHINA UNION PAY,DEBIT,OTHER,BFC PAYMENTS B.S.C. (C),,,BH,BHR,BAHRAIN,,
629233,CHINA UNION PAY,DEBIT,OTHER,,,,IQ,IRQ,IRAQ,,
629272,CHINA UNION PAY,DEBIT,PREPAID BUSINESS,AL TAIL MONEY TRANSFER,,,IQ,IRQ,IRAQ,,
629279,CHINA UNION PAY,DEBIT,PREPAID BUSINESS,AL TAIF MONEY TRANSFER,,,IQ,IRQ,IRAQ,,
629290,CHINA UNION PAY,DEBIT,OTHER,,,,IQ,IRQ,IRAQ,,
636120,LOCAL BRAND,DEBIT,,AL BILAD BANK,9662918884,http://www.bankalbilad.com,SA,SAU,SAUDI ARABIA,bankalbilad.com,https://commons.wikimedia.org/wiki/File:Bank_Albilad_Logo.svg
636168,LOCAL BRAND,DEBIT,,EL NILEIN BANK,,,AE,ARE,UNITED ARAB EMIRATES,,
636406,MAESTRO,DEBIT,,,,,AE,ARE,UNITED ARAB EMIRATES,,
639174,MAESTRO,DEBIT,,,,,QA,QAT,QATAR,,
650008,DISCOVER,DEBIT,PREPAID,MERCURY,,,AE,ARE,UNITED ARAB EMIRATES,,
650053,DISCOVER,DEBIT,PREPAID,MERCURY,,,AE,ARE,UNITED ARAB EMIRATES,,
650054,DISCOVER,DEBIT,PREPAID,MERCURY,,,AE,ARE,UNITED ARAB EMIRATES,,
650055,DISCOVER,DEBIT,PREPAID,MERCURY,,,AE,ARE,UNITED ARAB EMIRATES,,
650056,DISCOVER,DEBIT,PREPAID,MERCURY,,,AE,ARE,UNITED ARAB EMIRATES,,
650167,DISCOVER,DEBIT,PREPAID,MERCURY,,,AE,ARE,UNITED ARAB EMIRATES,,
650168,DISCOVER,DEBIT,PREPAID,MERCURY,,,AE,ARE,UNITED ARAB EMIRATES,,
650169,DISCOVER,DEBIT,PREPAID,MERCURY,,,AE,ARE,UNITED ARAB EMIRATES,,
650401,DISCOVER,DEBIT,PREPAID,MERCURY,,,AE,ARE,UNITED ARAB EMIRATES,,
650445,DISCOVER,DEBIT,PREPAID,MERCURY,,,AE,ARE,UNITED ARAB EMIRATES,,
650446,DISCOVER,DEBIT,PREPAID,MERCURY,,,AE,ARE,UNITED ARAB EMIRATES,,
650447,DISCOVER,DEBIT,PREPAID,MERCURY,,,AE,ARE,UNITED ARAB EMIRATES,,
650448,DISCOVER,DEBIT,PREPAID,MERCURY,,,AE,ARE,UNITED ARAB EMIRATES,,
650449,DISCOVER,DEBIT,PREPAID,MERCURY,,,AE,ARE,UNITED ARAB EMIRATES,,
650450,DISCOVER,DEBIT,PREPAID,MERCURY,,,AE,ARE,UNITED ARAB EMIRATES,,
650451,DISCOVER,DEBIT,PREPAID,MERCURY,,,AE,ARE,UNITED ARAB EMIRATES,,
650483,DISCOVER,DEBIT,PREPAID,MERCURY,,,AE,ARE,UNITED ARAB EMIRATES,,
650819,DISCOVER,DEBIT,PREPAID,MERCURY,,,AE,ARE,UNITED ARAB EMIRATES,,
656001,DISCOVER,DEBIT,PREPAID,MERCURY,,,AE,ARE,UNITED ARAB EMIRATES,,
660651,MAESTRO,DEBIT,STANDARD,,,,EG,EGY,EGYPT,,
663726,MAESTRO,DEBIT,STANDARD,,,,IL,ISR,ISRAEL,,
664662,MAESTRO,DEBIT,STANDARD,,,,EG,EGY,EGYPT,,
668345,MAESTRO,DEBIT,STANDARD,,,,OM,OMN,OMAN,,
669869,MAESTRO,DEBIT,STANDARD,,,,LB,LBN,LEBANON,,
675141,MAESTRO,DEBIT,STANDARD,,,,QA,QAT,QATAR,,
675714,MAESTRO,DEBIT,STANDARD,,,,EG,EGY,EGYPT,,
676647,MAESTRO,DEBIT,,"MAX IT FINANCE, LTD.",,,IL,ISR,ISRAEL,max.co.il,https://commons.wikimedia.org/wiki/File:Max_It_Finance_logo.svg
676648,MAESTRO,DEBIT,,"MAX IT FINANCE, LTD.",,,IL,ISR,ISRAEL,max.co.il,https://commons.wikimedia.org/wiki/File:Max_It_Finance_logo.svg
676669,MAESTRO,DEBIT,,"ISRAEL CREDIT CARDS, LTD.",360-378-2265,http://www.cal-intl.com,IL,ISR,ISRAEL,cal-online.co.il,https://commons.wikimedia.org/wiki/File:Cal_Israel_Credit_Cards_logo.svg
676670,MAESTRO,DEBIT,,"ISRAEL CREDIT CARDS, LTD.",360-378-2265,http://www.cal-intl.com,IL,ISR,ISRAEL,cal-online.co.il,https://commons.wikimedia.org/wiki/File:Cal_Israel_Credit_Cards_logo.svg
676950,MAESTRO,DEBIT,,ISRACARD LTD.,,,IL,ISR,ISRAEL,isracard.co.il,https://commons.wikimedia.org/wiki/File:Isracard_logo.svg
678241,MAESTRO,DEBIT,STANDARD,,,,PS,PSE,"PALESTINIAN TERRITORY, OCCUPIED",,
678834,MAESTRO,DEBIT,STANDARD,,,,JO,JOR,JORDAN,,
680156,MAESTRO,DEBIT,STANDARD,,,,IL,ISR,ISRAEL,,
680568,MAESTRO,DEBIT,STANDARD,,,,EG,EGY,EGYPT,,
681878,MAESTRO,DEBIT,STANDARD,,,,EG,EGY,EGYPT,,
691597,MAESTRO,DEBIT,STANDARD,,,,EG,EGY,EGYPT,,
697361,MAESTRO,DEBIT,STANDARD,,,,LB,LBN,LEBANON,,
697829,MAESTRO,DEBIT,STANDARD,,,,EG,EGY,EGYPT,,
698113,MAESTRO,DEBIT,STANDARD,,,,IL,ISR,ISRAEL,,
698406,MAESTRO,DEBIT,STANDARD,,,,IL,ISR,ISRAEL,,
747000,LOCAL BRAND,DEBIT,PROPRIETARY ATM,,,,JO,JOR,JORDAN,,
900512,PRIVATE LABEL,DEBIT,PROPRIETARY,,,,OM,OMN,OMAN,,
900634,PRIVATE LABEL,DEBIT,PROPRIETARY,,,,QA,QAT,QATAR,,
900682,PRIVATE LABEL,DEBIT,PROPRIETARY,,,,SA,SAU,SAUDI ARABIA,,
900784,PRIVATE LABEL,DEBIT,PROPRIETARY,HSBC BANK MIDDLE EAST,+97142241000,http://www.hsbc.ae,AE,ARE,UNITED ARAB EMIRATES,hsbc.com,https://commons.wikimedia.org/wiki/File:HSBC_logo_(2018).svg
951200,PRIVATE LABEL,DEBIT,PROPRIETARY,HSBC,,,OM,OMN,OMAN,hsbc.com,https://commons.wikimedia.org/wiki/File:HSBC_logo_(2018).svg
963400,PRIVATE LABEL,DEBIT,PROPRIETARY,,,,QA,QAT,QATAR,,
968200,LOCAL BRAND,DEBIT,PROPRIETARY,,,,SA,SAU,SAUDI ARABIA,,
968201,LOCAL BRAND,DEBIT,PROPRIETARY,AL BILAD BANK,9662918884,http://www.bankalbilad.com,SA,SAU,SAUDI ARABIA,bankalbilad.com,https://commons.wikimedia.org/wiki/File:Bank_Albilad_Logo.svg
968202,LOCAL BRAND,DEBIT,PROPRIETARY,NATIONAL COMMERCIAL BANK,96626464060,,SA,SAU,SAUDI ARABIA,alahli.com,https://commons.wikimedia.org/wiki/File:Saudi_National_Bank_Logo.svg
968203,LOCAL BRAND,DEBIT,PROPRIETARY,ARAB NATIONAL BANK,,,SA,SAU,SAUDI ARABIA,anb.com.sa,https://commons.wikimedia.org/wiki/File:Anb_new_logo.svg
968204,LOCAL BRAND,DEBIT,PROPRIETARY,SAUDI BRITISH BANK,,http://www.sabb.com,SA,SAU,SAUDI ARABIA,sab.com,https://commons.wikimedia.org/wiki/File:Saudi_Awwal_Bank_Logo.svg
968205,LOCAL BRAND,DEBIT,PROPRIETARY,AL RAJHI BANKING & INV. CORP.,,,SA,SAU,SAUDI ARABIA,alrajhibank.com.sa,https://commons.wikimedia.org/wiki/File:Al_Rajhi_Bank_Logo.svg
968206,LOCAL BRAND,DEBIT,PROPRIETARY,ALINMA BANK,,,SA,SAU,SAUDI ARABIA,alinma.com,https://commons.wikimedia.org/wiki/File:Alinma_Bank_logo.svg
968207,LOCAL BRAND,DEBIT,PROPRIETARY,SAUDI INVESTMENT BANK,,,SA,SAU,SAUDI ARABIA,saib.com.sa,https://commons.wikimedia.org/wiki/File:Saudi_Investment_Bank_Logo.svg
968208,LOCAL BRAND,DEBIT,PROPRIETARY,BANQUE SAUDI FRANSI,966 1 289 9999 OR 966 1 874 4000,http://www.alfransi.com.sa,SA,SAU,SAUDI ARABIA,alfransi.com.sa,https://commons.wikimedia.org/wiki/File:Banque_Saudi_Fransi_Logo.svg
968209,LOCAL BRAND,DEBIT,PROPRIETARY,RIYAD BANK,,http://www.riyadbank.com,SA,SAU,SAUDI ARABIA,riyadbank.com,https://commons.wikimedia.org/wiki/File:Riyad_Bank_logo.svg
968210,LOCAL BRAND,DEBIT,PROPRIETARY,ALAWWAL BANK,,,SA,SAU,SAUDI ARABIA,sab.com,https://commons.wikimedia.org/wiki/File:Saudi_Awwal_Bank_Logo.svg
968211,LOCAL BRAND,DEBIT,PROPRIETARY,BANK AL-JAZIRA,,,SA,SAU,SAUDI ARABIA,,
978400,PRIVATE LABEL,DEBIT,PROPRIETARY,HSBC BANK MIDDLE EAST,+97142241000,http://www.hsbc.ae,AE,ARE,UNITED ARAB EMIRATES,hsbc.com,https://commons.wikimedia.org/wiki/File:HSBC_logo_(2018).svg
978450,LOCAL BRAND,DEBIT,,NATIONAL BANK OF BAHRAIN,,,AE,ARE,UNITED ARAB EMIRATES,nbbonline.com,https://commons.wikimedia.org/wiki/File:National_Bank_of_Bahrain_logo.svg
981870,LOCAL BRAND,DEBIT,,,,,EG,EGY,EGYPT,,
